{"initial_reset_timestamp": 1594741431.9172733, "timestamps": [1594741432.5273027, 1594741433.0722165, 1594741433.6395895, 1594741434.193177, 1594741441.8495424, 1594741442.3798926, 1594741443.1998558, 1594741443.702806, 1594741450.9386067, 1594741451.4758675, 1594741452.1212814, 1594741452.7143035, 1594741459.8710868, 1594741460.4178345, 1594741461.0776772, 1594741461.6378582, 1594741468.9795172, 1594741469.5929265, 1594741470.2019491, 1594741470.7978969, 1594741478.0598598, 1594741478.6028693, 1594741479.3077908, 1594741479.8699481, 1594741487.163148, 1594741487.7366815, 1594741488.3899064, 1594741488.9557447, 1594741496.380608, 1594741496.9352636, 1594741497.6930656, 1594741498.2839725, 1594741505.4943185, 1594741506.0652816, 1594741506.850628, 1594741507.3778453, 1594741514.7270176, 1594741515.3346357, 1594741516.0972235, 1594741516.6892593, 1594741523.961244, 1594741524.5562873, 1594741525.194222, 1594741525.7946746, 1594741533.2367535, 1594741533.7583945, 1594741534.5549946, 1594741535.1375124, 1594741542.2817178, 1594741542.8086326, 1594741543.8227243, 1594741544.3764958, 1594741551.7131133, 1594741552.3526442, 1594741552.9710197, 1594741553.548202, 1594741560.853539, 1594741561.4370143, 1594741562.2016819, 1594741562.8558276, 1594741570.1880767, 1594741570.9320507, 1594741571.685087, 1594741572.3479989, 1594741579.6594558, 1594741580.2286541, 1594741580.9514782, 1594741581.5298414, 1594741588.9138832, 1594741589.5052567, 1594741590.1720228, 1594741590.738005, 1594741598.257088, 1594741598.8510978, 1594741599.6335454, 1594741600.2357106, 1594741607.5325296, 1594741608.0892534, 1594741608.8472774, 1594741609.48211, 1594741616.8292365, 1594741617.438341, 1594741618.1631975, 1594741618.8226995, 1594741626.2554708, 1594741626.8687217, 1594741627.5423942, 1594741628.2032673, 1594741635.4695113, 1594741636.1133776, 1594741636.7356923, 1594741637.365014, 1594741644.8184958, 1594741645.3822687, 1594741646.1732478, 1594741646.7954173, 1594741654.0670106, 1594741654.705919, 1594741655.3894207, 1594741656.033991, 1594741663.2856777, 1594741663.926115, 1594741664.6186645, 1594741665.2500267, 1594741672.5357695, 1594741673.1292813, 1594741674.0588877, 1594741674.6504097, 1594741681.8893025, 1594741682.4953492, 1594741683.2556608, 1594741683.8236415, 1594741691.2597685, 1594741691.7826412, 1594741692.6192036, 1594741693.2472758, 1594741700.672492, 1594741701.2517402, 1594741702.106228, 1594741702.6689148, 1594741710.0046282, 1594741710.668703, 1594741711.4591131, 1594741712.1044455, 1594741719.2561038, 1594741719.8887203, 1594741720.8243566, 1594741721.4299805, 1594741728.7940853, 1594741729.3785484, 1594741730.1603525, 1594741730.8138256, 1594741738.0692508, 1594741738.7005334, 1594741739.4530463, 1594741740.101053, 1594741747.4557743, 1594741748.0273292, 1594741748.8414528, 1594741749.4890888, 1594741756.8904457, 1594741757.4487035, 1594741758.0807476, 1594741758.6621993, 1594741766.058371, 1594741766.7263467, 1594741767.4743958, 1594741768.0824401, 1594741775.411019, 1594741776.034054, 1594741776.8700128, 1594741777.474923, 1594741784.8136106, 1594741785.4246638, 1594741786.149648, 1594741786.8335369, 1594741794.1284957, 1594741794.717258, 1594741795.4186566, 1594741796.0377522, 1594741803.4484172, 1594741804.0045502, 1594741804.8417797, 1594741805.5144906, 1594741812.7347076, 1594741813.267457, 1594741814.1503377, 1594741814.74962, 1594741822.065626, 1594741822.6903412, 1594741823.3904965, 1594741824.0689662, 1594741831.5040042, 1594741832.0689726, 1594741832.8101285, 1594741833.3630028, 1594741840.6711373, 1594741841.283604, 1594741842.1073825, 1594741842.7175875, 1594741850.0370305, 1594741850.606042, 1594741851.4997144, 1594741852.1000793, 1594741859.417028, 1594741859.9500122, 1594741860.7961247, 1594741861.3965945, 1594741868.7283182, 1594741869.3401515, 1594741870.0806909, 1594741870.772551, 1594741878.085916, 1594741878.6704624, 1594741879.6505704, 1594741880.294879, 1594741887.6578028, 1594741888.2528863, 1594741889.0054007, 1594741889.6014574, 1594741896.778891, 1594741897.2929409, 1594741898.2772083, 1594741898.8536987, 1594741906.2857034, 1594741906.8998566, 1594741907.5898511, 1594741908.174082, 1594741915.392057, 1594741915.995813, 1594741916.7939026, 1594741917.4179986, 1594741924.573673, 1594741925.2510564, 1594741926.0225806, 1594741926.605258, 1594741934.0886862, 1594741934.6486657, 1594741935.2917182, 1594741935.8604248, 1594741943.3144007, 1594741943.854082, 1594741944.5992095, 1594741945.1591356, 1594741952.5554335, 1594741953.1696494, 1594741954.065023, 1594741954.6717694, 1594741961.920498, 1594741962.528642, 1594741963.2923517, 1594741963.9164565, 1594741971.154912, 1594741971.8897183, 1594741972.6167927, 1594741973.1363842, 1594741980.511254, 1594741981.2098143, 1594741981.9371579, 1594741982.5820513, 1594741989.9932399, 1594741990.5764177, 1594741991.416509, 1594741991.959606, 1594741999.349067, 1594741999.90907, 1594742000.6321523, 1594742001.2409687, 1594742008.6432405, 1594742009.2556477, 1594742010.1527758, 1594742010.7892358, 1594742017.9302146, 1594742018.560109, 1594742019.4756253, 1594742020.1329305, 1594742027.4542446, 1594742028.1028802, 1594742028.859204, 1594742029.4522018, 1594742037.0031998, 1594742037.5878315, 1594742038.4637003, 1594742039.0186317, 1594742046.3548615, 1594742047.022027, 1594742047.6927924, 1594742048.2573457, 1594742055.6176908, 1594742056.254471, 1594742056.9813592, 1594742057.6121938, 1594742064.976224, 1594742065.5209844, 1594742066.341798, 1594742066.887072, 1594742074.316993, 1594742074.9419837, 1594742075.713908, 1594742076.2367256, 1594742083.737605, 1594742084.3042753, 1594742085.199984, 1594742085.7969403, 1594742093.137581, 1594742093.7447355, 1594742094.5210903, 1594742095.0856984, 1594742102.1809278, 1594742102.788391, 1594742103.7396019, 1594742104.304668, 1594742111.5999906, 1594742112.215178, 1594742113.1158657, 1594742113.7823062, 1594742121.1098433, 1594742121.6575947, 1594742122.3514524, 1594742122.9551575, 1594742130.3240106, 1594742130.9863708, 1594742131.6159062, 1594742132.2213447, 1594742139.6999283, 1594742140.369955, 1594742141.1504898, 1594742141.7262173, 1594742149.1356308, 1594742149.7354743, 1594742150.4195263, 1594742150.9456882, 1594742158.3265085, 1594742158.8843653, 1594742159.7613897, 1594742160.3916066, 1594742167.8435578, 1594742168.4428508, 1594742169.1161785, 1594742169.745935, 1594742177.1041074, 1594742177.8402872, 1594742178.6263714, 1594742179.2972128, 1594742186.6650379, 1594742187.239131, 1594742188.0790465, 1594742188.6587439, 1594742196.0623832, 1594742196.6662304, 1594742197.2569983, 1594742197.876267, 1594742205.2535837, 1594742205.8731313, 1594742206.7158587, 1594742207.3827546, 1594742214.6221368, 1594742215.3109148, 1594742216.0769405, 1594742216.715521, 1594742224.0785098, 1594742224.6645856, 1594742225.3178506, 1594742225.947951, 1594742233.2473736, 1594742233.9018028, 1594742234.6992598, 1594742235.304656, 1594742242.6012568, 1594742243.269407, 1594742244.076422, 1594742244.675637, 1594742251.955974, 1594742252.6046262, 1594742253.2331965, 1594742253.8658545, 1594742261.1827579, 1594742261.7783413, 1594742262.520096, 1594742263.1859717, 1594742270.6323788, 1594742271.2480602, 1594742272.00543, 1594742272.6440773, 1594742279.8320093, 1594742280.4721453, 1594742281.2140825, 1594742281.842397, 1594742289.1430707, 1594742289.7550979, 1594742290.5739348, 1594742291.2727442, 1594742298.426312, 1594742299.140294, 1594742299.811966, 1594742300.386897, 1594742307.7173386, 1594742308.318023, 1594742309.101899, 1594742309.7255025, 1594742317.0560696, 1594742317.6803443, 1594742318.4490476, 1594742319.0571454, 1594742326.489465, 1594742327.0407224, 1594742327.9306808, 1594742328.5189908, 1594742335.7514682, 1594742336.477448, 1594742337.193892, 1594742337.8412848, 1594742345.3084195, 1594742345.973332, 1594742346.6641994, 1594742347.3478222, 1594742354.711635, 1594742355.297432, 1594742355.9877708, 1594742356.5767467],