{"initial_reset_timestamp": 1594741431.9173348, "timestamps": [1594741432.5166428, 1594741433.066808, 1594741433.6735337, 1594741434.1901112, 1594741441.932185, 1594741442.432962, 1594741443.1338742, 1594741443.6993184, 1594741450.8367949, 1594741451.3621573, 1594741452.102272, 1594741452.6113997, 1594741459.850246, 1594741460.4813213, 1594741461.0936422, 1594741461.6999626, 1594741468.9893138, 1594741469.4351127, 1594741470.210605, 1594741470.7307682, 1594741478.0043995, 1594741478.5817215, 1594741479.2638907, 1594741479.8008854, 1594741487.126681, 1594741487.7161832, 1594741488.4010587, 1594741488.9490504, 1594741496.3928082, 1594741497.0135028, 1594741497.605265, 1594741498.119158, 1594741505.4754112, 1594741506.1199777, 1594741506.861912, 1594741507.4486864, 1594741514.746311, 1594741515.2833169, 1594741516.1399093, 1594741516.6715038, 1594741523.983185, 1594741524.6338525, 1594741525.315871, 1594741525.923438, 1594741533.1532044, 1594741533.809821, 1594741534.494602, 1594741535.1122472, 1594741542.3794134, 1594741543.048103, 1594741543.810229, 1594741544.423255, 1594741551.695887, 1594741552.2788706, 1594741553.0476398, 1594741553.6309447, 1594741560.922873, 1594741561.5608582, 1594741562.2574704, 1594741562.8304532, 1594741570.118793, 1594741570.8721752, 1594741571.713789, 1594741572.2523174, 1594741579.6219666, 1594741580.2445467, 1594741580.9895883, 1594741581.619091, 1594741588.8622534, 1594741589.4835165, 1594741590.2071695, 1594741590.7755222, 1594741598.2064757, 1594741598.7858653, 1594741599.6813035, 1594741600.2705429, 1594741607.5140102, 1594741608.1287653, 1594741608.9076488, 1594741609.5423121, 1594741616.8569984, 1594741617.4648077, 1594741618.1816938, 1594741618.8223388, 1594741626.1568565, 1594741626.7855306, 1594741627.51388, 1594741628.072172, 1594741635.561531, 1594741636.1506407, 1594741636.8454711, 1594741637.385848, 1594741644.7754142, 1594741645.315565, 1594741646.1983807, 1594741646.8239996, 1594741654.1005511, 1594741654.624667, 1594741655.3167393, 1594741655.9126127, 1594741663.2768464, 1594741663.9233036, 1594741664.595834, 1594741665.278997, 1594741672.557107, 1594741673.1606956, 1594741673.9824185, 1594741674.570601, 1594741681.958302, 1594741682.5827367, 1594741683.3104877, 1594741683.9129305, 1594741691.2927604, 1594741691.9340575, 1594741692.682801, 1594741693.2682338, 1594741700.780194, 1594741701.4053273, 1594741702.0422032, 1594741702.6550298, 1594741710.1863396, 1594741710.7357645, 1594741711.4900632, 1594741712.0637913, 1594741719.2267654, 1594741719.8784, 1594741720.6241856, 1594741721.4029071, 1594741728.8523915, 1594741729.5049007, 1594741730.1614494, 1594741730.740988, 1594741738.2047877, 1594741738.7728126, 1594741739.5227914, 1594741740.1054826, 1594741747.3859649, 1594741748.0194552, 1594741748.8782973, 1594741749.4963818, 1594741756.8823133, 1594741757.482119, 1594741758.173127, 1594741758.7949061, 1594741766.1697083, 1594741766.7204328, 1594741767.400849, 1594741768.019679, 1594741775.408922, 1594741775.9662004, 1594741776.8525057, 1594741777.4908917, 1594741784.687031, 1594741785.2866857, 1594741786.1506417, 1594741786.8529258, 1594741794.1324728, 1594741794.745373, 1594741795.4324684, 1594741796.0733862, 1594741803.4833515, 1594741804.1178236, 1594741804.8626359, 1594741805.4731164, 1594741812.735677, 1594741813.3254988, 1594741814.2099779, 1594741814.7853196, 1594741822.0764177, 1594741822.6874537, 1594741823.4377787, 1594741824.0717926, 1594741831.423371, 1594741832.1229503, 1594741832.758698, 1594741833.3503237, 1594741840.6943932, 1594741841.343371, 1594741841.9657085, 1594741842.5378678, 1594741850.0332668, 1594741850.583644, 1594741851.4921513, 1594741852.077287, 1594741859.3910718, 1594741860.0049698, 1594741860.8423793, 1594741861.4804337, 1594741868.657606, 1594741869.324646, 1594741870.026767, 1594741870.61919, 1594741878.2478604, 1594741878.8671963, 1594741879.71034, 1594741880.2420034, 1594741887.6056223, 1594741888.1857998, 1594741888.9632301, 1594741889.597087, 1594741896.923272, 1594741897.4739988, 1594741898.197129, 1594741898.8310857, 1594741906.2245388, 1594741906.8731682, 1594741907.6924007, 1594741908.2201812, 1594741915.4650216, 1594741916.0979085, 1594741916.7678237, 1594741917.4007633, 1594741924.663883, 1594741925.1962698, 1594741925.933411, 1594741926.5677557, 1594741933.9903054, 1594741934.5926101, 1594741935.2495284, 1594741935.8568091, 1594741943.1935425, 1594741943.8629599, 1594741944.4755943, 1594741945.0587769, 1594741952.5455554, 1594741953.061249, 1594741954.010733, 1594741954.5226755, 1594741962.0112596, 1594741962.628542, 1594741963.3450847, 1594741963.9346066, 1594741971.1660516, 1594741971.7890112, 1594741972.6381602, 1594741973.1797566, 1594741980.545519, 1594741981.206491, 1594741982.0719125, 1594741982.6801229, 1594741990.0326738, 1594741990.6076553, 1594741991.2922692, 1594741991.8755372, 1594741999.233887, 1594741999.9387116, 1594742000.6038337, 1594742001.2105534, 1594742008.6441364, 1594742009.2878041, 1594742010.1155798, 1594742010.7815835, 1594742017.9908051, 1594742018.6568775, 1594742019.435693, 1594742020.0666716, 1594742027.3718097, 1594742028.0289667, 1594742028.8790991, 1594742029.4786143, 1594742036.9713843, 1594742037.5768816, 1594742038.4259107, 1594742039.0211246, 1594742046.3405337, 1594742046.9780972, 1594742047.726058, 1594742048.3201487, 1594742055.5642538, 1594742056.1782224, 1594742056.9369714, 1594742057.4864442, 1594742064.9109974, 1594742065.5305207, 1594742066.3941586, 1594742067.01288, 1594742074.368748, 1594742075.001342, 1594742075.6714656, 1594742076.281198, 1594742083.762321, 1594742084.373517, 1594742085.163269, 1594742085.7339535, 1594742093.0860589, 1594742093.7168238, 1594742094.445024, 1594742095.1184797, 1594742102.310373, 1594742102.9378917, 1594742103.7440777, 1594742104.2462487, 1594742111.7063124, 1594742112.30383, 1594742113.1486747, 1594742113.7657676, 1594742121.0804176, 1594742121.67794, 1594742122.414433, 1594742123.013647, 1594742130.3102064, 1594742130.9460723, 1594742131.6102448, 1594742132.2634676, 1594742139.652239, 1594742140.350451, 1594742141.0713046, 1594742141.7612605, 1594742149.0285058, 1594742149.72745, 1594742150.4066346, 1594742151.042187, 1594742158.2729468, 1594742158.8040197, 1594742159.7213776, 1594742160.253502, 1594742167.817031, 1594742168.4002924, 1594742169.0434148, 1594742169.6529133, 1594742177.0286014, 1594742177.6950204, 1594742178.5328667, 1594742179.079064, 1594742186.740956, 1594742187.2742138, 1594742188.0778248, 1594742188.6635098, 1594742195.9041052, 1594742196.5570385, 1594742197.348889, 1594742197.9382281, 1594742205.28978, 1594742205.89732, 1594742206.65444, 1594742207.2695265, 1594742214.6054928, 1594742215.1604197, 1594742216.0830016, 1594742216.7071514, 1594742223.9951253, 1594742224.622893, 1594742225.465857, 1594742226.0339599, 1594742233.2410324, 1594742233.890725, 1594742234.6079473, 1594742235.2093325, 1594742242.6845865, 1594742243.3394825, 1594742244.0865798, 1594742244.6810548, 1594742251.9302447, 1594742252.5401268, 1594742253.3320317, 1594742253.943577, 1594742261.2610314, 1594742261.8135843, 1594742262.654342, 1594742263.275598, 1594742270.6753087, 1594742271.3272343, 1594742272.019091, 1594742272.5720594, 1594742279.8732243, 1594742280.4736693, 1594742281.210034, 1594742281.737318, 1594742289.0709662, 1594742289.6275394, 1594742290.5992687, 1594742291.1086984, 1594742298.4536142, 1594742299.1006227, 1594742299.7720428, 1594742300.3868103, 1594742307.7413676, 1594742308.353129, 1594742309.0523648, 1594742309.6301923, 1594742317.1188624, 1594742317.725403, 1594742318.5655448, 1594742319.109419, 1594742326.4077404, 1594742327.0215323, 1594742327.765371, 1594742328.4159021, 1594742335.8307424, 1594742336.4599147, 1594742337.4322083, 1594742337.9479606, 1594742345.273747, 1594742345.8869026, 1594742346.670618, 1594742347.274894, 1594742354.6095963, 1594742355.2369459, 1594742355.9810197, 1594742356.5752366],