{"initial_reset_timestamp": 1594741431.9170432, "timestamps": [1594741432.490338, 1594741433.014664, 1594741433.679596, 1594741434.1771939, 1594741441.8686316, 1594741442.4479084, 1594741443.1914039, 1594741443.7190883, 1594741450.891859, 1594741451.4501007, 1594741452.0877705, 1594741452.6295557, 1594741459.8577907, 1594741460.4066944, 1594741461.0479536, 1594741461.6720753, 1594741468.9698281, 1594741469.5486765, 1594741470.2709672, 1594741470.7909214, 1594741478.0748556, 1594741478.6453018, 1594741479.2910635, 1594741479.9018338, 1594741487.1672504, 1594741487.669943, 1594741488.4222631, 1594741488.9998953, 1594741496.3305368, 1594741496.9020545, 1594741497.6287704, 1594741498.2249343, 1594741505.5423253, 1594741506.1597736, 1594741506.817391, 1594741507.4010742, 1594741514.7810628, 1594741515.350218, 1594741516.1208174, 1594741516.7806816, 1594741524.0236256, 1594741524.6019716, 1594741525.1995595, 1594741525.754706, 1594741533.1869185, 1594741533.81113, 1594741534.4566472, 1594741535.0763705, 1594741542.381999, 1594741542.942958, 1594741543.822634, 1594741544.4180715, 1594741551.612462, 1594741552.2621813, 1594741552.9869676, 1594741553.573043, 1594741560.8441868, 1594741561.4559765, 1594741562.2344594, 1594741562.8467212, 1594741570.105871, 1594741570.672984, 1594741571.7957778, 1594741572.412416, 1594741579.7325745, 1594741580.277471, 1594741580.9939494, 1594741581.6310472, 1594741588.9064507, 1594741589.4716167, 1594741590.201201, 1594741590.8120794, 1594741598.2250214, 1594741598.8524783, 1594741599.5699425, 1594741600.2339008, 1594741607.4670854, 1594741608.0268981, 1594741608.9169123, 1594741609.5086648, 1594741616.7833815, 1594741617.4302514, 1594741618.2124634, 1594741618.7909248, 1594741626.1505244, 1594741626.8003893, 1594741627.609799, 1594741628.2072725, 1594741635.547796, 1594741636.1181026, 1594741636.7929552, 1594741637.3892236, 1594741644.7789903, 1594741645.3611207, 1594741646.1369863, 1594741646.7379162, 1594741654.0576417, 1594741654.7002625, 1594741655.410419, 1594741656.038142, 1594741663.2123117, 1594741663.8727863, 1594741664.7221663, 1594741665.315924, 1594741672.533563, 1594741673.0982811, 1594741674.0162077, 1594741674.6434069, 1594741681.919344, 1594741682.5692992, 1594741683.2026484, 1594741683.8115318, 1594741691.3320735, 1594741691.9549632, 1594741692.6052935, 1594741693.2565343, 1594741700.6506305, 1594741701.1408763, 1594741702.0830922, 1594741702.7141361, 1594741710.0447192, 1594741710.6110895, 1594741711.4925857, 1594741712.1063745, 1594741719.2797656, 1594741719.873987, 1594741720.731619, 1594741721.360854, 1594741728.808065, 1594741729.452074, 1594741730.1739094, 1594741730.8050554, 1594741738.1088636, 1594741738.742017, 1594741739.3484564, 1594741739.957163, 1594741747.4153562, 1594741748.1043649, 1594741748.9233224, 1594741749.521623, 1594741756.8260446, 1594741757.3687203, 1594741758.1028342, 1594741758.7124734, 1594741766.0907414, 1594741766.6963685, 1594741767.40822, 1594741768.068411, 1594741775.32223, 1594741775.9082177, 1594741776.7838113, 1594741777.4608839, 1594741784.7775104, 1594741785.385347, 1594741786.1481724, 1594741786.654012, 1594741794.1344643, 1594741794.718205, 1594741795.4735243, 1594741796.1700127, 1594741803.5246763, 1594741804.1596167, 1594741804.8167157, 1594741805.2961655, 1594741812.742652, 1594741813.3615608, 1594741814.138593, 1594741814.730987, 1594741822.0187514, 1594741822.6905909, 1594741823.3995633, 1594741824.089147, 1594741831.4673197, 1594741832.0955565, 1594741832.7487092, 1594741833.3431327, 1594741840.7343755, 1594741841.3384676, 1594741842.0557158, 1594741842.7056534, 1594741849.9323506, 1594741850.5588937, 1594741851.5569782, 1594741852.162516, 1594741859.437865, 1594741860.0148616, 1594741860.7848344, 1594741861.4299705, 1594741868.7993736, 1594741869.4011853, 1594741869.9567635, 1594741870.576909, 1594741878.1104264, 1594741878.8216813, 1594741879.7138982, 1594741880.4000015, 1594741887.5777984, 1594741888.1962047, 1594741888.990314, 1594741889.589804, 1594741896.9033837, 1594741897.5070817, 1594741898.122278, 1594741898.747424, 1594741906.211061, 1594741906.8685744, 1594741907.6158607, 1594741908.2284229, 1594741915.42263, 1594741916.0218914, 1594741916.732256, 1594741917.3876846, 1594741924.6073692, 1594741925.2289383, 1594741925.9614933, 1594741926.4823391, 1594741933.9994104, 1594741934.6177838, 1594741935.3851123, 1594741936.020985, 1594741943.2264576, 1594741943.8655596, 1594741944.5605917, 1594741945.170785, 1594741952.4811034, 1594741953.1187272, 1594741954.0730004, 1594741954.626373, 1594741961.9243445, 1594741962.5489032, 1594741963.2596765, 1594741963.8735304, 1594741971.2589068, 1594741971.8945057, 1594741972.655762, 1594741973.2887537, 1594741980.528121, 1594741981.1764069, 1594741982.0401313, 1594741982.6350284, 1594741989.955568, 1594741990.5671415, 1594741991.252403, 1594741991.9118423, 1594741999.1887288, 1594741999.8832452, 1594742000.6255987, 1594742001.2175567, 1594742008.713661, 1594742009.3262727, 1594742010.224152, 1594742010.756509, 1594742018.0077944, 1594742018.6471415, 1594742019.2820814, 1594742019.9091587, 1594742027.4921598, 1594742028.1253786, 1594742028.9003377, 1594742029.4470077, 1594742036.9431307, 1594742037.5880916, 1594742038.383269, 1594742039.0318422, 1594742046.2922397, 1594742046.9346805, 1594742047.7724838, 1594742048.3526337, 1594742055.62229, 1594742056.26873, 1594742056.9818914, 1594742057.5400832, 1594742064.963346, 1594742065.5938356, 1594742066.3938944, 1594742067.0078, 1594742074.3359714, 1594742075.0122855, 1594742075.7258852, 1594742076.3420205, 1594742083.6710458, 1594742084.3736725, 1594742085.0952346, 1594742085.718152, 1594742093.1282847, 1594742093.7696488, 1594742094.49882, 1594742095.0433826, 1594742102.3766017, 1594742102.8548563, 1594742103.7636697, 1594742104.3807316, 1594742111.594587, 1594742112.202647, 1594742113.1649063, 1594742113.7724948, 1594742121.1255317, 1594742121.7002501, 1594742122.3269386, 1594742123.0300596, 1594742130.3083425, 1594742130.8878493, 1594742131.5695276, 1594742132.2473469, 1594742139.6166391, 1594742140.2771401, 1594742141.158577, 1594742141.761177, 1594742149.0679817, 1594742149.7011108, 1594742150.3485508, 1594742151.0216541, 1594742158.3027005, 1594742158.951035, 1594742159.7381215, 1594742160.280961, 1594742167.7539096, 1594742168.3915968, 1594742169.0856128, 1594742169.6884384, 1594742177.0777836, 1594742177.7101896, 1594742178.5447462, 1594742179.228561, 1594742186.6672976, 1594742187.2458522, 1594742188.0720608, 1594742188.6979415, 1594742195.9950588, 1594742196.6088228, 1594742197.3689895, 1594742197.950906, 1594742205.235189, 1594742205.8392665, 1594742206.7010353, 1594742207.3208022, 1594742214.679637, 1594742215.2594934, 1594742216.0360615, 1594742216.6345294, 1594742224.0617533, 1594742224.6032233, 1594742225.3899553, 1594742225.974109, 1594742233.2249997, 1594742233.8804066, 1594742234.621342, 1594742235.2192328, 1594742242.6031897, 1594742243.2156777, 1594742244.0006049, 1594742244.5274844, 1594742251.9180532, 1594742252.5550222, 1594742253.3277717, 1594742253.8626547, 1594742261.1861033, 1594742261.8456545, 1594742262.5911093, 1594742263.134891, 1594742270.5044866, 1594742271.101077, 1594742271.9688854, 1594742272.5470774, 1594742279.9075725, 1594742280.4629712, 1594742281.18217, 1594742281.8306797, 1594742289.1488745, 1594742289.7476687, 1594742290.5774243, 1594742291.2028685, 1594742298.5475023, 1594742299.1188383, 1594742299.772602, 1594742300.3715346, 1594742307.7086701, 1594742308.3854527, 1594742309.112077, 1594742309.7890213, 1594742317.0458481, 1594742317.6801994, 1594742318.4840696, 1594742319.0991201, 1594742326.4230273, 1594742327.0347407, 1594742327.747005, 1594742328.344719, 1594742335.9268308, 1594742336.5250754, 1594742337.262951, 1594742337.879879, 1594742345.3442268, 1594742345.930825, 1594742346.5870337, 1594742347.2200794, 1594742354.5812576, 1594742355.1521583, 1594742355.9083896, 1594742356.4787123],