{"initial_reset_timestamp": 1594741431.9168622, "timestamps": [1594741432.4691072, 1594741432.9732425, 1594741433.681858, 1594741434.228567, 1594741441.879179, 1594741442.4396245, 1594741443.114311, 1594741443.7086306, 1594741450.927508, 1594741451.5155206, 1594741452.1303847, 1594741452.6797025, 1594741459.8341258, 1594741460.370023, 1594741461.0922036, 1594741461.6504753, 1594741468.9231179, 1594741469.5291607, 1594741470.1789906, 1594741470.7175121, 1594741477.9978683, 1594741478.5562835, 1594741479.2447364, 1594741479.842997, 1594741487.134955, 1594741487.75944, 1594741488.3074102, 1594741488.8689764, 1594741496.3371265, 1594741496.932475, 1594741497.5637512, 1594741498.1215515, 1594741505.4691908, 1594741506.0418334, 1594741506.8037748, 1594741507.3769026, 1594741514.7155128, 1594741515.3171995, 1594741516.1730688, 1594741516.7542138, 1594741524.0120993, 1594741524.6192749, 1594741525.23533, 1594741525.8438911, 1594741533.1955364, 1594741533.7511575, 1594741534.5141513, 1594741535.0813954, 1594741542.4174774, 1594741543.0070608, 1594741543.8865783, 1594741544.4787264, 1594741551.7276757, 1594741552.3508067, 1594741552.9545634, 1594741553.562985, 1594741560.8950863, 1594741561.4845495, 1594741562.2215006, 1594741562.841733, 1594741570.1795497, 1594741570.8082767, 1594741571.6712596, 1594741572.310332, 1594741579.6257336, 1594741580.2467659, 1594741581.0339093, 1594741581.6698952, 1594741588.8931499, 1594741589.5020335, 1594741590.2527537, 1594741590.8389134, 1594741598.2924867, 1594741598.8391829, 1594741599.560747, 1594741600.2775362, 1594741607.5170112, 1594741608.0986316, 1594741608.87761, 1594741609.510393, 1594741616.8003073, 1594741617.5012825, 1594741618.1739082, 1594741618.7907653, 1594741626.1974869, 1594741626.8143466, 1594741627.5099747, 1594741628.1324215, 1594741635.4092922, 1594741636.0253067, 1594741636.7903662, 1594741637.380351, 1594741644.7765007, 1594741645.322743, 1594741646.1381388, 1594741646.724932, 1594741654.0159886, 1594741654.6355543, 1594741655.4403903, 1594741655.985235, 1594741663.3100154, 1594741663.9428883, 1594741664.6159265, 1594741665.2068324, 1594741672.5511353, 1594741673.1454444, 1594741674.0499454, 1594741674.651729, 1594741681.9439378, 1594741682.5399032, 1594741683.291146, 1594741683.861924, 1594741691.2717648, 1594741691.8435621, 1594741692.6227162, 1594741693.2013962, 1594741700.6283348, 1594741701.187988, 1594741702.071318, 1594741702.722253, 1594741710.0303621, 1594741710.6146133, 1594741711.4680178, 1594741712.0763707, 1594741719.3874931, 1594741719.9562802, 1594741720.7459483, 1594741721.3590436, 1594741728.8367045, 1594741729.4577096, 1594741730.2331812, 1594741730.8409958, 1594741738.1086485, 1594741738.6777034, 1594741739.5113883, 1594741740.113159, 1594741747.442354, 1594741748.0428855, 1594741748.847909, 1594741749.3878992, 1594741756.8415906, 1594741757.4277155, 1594741758.229145, 1594741758.8152468, 1594741766.0348477, 1594741766.641474, 1594741767.486476, 1594741768.0737495, 1594741775.400748, 1594741776.0093465, 1594741776.87161, 1594741777.4976265, 1594741784.7638206, 1594741785.3050492, 1594741786.0823333, 1594741786.6776302, 1594741794.0144982, 1594741794.6770055, 1594741795.4848578, 1594741796.0691736, 1594741803.3393555, 1594741803.9100049, 1594741804.7762966, 1594741805.3384414, 1594741812.7700877, 1594741813.4192395, 1594741814.0658073, 1594741814.702869, 1594741822.0706508, 1594741822.639481, 1594741823.4001284, 1594741823.942824, 1594741831.388033, 1594741831.9952471, 1594741832.852182, 1594741833.4691472, 1594741840.6886995, 1594741841.2727773, 1594741842.0164638, 1594741842.548595, 1594741850.0235288, 1594741850.7053788, 1594741851.4708772, 1594741852.024544, 1594741859.3832457, 1594741859.9556673, 1594741860.6669157, 1594741861.2091877, 1594741868.7328203, 1594741869.3633604, 1594741870.0637808, 1594741870.7911823, 1594741878.0084777, 1594741878.5813398, 1594741879.7205527, 1594741880.376309, 1594741887.6009116, 1594741888.2395163, 1594741889.0443122, 1594741889.6107826, 1594741896.8618224, 1594741897.4846215, 1594741898.1717234, 1594741898.732991, 1594741906.2196805, 1594741906.7293282, 1594741907.5224438, 1594741908.0737615, 1594741915.4419212, 1594741916.0497577, 1594741916.8216906, 1594741917.4299471, 1594741924.6358464, 1594741925.2187846, 1594741925.961878, 1594741926.5340426, 1594741933.9479375, 1594741934.545977, 1594741935.2230797, 1594741935.7475874, 1594741943.234921, 1594741943.7806938, 1594741944.5579207, 1594741945.1925833, 1594741952.4587946, 1594741953.0880535, 1594741953.9939275, 1594741954.6358345, 1594741961.8991504, 1594741962.483178, 1594741963.3323383, 1594741963.8954325, 1594741971.115529, 1594741971.7567022, 1594741972.581834, 1594741973.2256021, 1594741980.5420086, 1594741981.1788213, 1594741981.9788299, 1594741982.58525, 1594741989.9541245, 1594741990.5441577, 1594741991.3024378, 1594741991.9905508, 1594741999.342024, 1594741999.927297, 1594742000.6222732, 1594742001.2209167, 1594742008.7399194, 1594742009.345294, 1594742010.0968738, 1594742010.675775, 1594742018.0462656, 1594742018.6475456, 1594742019.3458886, 1594742020.0151906, 1594742027.3979008, 1594742028.0908136, 1594742028.8271813, 1594742029.3886745, 1594742037.0260677, 1594742037.599339, 1594742038.3931322, 1594742038.9783123, 1594742046.3083599, 1594742046.887206, 1594742047.7103176, 1594742048.3428454, 1594742055.5211358, 1594742056.0757601, 1594742056.8854685, 1594742057.542248, 1594742064.9672194, 1594742065.5896833, 1594742066.2901742, 1594742066.87165, 1594742074.434303, 1594742075.0853715, 1594742075.7956028, 1594742076.4805021, 1594742083.7556903, 1594742084.2983115, 1594742085.164929, 1594742085.794834, 1594742093.0462456, 1594742093.6680617, 1594742094.4846592, 1594742095.1355636, 1594742102.372724, 1594742103.0145566, 1594742103.6344025, 1594742104.237408, 1594742111.5230474, 1594742112.0488408, 1594742113.1154063, 1594742113.6862714, 1594742120.9862015, 1594742121.6194594, 1594742122.4358025, 1594742123.042428, 1594742130.3101585, 1594742130.8914878, 1594742131.6681488, 1594742132.296018, 1594742139.7412426, 1594742140.421831, 1594742141.111812, 1594742141.7524524, 1594742149.1026523, 1594742149.7110474, 1594742150.337226, 1594742150.9527981, 1594742158.2774138, 1594742158.8910549, 1594742159.7442033, 1594742160.295903, 1594742167.7595246, 1594742168.376612, 1594742169.1076503, 1594742169.7139034, 1594742177.183866, 1594742177.9260786, 1594742178.7230568, 1594742179.3426027, 1594742186.6139522, 1594742187.2412248, 1594742188.0675128, 1594742188.702768, 1594742195.9676821, 1594742196.5569346, 1594742197.349063, 1594742197.9066453, 1594742205.2787979, 1594742205.7788405, 1594742206.583808, 1594742207.200112, 1594742214.6144516, 1594742215.2476442, 1594742216.0522878, 1594742216.6473105, 1594742224.0743127, 1594742224.6842043, 1594742225.304472, 1594742225.9501677, 1594742233.3377643, 1594742233.944236, 1594742234.5565104, 1594742235.0906725, 1594742242.581447, 1594742243.0976648, 1594742244.0569265, 1594742244.5672135, 1594742251.9788973, 1594742252.5709033, 1594742253.3246045, 1594742253.926476, 1594742261.2274632, 1594742261.7940001, 1594742262.5570161, 1594742263.140731, 1594742270.562116, 1594742271.210461, 1594742271.9867435, 1594742272.5136101, 1594742279.8714085, 1594742280.4821045, 1594742281.1784081, 1594742281.820996, 1594742289.0448334, 1594742289.7171998, 1594742290.522788, 1594742291.1376312, 1594742298.4884856, 1594742299.0429268, 1594742299.8374584, 1594742300.5075655, 1594742307.6870036, 1594742308.2955065, 1594742309.1485806, 1594742309.8320594, 1594742317.0758536, 1594742317.6751823, 1594742318.552513, 1594742319.1212716, 1594742326.4206016, 1594742327.0451975, 1594742327.7968152, 1594742328.5305798, 1594742335.7749488, 1594742336.3422475, 1594742337.2594194, 1594742337.8962219, 1594742345.2764711, 1594742345.918186, 1594742346.6362815, 1594742347.2441154, 1594742354.6148455, 1594742355.2814012, 1594742355.9545903, 1594742356.549108],