{"initial_reset_timestamp": 1594741431.9175124, "timestamps": [1594741432.4962873, 1594741433.042499, 1594741433.6734314, 1594741434.1571083, 1594741441.784672, 1594741442.2630918, 1594741443.154562, 1594741443.6815147, 1594741450.8946369, 1594741451.4236665, 1594741452.062455, 1594741452.608645, 1594741459.904881, 1594741460.4506147, 1594741461.09583, 1594741461.6768467, 1594741469.0486476, 1594741469.6173878, 1594741470.2942693, 1594741470.84202, 1594741478.0257056, 1594741478.624299, 1594741479.2052703, 1594741479.807976, 1594741487.1650977, 1594741487.7146661, 1594741488.4400172, 1594741488.9461398, 1594741496.2985976, 1594741496.9347837, 1594741497.6286056, 1594741498.2295985, 1594741505.502401, 1594741506.0561867, 1594741506.77926, 1594741507.3515666, 1594741514.72817, 1594741515.3204818, 1594741516.1412916, 1594741516.7431858, 1594741523.984259, 1594741524.5721233, 1594741525.3117588, 1594741525.906192, 1594741533.1367404, 1594741533.6897445, 1594741534.5053022, 1594741535.1830204, 1594741542.3615816, 1594741542.9373345, 1594741543.7946358, 1594741544.3692913, 1594741551.662974, 1594741552.348296, 1594741552.9989898, 1594741553.643647, 1594741560.8738778, 1594741561.5177376, 1594741562.2057376, 1594741562.850801, 1594741570.0993295, 1594741570.816733, 1594741571.6564887, 1594741572.2807622, 1594741579.5659933, 1594741580.1742313, 1594741580.9672008, 1594741581.5546982, 1594741588.9403992, 1594741589.5001013, 1594741590.2282624, 1594741590.8362815, 1594741598.1560924, 1594741598.8540297, 1594741599.5730233, 1594741600.2344956, 1594741607.487932, 1594741608.1145658, 1594741608.8293195, 1594741609.3941033, 1594741616.8296115, 1594741617.466964, 1594741618.1209588, 1594741618.7095191, 1594741626.152998, 1594741626.7851577, 1594741627.5010858, 1594741628.1329112, 1594741635.3860562, 1594741636.0390074, 1594741636.8581407, 1594741637.4367912, 1594741644.6218843, 1594741645.209335, 1594741646.206025, 1594741646.7592127, 1594741654.0509672, 1594741654.7123532, 1594741655.418004, 1594741656.0142612, 1594741663.3344753, 1594741663.9488208, 1594741664.5458674, 1594741665.218103, 1594741672.5744343, 1594741673.199845, 1594741674.0872142, 1594741674.6895175, 1594741681.883153, 1594741682.4688208, 1594741683.2837129, 1594741683.9143116, 1594741691.1637218, 1594741691.7965376, 1594741692.6225002, 1594741693.2221677, 1594741700.6971705, 1594741701.3168628, 1594741702.0301569, 1594741702.629966, 1594741710.0168414, 1594741710.63757, 1594741711.3586862, 1594741712.0405664, 1594741719.3147495, 1594741719.9482007, 1594741720.8696804, 1594741721.4308825, 1594741728.7650642, 1594741729.3748543, 1594741730.2242851, 1594741730.833425, 1594741738.1098747, 1594741738.742818, 1594741739.4080682, 1594741740.0224845, 1594741747.3940341, 1594741747.9986851, 1594741748.841245, 1594741749.4712124, 1594741756.8010619, 1594741757.394757, 1594741758.2269332, 1594741758.8402276, 1594741766.115525, 1594741766.75548, 1594741767.360596, 1594741768.0318391, 1594741775.3778462, 1594741776.0053763, 1594741776.8068984, 1594741777.4247196, 1594741784.6991556, 1594741785.3116827, 1594741786.0980802, 1594741786.7079542, 1594741794.0823936, 1594741794.6904685, 1594741795.5178435, 1594741796.1397219, 1594741803.4680483, 1594741804.0446975, 1594741804.8919864, 1594741805.4433906, 1594741812.750166, 1594741813.3839545, 1594741814.1595275, 1594741814.7676618, 1594741822.0053434, 1594741822.5710433, 1594741823.4308007, 1594741824.035906, 1594741831.4224625, 1594741832.0174606, 1594741832.8263369, 1594741833.4786801, 1594741840.6661325, 1594741841.233412, 1594741842.0766232, 1594741842.7371519, 1594741849.998664, 1594741850.645922, 1594741851.547603, 1594741852.2044082, 1594741859.394283, 1594741860.0249617, 1594741860.787642, 1594741861.3778348, 1594741868.8203156, 1594741869.4102414, 1594741870.038903, 1594741870.8618011, 1594741878.1142313, 1594741878.692814, 1594741879.7741387, 1594741880.3582315, 1594741887.634858, 1594741888.2249165, 1594741888.9697835, 1594741889.5921273, 1594741896.8664265, 1594741897.4276907, 1594741898.153426, 1594741898.7933278, 1594741906.2999535, 1594741906.8894858, 1594741907.5453713, 1594741908.1407776, 1594741915.4296334, 1594741916.0243077, 1594741916.8025599, 1594741917.4385948, 1594741924.5609572, 1594741925.2042012, 1594741925.896895, 1594741926.4671535, 1594741934.0820234, 1594741934.623612, 1594741935.1942942, 1594741935.787126, 1594741943.3157713, 1594741943.8583145, 1594741944.5581841, 1594741945.1801548, 1594741952.566786, 1594741953.1666925, 1594741953.9853106, 1594741954.5636933, 1594741961.9882867, 1594741962.5284188, 1594741963.3118587, 1594741963.9268463, 1594741971.1220336, 1594741971.7321386, 1594741972.616986, 1594741973.2264214, 1594741980.5587955, 1594741981.1069844, 1594741982.0313435, 1594741982.6120498, 1594741989.997351, 1594741990.6406832, 1594741991.3059678, 1594741991.9139647, 1594741999.4285545, 1594741999.964409, 1594742000.5424976, 1594742001.1069074, 1594742008.5746322, 1594742009.263222, 1594742010.0900736, 1594742010.6368878, 1594742018.0297124, 1594742018.6405814, 1594742019.3093288, 1594742019.8874295, 1594742027.3703952, 1594742028.10697, 1594742028.8241239, 1594742029.410772, 1594742036.973056, 1594742037.564236, 1594742038.441617, 1594742039.0343757, 1594742046.2884736, 1594742046.9231224, 1594742047.7725484, 1594742048.368894, 1594742055.5040488, 1594742056.1438105, 1594742056.8903184, 1594742057.5154624, 1594742065.0143642, 1594742065.6596742, 1594742066.456684, 1594742067.0444653, 1594742074.2579682, 1594742074.916731, 1594742075.8155458, 1594742076.4469786, 1594742083.6957214, 1594742084.3617804, 1594742085.1291482, 1594742085.6885512, 1594742093.0401442, 1594742093.6000152, 1594742094.390584, 1594742095.0054324, 1594742102.3722982, 1594742102.9289575, 1594742103.6656835, 1594742104.281818, 1594742111.5895112, 1594742112.2463493, 1594742112.9973924, 1594742113.6086526, 1594742120.9842484, 1594742121.5262907, 1594742122.4438508, 1594742123.0744324, 1594742130.3190494, 1594742130.9116228, 1594742131.6254232, 1594742132.2811916, 1594742139.6875312, 1594742140.2212124, 1594742141.124504, 1594742141.6736689, 1594742149.0265043, 1594742149.5956085, 1594742150.3765717, 1594742150.9795446, 1594742158.4357321, 1594742158.9927921, 1594742159.6759582, 1594742160.3254452, 1594742167.7896943, 1594742168.422493, 1594742169.1741252, 1594742169.7742279, 1594742177.2083328, 1594742177.8070302, 1594742178.6775522, 1594742179.3313074, 1594742186.5760536, 1594742187.2230172, 1594742188.0805726, 1594742188.64014, 1594742195.9566355, 1594742196.532434, 1594742197.3339145, 1594742197.9353988, 1594742205.2558143, 1594742205.856642, 1594742206.6405165, 1594742207.1982086, 1594742214.6097348, 1594742215.2413845, 1594742216.0095592, 1594742216.5718803, 1594742223.9414306, 1594742224.630249, 1594742225.3726747, 1594742225.990475, 1594742233.2899606, 1594742233.9102745, 1594742234.519463, 1594742235.1232643, 1594742242.558329, 1594742243.210274, 1594742243.9429133, 1594742244.5614586, 1594742251.9649734, 1594742252.6162777, 1594742253.4136546, 1594742253.9816906, 1594742261.2416942, 1594742261.8817182, 1594742262.6173372, 1594742263.1107366, 1594742270.648475, 1594742271.191889, 1594742272.070673, 1594742272.6579516, 1594742279.9296088, 1594742280.5048568, 1594742281.26523, 1594742281.8824627, 1594742289.1056192, 1594742289.7120786, 1594742290.6288662, 1594742291.173437, 1594742298.5019352, 1594742299.1215127, 1594742299.8667033, 1594742300.4631333, 1594742307.8381245, 1594742308.4371743, 1594742309.1121283, 1594742309.6803007, 1594742317.0317373, 1594742317.6812766, 1594742318.4628234, 1594742319.0442615, 1594742326.4318378, 1594742327.0228336, 1594742327.8532734, 1594742328.4784617, 1594742335.9137788, 1594742336.5344718, 1594742337.1676295, 1594742337.8116658, 1594742345.1953845, 1594742345.8346004, 1594742346.6424115, 1594742347.2805495, 1594742354.6187048, 1594742355.210974, 1594742355.96429, 1594742356.502417],