{"initial_reset_timestamp": 1594741431.9174058, "timestamps": [1594741432.494515, 1594741433.0087268, 1594741433.6688447, 1594741434.2000053, 1594741441.8639135, 1594741442.3912754, 1594741443.1287134, 1594741443.7068932, 1594741450.9355962, 1594741451.4629624, 1594741452.0164616, 1594741452.5003061, 1594741459.8229544, 1594741460.3922772, 1594741461.0779352, 1594741461.6314013, 1594741469.0009015, 1594741469.5775673, 1594741470.2654574, 1594741470.813815, 1594741478.0779152, 1594741478.5491471, 1594741479.2435503, 1594741479.8433502, 1594741487.048064, 1594741487.6286182, 1594741488.3862185, 1594741488.9706364, 1594741496.3651273, 1594741496.9340966, 1594741497.69503, 1594741498.241027, 1594741505.5171633, 1594741506.1330557, 1594741506.7772362, 1594741507.352281, 1594741514.7853959, 1594741515.3456528, 1594741516.1432207, 1594741516.7885475, 1594741523.8377, 1594741524.43054, 1594741525.3075213, 1594741525.8844259, 1594741533.2017016, 1594741533.7738078, 1594741534.5379083, 1594741535.1746264, 1594741542.399588, 1594741543.0197785, 1594741543.8742735, 1594741544.4796464, 1594741551.6945384, 1594741552.2573643, 1594741552.9904943, 1594741553.6333835, 1594741560.9470398, 1594741561.535615, 1594741562.1170092, 1594741562.7407746, 1594741570.1651518, 1594741570.804451, 1594741571.75532, 1594741572.3387759, 1594741579.6978374, 1594741580.2738144, 1594741581.0216768, 1594741581.68694, 1594741588.9011297, 1594741589.446427, 1594741590.3443127, 1594741590.9291668, 1594741598.2661865, 1594741598.8933187, 1594741599.637814, 1594741600.1915085, 1594741607.4666069, 1594741608.1466923, 1594741608.8495023, 1594741609.5324726, 1594741616.7931085, 1594741617.4592092, 1594741618.202807, 1594741618.807114, 1594741626.2039425, 1594741626.8245013, 1594741627.5415568, 1594741628.1186252, 1594741635.459764, 1594741636.0687761, 1594741636.8101454, 1594741637.431616, 1594741644.7204552, 1594741645.3118927, 1594741646.1709347, 1594741646.7706182, 1594741654.0526183, 1594741654.6775079, 1594741655.415362, 1594741656.05201, 1594741663.2419717, 1594741663.752998, 1594741664.6571302, 1594741665.2976394, 1594741672.5651345, 1594741673.22846, 1594741674.018984, 1594741674.6678784, 1594741681.8672035, 1594741682.461094, 1594741683.2519913, 1594741683.8293293, 1594741691.3120522, 1594741691.892757, 1594741692.6370974, 1594741693.2263236, 1594741700.604494, 1594741701.2690873, 1594741702.0142262, 1594741702.72454, 1594741710.1753557, 1594741710.6938136, 1594741711.3667161, 1594741711.9428227, 1594741719.3705916, 1594741719.9907918, 1594741720.8320806, 1594741721.4545279, 1594741728.7734275, 1594741729.3549557, 1594741730.1104553, 1594741730.6922793, 1594741738.130364, 1594741738.776649, 1594741739.4767652, 1594741740.0877938, 1594741747.4752793, 1594741748.0791845, 1594741748.872373, 1594741749.474052, 1594741756.8743076, 1594741757.4811034, 1594741758.2079842, 1594741758.7997396, 1594741766.1181362, 1594741766.7422643, 1594741767.403241, 1594741767.986738, 1594741775.3536909, 1594741775.9898384, 1594741776.8171525, 1594741777.4234927, 1594741784.7155752, 1594741785.303513, 1594741786.1021938, 1594741786.6933067, 1594741794.1075666, 1594741794.7070599, 1594741795.4065025, 1594741796.0247896, 1594741803.4823143, 1594741804.096595, 1594741804.7863293, 1594741805.4729514, 1594741812.730845, 1594741813.3811104, 1594741814.120982, 1594741814.7544775, 1594741822.0225646, 1594741822.66611, 1594741823.357345, 1594741823.952648, 1594741831.4764168, 1594741832.0652275, 1594741832.7533662, 1594741833.3700056, 1594741840.7685997, 1594741841.3679168, 1594741842.148415, 1594741842.759008, 1594741850.0162787, 1594741850.6269996, 1594741851.575915, 1594741852.1340108, 1594741859.4077806, 1594741860.0045066, 1594741860.734672, 1594741861.3144941, 1594741868.7158818, 1594741869.2380264, 1594741870.1304474, 1594741870.7682204, 1594741878.2187676, 1594741878.8177004, 1594741879.7497241, 1594741880.3255124, 1594741887.694019, 1594741888.2865465, 1594741888.9133632, 1594741889.5420275, 1594741896.8267283, 1594741897.3915858, 1594741898.1957777, 1594741898.781984, 1594741906.2493966, 1594741906.867457, 1594741907.5054777, 1594741908.1087499, 1594741915.3541875, 1594741915.9144218, 1594741916.65405, 1594741917.2672021, 1594741924.6210873, 1594741925.219212, 1594741925.8998802, 1594741926.5151887, 1594741933.994059, 1594741934.5779276, 1594741935.3458197, 1594741935.937019, 1594741943.215735, 1594741943.724805, 1594741944.6804006, 1594741945.2673874, 1594741952.5236611, 1594741953.1712399, 1594741953.9807315, 1594741954.5619078, 1594741961.9328647, 1594741962.5266526, 1594741963.2882233, 1594741963.8835611, 1594741971.217511, 1594741971.8196783, 1594741972.6518693, 1594741973.192871, 1594741980.5142424, 1594741981.1508088, 1594741982.0162654, 1594741982.6195867, 1594741989.988998, 1594741990.5539505, 1594741991.3575416, 1594741991.934191, 1594741999.2971592, 1594741999.9114082, 1594742000.5903075, 1594742001.1744025, 1594742008.6563864, 1594742009.2993088, 1594742010.170172, 1594742010.709411, 1594742017.9732087, 1594742018.5984688, 1594742019.3659012, 1594742019.9709735, 1594742027.3765812, 1594742028.0913544, 1594742028.7969072, 1594742029.36544, 1594742036.9859698, 1594742037.6496003, 1594742038.401532, 1594742039.0645816, 1594742046.2788928, 1594742046.9338427, 1594742047.655248, 1594742048.2682886, 1594742055.6309235, 1594742056.2290056, 1594742057.0245845, 1594742057.6367195, 1594742064.9057155, 1594742065.4293022, 1594742066.3195417, 1594742066.9388509, 1594742074.376555, 1594742074.9607472, 1594742075.822761, 1594742076.4427571, 1594742083.7215424, 1594742084.349493, 1594742085.2446082, 1594742085.8332324, 1594742093.1507418, 1594742093.7155313, 1594742094.4770384, 1594742095.1312327, 1594742102.3114166, 1594742102.9151368, 1594742103.7629948, 1594742104.3686564, 1594742111.678781, 1594742112.2786875, 1594742113.1349545, 1594742113.766707, 1594742121.0867352, 1594742121.6203377, 1594742122.3288023, 1594742122.9209123, 1594742130.272608, 1594742130.8864496, 1594742131.6982436, 1594742132.3055525, 1594742139.723826, 1594742140.2978055, 1594742141.0995438, 1594742141.7893221, 1594742149.0326917, 1594742149.6219306, 1594742150.4465504, 1594742151.0590947, 1594742158.3467042, 1594742159.002098, 1594742159.7442951, 1594742160.4070818, 1594742167.8036737, 1594742168.488507, 1594742169.1321385, 1594742169.7894392, 1594742177.1403902, 1594742177.8020995, 1594742178.6965609, 1594742179.2860792, 1594742186.6373522, 1594742187.2873027, 1594742188.1176288, 1594742188.7488422, 1594742195.9961085, 1594742196.6580353, 1594742197.3587904, 1594742197.936499, 1594742205.2578478, 1594742205.882655, 1594742206.6909134, 1594742207.3350906, 1594742214.669631, 1594742215.281893, 1594742216.124847, 1594742216.7916462, 1594742224.0547326, 1594742224.6354733, 1594742225.333198, 1594742225.9375498, 1594742233.2721372, 1594742233.8964984, 1594742234.6344898, 1594742235.2459254, 1594742242.7002487, 1594742243.3228796, 1594742244.0684516, 1594742244.7146995, 1594742251.937345, 1594742252.5486853, 1594742253.299115, 1594742253.9908848, 1594742261.12372, 1594742261.667135, 1594742262.6310627, 1594742263.1962812, 1594742270.5962048, 1594742271.2523906, 1594742271.915443, 1594742272.576133, 1594742279.840036, 1594742280.431168, 1594742281.2870157, 1594742281.8732097, 1594742289.1222763, 1594742289.7578614, 1594742290.51539, 1594742291.1605072, 1594742298.5466511, 1594742299.1344893, 1594742299.8301454, 1594742300.4625444, 1594742307.7344387, 1594742308.3914385, 1594742309.108674, 1594742309.7285585, 1594742317.0083666, 1594742317.610342, 1594742318.5037751, 1594742319.154536, 1594742326.4571269, 1594742327.0017292, 1594742327.7810206, 1594742328.537369, 1594742335.726077, 1594742336.3250272, 1594742337.218824, 1594742337.7993264, 1594742345.2071533, 1594742345.8624196, 1594742346.6875212, 1594742347.2657592, 1594742354.5851853, 1594742355.1077256, 1594742355.9381537, 1594742356.6123781],