{"initial_reset_timestamp": 1594741431.917834, "timestamps": [1594741432.4849935, 1594741433.053113, 1594741433.6802785, 1594741434.196806, 1594741441.801225, 1594741442.3049467, 1594741443.0744193, 1594741443.6336896, 1594741450.879618, 1594741451.4708095, 1594741452.1360161, 1594741452.6887221, 1594741459.9102738, 1594741460.4524279, 1594741461.091719, 1594741461.627632, 1594741468.9713974, 1594741469.5382283, 1594741470.1966426, 1594741470.7782593, 1594741477.998426, 1594741478.5571477, 1594741479.2907543, 1594741479.8169184, 1594741487.2075276, 1594741487.7752705, 1594741488.3914335, 1594741488.9839792, 1594741496.373865, 1594741496.9423902, 1594741497.6708057, 1594741498.2558749, 1594741505.4886765, 1594741506.0936866, 1594741506.8039227, 1594741507.3162465, 1594741514.715349, 1594741515.2478113, 1594741516.191388, 1594741516.7714348, 1594741524.0339632, 1594741524.5642579, 1594741525.3013256, 1594741525.8737037, 1594741533.1629934, 1594741533.7841847, 1594741534.5091224, 1594741535.1620529, 1594741542.430431, 1594741543.0578113, 1594741543.9243367, 1594741544.4836543, 1594741551.6952446, 1594741552.2666802, 1594741553.0162272, 1594741553.6149714, 1594741560.835825, 1594741561.4380612, 1594741562.3060722, 1594741562.8392177, 1594741570.1052396, 1594741570.8630042, 1594741571.6714683, 1594741572.273948, 1594741579.6549454, 1594741580.2273872, 1594741580.9276536, 1594741581.5713677, 1594741588.86392, 1594741589.461586, 1594741590.2587914, 1594741590.8814056, 1594741598.2134237, 1594741598.7982645, 1594741599.5742896, 1594741600.2370074, 1594741607.5452096, 1594741608.1612399, 1594741608.944848, 1594741609.5366526, 1594741616.8290334, 1594741617.424833, 1594741618.1577504, 1594741618.8304412, 1594741626.1862483, 1594741626.8503554, 1594741627.5785136, 1594741628.1612499, 1594741635.4016333, 1594741636.0540164, 1594741636.7795956, 1594741637.3464377, 1594741644.698177, 1594741645.3325386, 1594741646.0686855, 1594741646.7067986, 1594741654.139346, 1594741654.7065678, 1594741655.4147575, 1594741655.9619477, 1594741663.261474, 1594741663.861098, 1594741664.5707538, 1594741665.1494482, 1594741672.5642288, 1594741673.1264133, 1594741673.9853847, 1594741674.5929189, 1594741681.928342, 1594741682.519711, 1594741683.2684052, 1594741683.8414838, 1594741691.2020028, 1594741691.784078, 1594741692.5325778, 1594741693.1306322, 1594741700.7469597, 1594741701.37254, 1594741702.1156929, 1594741702.7553413, 1594741710.1281767, 1594741710.7026944, 1594741711.4331944, 1594741712.0260754, 1594741719.3581405, 1594741719.915613, 1594741720.6612961, 1594741721.343232, 1594741728.7840273, 1594741729.3080513, 1594741730.1544592, 1594741730.7801013, 1594741738.1554835, 1594741738.7464063, 1594741739.4527194, 1594741740.089761, 1594741747.4299414, 1594741748.0419145, 1594741748.8513706, 1594741749.44389, 1594741756.9171824, 1594741757.4371378, 1594741758.192914, 1594741758.8278573, 1594741766.1036987, 1594741766.7455428, 1594741767.3352518, 1594741767.991087, 1594741775.3844934, 1594741775.9387991, 1594741776.8673317, 1594741777.4822707, 1594741784.6906557, 1594741785.2683127, 1594741786.16831, 1594741786.7850094, 1594741794.0905914, 1594741794.750905, 1594741795.4940886, 1594741796.157291, 1594741803.5262282, 1594741804.1596735, 1594741804.8169744, 1594741805.4332764, 1594741812.6600049, 1594741813.251078, 1594741814.1378422, 1594741814.7321174, 1594741822.0941179, 1594741822.7108378, 1594741823.40288, 1594741824.031596, 1594741831.406188, 1594741831.971082, 1594741832.7340262, 1594741833.3084297, 1594741840.7527974, 1594741841.348393, 1594741842.1329517, 1594741842.7781775, 1594741850.0470057, 1594741850.698028, 1594741851.453413, 1594741852.0571234, 1594741859.3311691, 1594741859.9468565, 1594741860.7107925, 1594741861.334889, 1594741868.7182214, 1594741869.3123436, 1594741870.1065288, 1594741870.6771638, 1594741878.2013912, 1594741878.734679, 1594741879.6851735, 1594741880.2889445, 1594741887.578162, 1594741888.1172004, 1594741888.866102, 1594741889.4366877, 1594741896.8039453, 1594741897.4089847, 1594741898.155043, 1594741898.803241, 1594741906.1751623, 1594741906.8208117, 1594741907.548102, 1594741908.1540573, 1594741915.325348, 1594741915.8604894, 1594741916.7945127, 1594741917.4429884, 1594741924.5621278, 1594741925.191164, 1594741926.0761752, 1594741926.658527, 1594741933.9380221, 1594741934.526839, 1594741935.2839227, 1594741935.8950903, 1594741943.1554306, 1594741943.791909, 1594741944.585969, 1594741945.1352723, 1594741952.5452101, 1594741953.1503801, 1594741953.9962137, 1594741954.6425056, 1594741961.913721, 1594741962.54245, 1594741963.3019238, 1594741963.9166164, 1594741971.2585151, 1594741971.884463, 1594741972.6720738, 1594741973.2695193, 1594741980.5632772, 1594741981.1693666, 1594741982.038294, 1594741982.6658196, 1594741989.8907487, 1594741990.4501712, 1594741991.4716845, 1594741992.0556705, 1594741999.2318597, 1594741999.908096, 1594742000.7193673, 1594742001.3466673, 1594742008.6365242, 1594742009.1930368, 1594742010.1076052, 1594742010.7048585, 1594742018.1070955, 1594742018.683226, 1594742019.4207988, 1594742020.0665722, 1594742027.373223, 1594742028.0242672, 1594742028.8893516, 1594742029.4963644, 1594742036.947295, 1594742037.5684104, 1594742038.3541975, 1594742039.0097716, 1594742046.285455, 1594742046.9265668, 1594742047.7219098, 1594742048.3417904, 1594742055.5501435, 1594742056.1622012, 1594742057.0108023, 1594742057.6256323, 1594742064.886926, 1594742065.5595794, 1594742066.3207946, 1594742066.901785, 1594742074.3450341, 1594742074.9359353, 1594742075.7183201, 1594742076.3276026, 1594742083.7837186, 1594742084.3494265, 1594742085.175674, 1594742085.7934706, 1594742093.1669016, 1594742093.7762003, 1594742094.3217282, 1594742094.8852031, 1594742102.2770052, 1594742102.890038, 1594742103.6362338, 1594742104.2201557, 1594742111.6079278, 1594742112.2621393, 1594742113.0359023, 1594742113.7510903, 1594742120.991078, 1594742121.572245, 1594742122.419399, 1594742122.9744883, 1594742130.2836852, 1594742130.8918548, 1594742131.6634324, 1594742132.3181217, 1594742139.7212775, 1594742140.3345356, 1594742141.0209737, 1594742141.767435, 1594742149.1277308, 1594742149.7155862, 1594742150.3585825, 1594742150.9676752, 1594742158.235427, 1594742158.9360101, 1594742159.7523549, 1594742160.3743834, 1594742167.768351, 1594742168.35595, 1594742169.2182312, 1594742169.8348615, 1594742177.1060283, 1594742177.7470617, 1594742178.6733305, 1594742179.3666756, 1594742186.6578207, 1594742187.2408314, 1594742188.0990365, 1594742188.703676, 1594742195.9514165, 1594742196.5333035, 1594742197.2642632, 1594742197.9291115, 1594742205.2574508, 1594742205.8963616, 1594742206.6895206, 1594742207.2037914, 1594742214.6369245, 1594742215.231565, 1594742216.1827214, 1594742216.7202375, 1594742223.9663317, 1594742224.6352642, 1594742225.325171, 1594742225.9437764, 1594742233.1888516, 1594742233.7453494, 1594742234.5670104, 1594742235.1588664, 1594742242.641141, 1594742243.1639097, 1594742244.0173354, 1594742244.6343505, 1594742252.0139492, 1594742252.5399365, 1594742253.4308157, 1594742253.9941146, 1594742261.1851256, 1594742261.7149477, 1594742262.5704618, 1594742263.2174284, 1594742270.6105602, 1594742271.294205, 1594742272.0239031, 1594742272.6411903, 1594742279.7652087, 1594742280.3290226, 1594742281.2821782, 1594742281.895968, 1594742289.152003, 1594742289.7728298, 1594742290.5804431, 1594742291.2491918, 1594742298.4932184, 1594742299.089722, 1594742299.866752, 1594742300.4804935, 1594742307.5820045, 1594742308.1538043, 1594742309.0718453, 1594742309.6834579, 1594742317.022608, 1594742317.5789576, 1594742318.5376942, 1594742319.1333473, 1594742326.4803205, 1594742326.9962046, 1594742327.8658543, 1594742328.4254618, 1594742335.9696045, 1594742336.5539317, 1594742337.2142034, 1594742337.8419323, 1594742345.315994, 1594742345.8723855, 1594742346.689069, 1594742347.3510127, 1594742354.6484308, 1594742355.2998421, 1594742355.9655428, 1594742356.610682],