{"initial_reset_timestamp": 1594741431.917258, "timestamps": [1594741432.4842155, 1594741433.0248003, 1594741433.6834908, 1594741434.1915288, 1594741441.859759, 1594741442.3960886, 1594741443.1146305, 1594741443.6177092, 1594741450.9328585, 1594741451.4925818, 1594741452.114694, 1594741452.6662555, 1594741459.83224, 1594741460.4214187, 1594741461.0719974, 1594741461.601243, 1594741468.8841963, 1594741469.4846518, 1594741470.135394, 1594741470.6178393, 1594741478.0533898, 1594741478.6032405, 1594741479.2825868, 1594741479.7603748, 1594741487.1459823, 1594741487.7040238, 1594741488.3693027, 1594741488.966999, 1594741496.3754873, 1594741496.9864368, 1594741497.6211226, 1594741498.2458982, 1594741505.4654982, 1594741506.0280256, 1594741506.9238677, 1594741507.5031984, 1594741514.6307907, 1594741515.2364047, 1594741516.1754124, 1594741516.7406082, 1594741524.0006323, 1594741524.6129453, 1594741525.2410197, 1594741525.819596, 1594741533.261156, 1594741533.8462362, 1594741534.402401, 1594741535.0536938, 1594741542.3838866, 1594741542.9813848, 1594741543.9036522, 1594741544.4779332, 1594741551.6572473, 1594741552.288008, 1594741552.9650977, 1594741553.5551078, 1594741560.8756185, 1594741561.448052, 1594741562.2305648, 1594741562.7992744, 1594741570.1484873, 1594741570.8801024, 1594741571.6226847, 1594741572.2533116, 1594741579.634667, 1594741580.2422948, 1594741580.971536, 1594741581.579958, 1594741588.8905156, 1594741589.524294, 1594741590.2075274, 1594741590.8379474, 1594741598.2051, 1594741598.7794273, 1594741599.6858182, 1594741600.2851267, 1594741607.5565705, 1594741608.217006, 1594741608.9323719, 1594741609.5808246, 1594741616.836278, 1594741617.4037695, 1594741618.186178, 1594741618.7478669, 1594741626.2192588, 1594741626.796152, 1594741627.5658226, 1594741628.2005556, 1594741635.4936736, 1594741636.1125197, 1594741636.867761, 1594741637.485028, 1594741644.6245873, 1594741645.2285903, 1594741646.1053023, 1594741646.7698188, 1594741654.1059175, 1594741654.731762, 1594741655.4389563, 1594741656.041695, 1594741663.300039, 1594741663.8864462, 1594741664.6300457, 1594741665.197671, 1594741672.5486946, 1594741673.1892257, 1594741674.0190005, 1594741674.5893886, 1594741681.9361224, 1594741682.5659432, 1594741683.2409692, 1594741683.8798878, 1594741691.2547045, 1594741691.892117, 1594741692.5515742, 1594741693.242352, 1594741700.6915498, 1594741701.2478812, 1594741702.0580745, 1594741702.677981, 1594741710.0820873, 1594741710.637132, 1594741711.489344, 1594741712.0666387, 1594741719.3469496, 1594741719.9932334, 1594741720.7359421, 1594741721.3301017, 1594741728.842954, 1594741729.4839592, 1594741730.2058883, 1594741730.7912128, 1594741738.044464, 1594741738.7222922, 1594741739.412156, 1594741739.995799, 1594741747.4167657, 1594741748.0491326, 1594741748.8297956, 1594741749.4893394, 1594741756.8270786, 1594741757.3779056, 1594741758.1143904, 1594741758.7783887, 1594741765.9948988, 1594741766.587614, 1594741767.3858018, 1594741768.0056093, 1594741775.3013763, 1594741775.816066, 1594741776.8000257, 1594741777.456557, 1594741784.7202063, 1594741785.284241, 1594741786.1312664, 1594741786.7924325, 1594741794.0497634, 1594741794.7561476, 1594741795.3877041, 1594741796.0019207, 1594741803.4666314, 1594741804.1448503, 1594741804.7811067, 1594741805.4522405, 1594741812.7539442, 1594741813.4507473, 1594741814.1169033, 1594741814.7615385, 1594741821.9339144, 1594741822.5199966, 1594741823.3532302, 1594741823.9741075, 1594741831.452685, 1594741832.0864892, 1594741832.8523996, 1594741833.4361448, 1594741840.7316628, 1594741841.2693112, 1594741842.0342276, 1594741842.6219707, 1594741849.9588742, 1594741850.611673, 1594741851.5126712, 1594741852.103258, 1594741859.44528, 1594741860.028533, 1594741860.7491858, 1594741861.3672, 1594741868.7719426, 1594741869.3690112, 1594741870.1069036, 1594741870.8503678, 1594741878.1044302, 1594741878.7157452, 1594741879.6879585, 1594741880.295843, 1594741887.554632, 1594741888.1308336, 1594741888.9161103, 1594741889.5684776, 1594741896.9209707, 1594741897.5013275, 1594741898.0244899, 1594741898.6962337, 1594741906.2197454, 1594741906.9001327, 1594741907.4316506, 1594741908.0857654, 1594741915.4645057, 1594741916.0899544, 1594741916.763929, 1594741917.3572092, 1594741924.5901914, 1594741925.2157207, 1594741925.9481559, 1594741926.545919, 1594741933.9515216, 1594741934.5839822, 1594741935.3647797, 1594741935.9746919, 1594741943.2807539, 1594741943.8311384, 1594741944.6466012, 1594741945.2828505, 1594741952.5495293, 1594741953.169745, 1594741953.998352, 1594741954.59807, 1594741961.892578, 1594741962.4925358, 1594741963.2910838, 1594741963.8833537, 1594741971.2022734, 1594741971.8636057, 1594741972.5757158, 1594741973.2336423, 1594741980.472968, 1594741980.9757996, 1594741981.9459274, 1594741982.5739732, 1594741989.9906294, 1594741990.5650737, 1594741991.3521097, 1594741991.9900699, 1594741999.399542, 1594741999.9651797, 1594742000.6338189, 1594742001.3010192, 1594742008.6528916, 1594742009.2626753, 1594742010.1389577, 1594742010.7233567, 1594742018.0215447, 1594742018.6099653, 1594742019.3616445, 1594742019.9933538, 1594742027.2976923, 1594742028.0387332, 1594742028.7893648, 1594742029.3434684, 1594742036.9798877, 1594742037.6417525, 1594742038.365977, 1594742039.0163624, 1594742046.286204, 1594742046.8938217, 1594742047.6881409, 1594742048.2618225, 1594742055.585291, 1594742056.2141027, 1594742056.8411655, 1594742057.4203815, 1594742065.0433354, 1594742065.5933204, 1594742066.3453946, 1594742066.9936485, 1594742074.333273, 1594742074.9961324, 1594742075.8783207, 1594742076.5167265, 1594742083.7327762, 1594742084.2914147, 1594742085.1505992, 1594742085.786698, 1594742093.0914488, 1594742093.7370102, 1594742094.5527012, 1594742095.1045141, 1594742102.294688, 1594742102.8729277, 1594742103.6741645, 1594742104.325389, 1594742111.5416498, 1594742112.1631463, 1594742113.0770102, 1594742113.6512058, 1594742121.0593944, 1594742121.7016637, 1594742122.4153216, 1594742123.0967107, 1594742130.2736926, 1594742130.7969077, 1594742131.6440277, 1594742132.2979107, 1594742139.7659154, 1594742140.3557143, 1594742141.147682, 1594742141.797757, 1594742149.0674312, 1594742149.6438618, 1594742150.3454401, 1594742150.9724777, 1594742158.3533618, 1594742158.945142, 1594742159.777184, 1594742160.3720076, 1594742167.842872, 1594742168.4834106, 1594742169.1673262, 1594742169.8405228, 1594742177.1131117, 1594742177.7651134, 1594742178.7500052, 1594742179.3769393, 1594742186.5549855, 1594742187.2121308, 1594742188.0867877, 1594742188.6664343, 1594742195.869712, 1594742196.5161452, 1594742197.307816, 1594742197.8891184, 1594742205.2316813, 1594742205.8822742, 1594742206.6322005, 1594742207.2351017, 1594742214.5724554, 1594742215.2668402, 1594742216.0920138, 1594742216.6449542, 1594742224.0273058, 1594742224.594812, 1594742225.3423808, 1594742225.9499166, 1594742233.2773337, 1594742233.9145124, 1594742234.6986132, 1594742235.2417214, 1594742242.5898273, 1594742243.1902227, 1594742244.0440598, 1594742244.6483624, 1594742252.0057528, 1594742252.5990632, 1594742253.3514109, 1594742253.9467978, 1594742261.2619479, 1594742261.871598, 1594742262.5613973, 1594742263.234264, 1594742270.6636474, 1594742271.2912998, 1594742272.0327194, 1594742272.6574519, 1594742279.82452, 1594742280.444739, 1594742281.1099105, 1594742281.8119833, 1594742289.0470815, 1594742289.6366036, 1594742290.6257846, 1594742291.227275, 1594742298.5167835, 1594742299.1431227, 1594742299.7807136, 1594742300.4291337, 1594742307.706033, 1594742308.3480568, 1594742309.016668, 1594742309.6533413, 1594742316.96856, 1594742317.6452518, 1594742318.5213397, 1594742319.188364, 1594742326.3923225, 1594742327.0367563, 1594742327.8216405, 1594742328.5486338, 1594742335.7444232, 1594742336.3384037, 1594742337.1525168, 1594742337.7358363, 1594742345.2877393, 1594742345.8842845, 1594742346.7477853, 1594742347.394742, 1594742354.567327, 1594742355.169454, 1594742355.904268, 1594742356.5585015],