{"initial_reset_timestamp": 1594741431.917382, "timestamps": [1594741432.4810922, 1594741433.0418885, 1594741433.6386333, 1594741434.1137571, 1594741441.8941169, 1594741442.4292462, 1594741443.189647, 1594741443.661195, 1594741450.925243, 1594741451.4540303, 1594741452.0934868, 1594741452.6947079, 1594741459.8491964, 1594741460.3395116, 1594741461.0694098, 1594741461.636104, 1594741468.9998367, 1594741469.5444608, 1594741470.2287223, 1594741470.7607567, 1594741478.02276, 1594741478.5986738, 1594741479.2447903, 1594741479.8723648, 1594741487.1818109, 1594741487.777257, 1594741488.3470843, 1594741488.9107015, 1594741496.3663552, 1594741496.9770176, 1594741497.6856503, 1594741498.2452102, 1594741505.5248969, 1594741506.1166239, 1594741506.8251555, 1594741507.3534255, 1594741514.7404234, 1594741515.285687, 1594741516.125944, 1594741516.7457678, 1594741523.9814267, 1594741524.5866141, 1594741525.305084, 1594741525.9456842, 1594741533.1623392, 1594741533.8108625, 1594741534.488885, 1594741534.982825, 1594741542.4297237, 1594741542.994603, 1594741543.8480942, 1594741544.4775293, 1594741551.6923494, 1594741552.2785397, 1594741552.95555, 1594741553.5553184, 1594741560.9965496, 1594741561.5340667, 1594741562.2591681, 1594741562.8534849, 1594741570.0967634, 1594741570.8340554, 1594741571.6921816, 1594741572.3151238, 1594741579.6760979, 1594741580.2795248, 1594741581.0366044, 1594741581.611907, 1594741588.877331, 1594741589.4426193, 1594741590.1798034, 1594741590.8414078, 1594741598.2011178, 1594741598.7903426, 1594741599.550084, 1594741600.2345617, 1594741607.4835982, 1594741608.0824678, 1594741608.867278, 1594741609.423322, 1594741616.7678323, 1594741617.3430033, 1594741618.18109, 1594741618.8551993, 1594741626.2340527, 1594741626.8312573, 1594741627.6399791, 1594741628.2285764, 1594741635.507366, 1594741636.140039, 1594741636.8599527, 1594741637.4815066, 1594741644.708871, 1594741645.290559, 1594741646.1437469, 1594741646.7927563, 1594741654.0656934, 1594741654.6927142, 1594741655.426164, 1594741656.073786, 1594741663.2272458, 1594741663.849879, 1594741664.5234044, 1594741665.0723765, 1594741672.6129518, 1594741673.1977317, 1594741674.0384269, 1594741674.6160166, 1594741681.89187, 1594741682.4968226, 1594741683.1645997, 1594741683.7980828, 1594741691.2553687, 1594741691.8738043, 1594741692.6433287, 1594741693.221996, 1594741700.732697, 1594741701.2892334, 1594741702.1283245, 1594741702.7382185, 1594741710.1063635, 1594741710.7251382, 1594741711.438332, 1594741712.0444872, 1594741719.3022661, 1594741719.9152606, 1594741720.6565964, 1594741721.4286385, 1594741728.7912154, 1594741729.3584363, 1594741730.1920438, 1594741730.8314714, 1594741737.9718401, 1594741738.6058626, 1594741739.5200248, 1594741740.163878, 1594741747.4227357, 1594741748.026334, 1594741748.898445, 1594741749.4672158, 1594741756.8020704, 1594741757.4784338, 1594741758.1673822, 1594741758.7534485, 1594741766.0826588, 1594741766.6443782, 1594741767.3959396, 1594741768.0415678, 1594741775.41811, 1594741775.9864972, 1594741776.7224932, 1594741777.3644137, 1594741784.777908, 1594741785.3562195, 1594741786.166858, 1594741786.8302693, 1594741794.1014314, 1594741794.7453108, 1594741795.4483836, 1594741796.084517, 1594741803.477266, 1594741804.116796, 1594741804.8059978, 1594741805.3527036, 1594741812.7749796, 1594741813.3652556, 1594741814.107866, 1594741814.730297, 1594741822.0481, 1594741822.6031365, 1594741823.461427, 1594741824.0489583, 1594741831.5028646, 1594741832.0812242, 1594741832.776934, 1594741833.394676, 1594741840.6684887, 1594741841.2408204, 1594741842.0638013, 1594741842.6895816, 1594741849.9797375, 1594741850.6182926, 1594741851.4670181, 1594741852.0727637, 1594741859.4273152, 1594741859.923771, 1594741860.746884, 1594741861.3469694, 1594741868.6443207, 1594741869.296799, 1594741870.0871193, 1594741870.730001, 1594741878.254998, 1594741878.8970501, 1594741879.6217644, 1594741880.2810235, 1594741887.6604316, 1594741888.2847364, 1594741888.9866207, 1594741889.637467, 1594741896.8280742, 1594741897.3713171, 1594741898.2060204, 1594741898.7760556, 1594741906.3024898, 1594741906.8776336, 1594741907.5400794, 1594741908.1253865, 1594741915.4541478, 1594741916.0320454, 1594741916.7467558, 1594741917.3358579, 1594741924.579599, 1594741925.1735992, 1594741925.9378695, 1594741926.5174086, 1594741934.0432708, 1594741934.6249003, 1594741935.2800295, 1594741935.9187799, 1594741943.2127864, 1594741943.8811417, 1594741944.6237388, 1594741945.214289, 1594741952.4667542, 1594741952.9948833, 1594741954.0359643, 1594741954.5807474, 1594741961.9559238, 1594741962.5705981, 1594741963.2348478, 1594741963.8479743, 1594741971.2539957, 1594741971.8819494, 1594741972.5798805, 1594741973.2392616, 1594741980.4907477, 1594741981.1681461, 1594741982.0544693, 1594741982.725479, 1594741989.959556, 1594741990.531393, 1594741991.3544915, 1594741991.929761, 1594741999.2742167, 1594741999.9396517, 1594742000.6186104, 1594742001.195827, 1594742008.6625276, 1594742009.311302, 1594742010.0734413, 1594742010.6813924, 1594742017.9765782, 1594742018.615537, 1594742019.387117, 1594742020.0318537, 1594742027.405545, 1594742028.1547952, 1594742028.8892071, 1594742029.5500247, 1594742037.035137, 1594742037.7401438, 1594742038.346752, 1594742038.9319184, 1594742046.292681, 1594742046.940178, 1594742047.6719692, 1594742048.318332, 1594742055.5773873, 1594742056.2130249, 1594742057.0150537, 1594742057.5695448, 1594742064.972035, 1594742065.6090324, 1594742066.3737912, 1594742066.9776387, 1594742074.2447393, 1594742074.8290155, 1594742075.727363, 1594742076.3315878, 1594742083.7252588, 1594742084.3745239, 1594742085.2948303, 1594742085.8514624, 1594742093.113667, 1594742093.7298133, 1594742094.357873, 1594742094.8673751, 1594742102.256181, 1594742102.8316936, 1594742103.6896937, 1594742104.2987502, 1594742111.6524467, 1594742112.2910943, 1594742113.1296701, 1594742113.7471466, 1594742120.9939706, 1594742121.6114833, 1594742122.3281736, 1594742122.9443974, 1594742130.262464, 1594742130.94049, 1594742131.7466779, 1594742132.3458526, 1594742139.7022784, 1594742140.284157, 1594742141.1545324, 1594742141.7634988, 1594742149.1371684, 1594742149.714907, 1594742150.4126816, 1594742151.090137, 1594742158.2955165, 1594742158.979682, 1594742159.7507493, 1594742160.3447177, 1594742167.8362365, 1594742168.469639, 1594742169.0638223, 1594742169.7816076, 1594742177.066601, 1594742177.763365, 1594742178.7730794, 1594742179.3342404, 1594742186.6179593, 1594742187.1706948, 1594742188.024309, 1594742188.6546159, 1594742195.970152, 1594742196.5688643, 1594742197.2342827, 1594742197.8598235, 1594742205.2741797, 1594742205.8888376, 1594742206.6791735, 1594742207.2876017, 1594742214.6215463, 1594742215.187517, 1594742216.0454545, 1594742216.6299474, 1594742224.074507, 1594742224.6902149, 1594742225.2919486, 1594742225.8883114, 1594742233.2511353, 1594742233.8110704, 1594742234.592891, 1594742235.2735286, 1594742242.711343, 1594742243.2843592, 1594742243.9828436, 1594742244.670415, 1594742251.9306395, 1594742252.5987084, 1594742253.3571906, 1594742253.924144, 1594742261.2687716, 1594742261.8060713, 1594742262.5968301, 1594742263.165912, 1594742270.5626013, 1594742271.187065, 1594742271.9397588, 1594742272.5836241, 1594742279.845962, 1594742280.4691606, 1594742281.2383249, 1594742281.8531296, 1594742289.0942485, 1594742289.7383552, 1594742290.5265965, 1594742291.1381218, 1594742298.3852022, 1594742299.0771775, 1594742299.7567883, 1594742300.4153361, 1594742307.832859, 1594742308.402535, 1594742309.1016347, 1594742309.7148876, 1594742316.980247, 1594742317.6724648, 1594742318.45369, 1594742318.9905002, 1594742326.377905, 1594742327.069067, 1594742327.836318, 1594742328.528973, 1594742335.9277942, 1594742336.5364363, 1594742337.1819952, 1594742337.7492228, 1594742345.2934663, 1594742345.8593445, 1594742346.6636884, 1594742347.243356, 1594742354.6425939, 1594742355.1937637, 1594742355.9046853, 1594742356.5064886],