{"initial_reset_timestamp": 1594741431.917846, "timestamps": [1594741432.4234643, 1594741432.9715476, 1594741433.645823, 1594741434.2055576, 1594741441.8209307, 1594741442.3697107, 1594741443.1827302, 1594741443.7228043, 1594741450.8965607, 1594741451.4306178, 1594741452.0803032, 1594741452.6708493, 1594741459.851944, 1594741460.436098, 1594741461.1192534, 1594741461.7005408, 1594741468.895316, 1594741469.4305446, 1594741470.201325, 1594741470.7786403, 1594741478.0088134, 1594741478.5756965, 1594741479.2294846, 1594741479.7949486, 1594741487.16034, 1594741487.7795115, 1594741488.4113295, 1594741488.978864, 1594741496.4155428, 1594741496.9725215, 1594741497.633625, 1594741498.2042167, 1594741505.448547, 1594741506.0657406, 1594741506.7600632, 1594741507.3489194, 1594741514.7574542, 1594741515.3786263, 1594741516.1602938, 1594741516.79677, 1594741523.9255235, 1594741524.4578607, 1594741525.143602, 1594741525.77046, 1594741533.1619663, 1594741533.7416017, 1594741534.4805791, 1594741535.0705452, 1594741542.38592, 1594741542.992293, 1594741543.8335354, 1594741544.4108534, 1594741551.6458826, 1594741552.2178154, 1594741552.993079, 1594741553.6155477, 1594741560.9391735, 1594741561.524145, 1594741562.1862645, 1594741562.7822063, 1594741570.1623123, 1594741570.8410106, 1594741571.7148073, 1594741572.2718604, 1594741579.6015584, 1594741580.1932614, 1594741580.9881608, 1594741581.6172252, 1594741588.8871698, 1594741589.4755425, 1594741590.305997, 1594741590.847731, 1594741598.1776097, 1594741598.7284389, 1594741599.6290395, 1594741600.2070892, 1594741607.5820465, 1594741608.148115, 1594741608.9481542, 1594741609.5527678, 1594741616.762149, 1594741617.407354, 1594741618.1665246, 1594741618.7539072, 1594741626.1800573, 1594741626.8250952, 1594741627.473941, 1594741628.0694802, 1594741635.464952, 1594741635.991552, 1594741636.7628155, 1594741637.423111, 1594741644.6776, 1594741645.2497401, 1594741646.135051, 1594741646.7177923, 1594741654.0259886, 1594741654.6545537, 1594741655.3710253, 1594741655.9939342, 1594741663.3234336, 1594741663.9206712, 1594741664.6331198, 1594741665.2755475, 1594741672.5500865, 1594741673.144048, 1594741673.9820442, 1594741674.5865014, 1594741681.8723824, 1594741682.4461565, 1594741683.1628382, 1594741683.8061862, 1594741691.248275, 1594741691.8073144, 1594741692.6480446, 1594741693.2498984, 1594741700.6688406, 1594741701.2802732, 1594741702.1000805, 1594741702.692883, 1594741710.0718262, 1594741710.6849563, 1594741711.419063, 1594741712.0171418, 1594741719.2969742, 1594741719.96605, 1594741720.6750944, 1594741721.366844, 1594741728.6893125, 1594741729.3304021, 1594741730.1764123, 1594741730.7964318, 1594741738.1561153, 1594741738.7716012, 1594741739.4981637, 1594741740.0843997, 1594741747.4299068, 1594741748.0445054, 1594741748.8649473, 1594741749.4483423, 1594741756.755819, 1594741757.3792994, 1594741758.1120741, 1594741758.782677, 1594741766.0491772, 1594741766.649691, 1594741767.414171, 1594741768.0166347, 1594741775.3243835, 1594741775.9816217, 1594741776.8546476, 1594741777.5052245, 1594741784.6636639, 1594741785.2890904, 1594741786.1195595, 1594741786.7499192, 1594741794.0511012, 1594741794.6801012, 1594741795.4106493, 1594741795.9714603, 1594741803.4446518, 1594741804.07326, 1594741804.7981863, 1594741805.3742678, 1594741812.7587342, 1594741813.417021, 1594741814.186513, 1594741814.8167632, 1594741822.0353065, 1594741822.66284, 1594741823.4537854, 1594741824.065943, 1594741831.491893, 1594741832.1000788, 1594741832.7543864, 1594741833.3055713, 1594741840.6898942, 1594741841.3157735, 1594741841.9975934, 1594741842.6330013, 1594741850.0170898, 1594741850.5559506, 1594741851.4865313, 1594741852.1147184, 1594741859.3902283, 1594741860.0940187, 1594741860.7703748, 1594741861.4222333, 1594741868.8088684, 1594741869.4048967, 1594741870.1118422, 1594741870.7726674, 1594741878.271675, 1594741878.8438845, 1594741879.6317372, 1594741880.3114326, 1594741887.679446, 1594741888.2619398, 1594741889.0101833, 1594741889.5651278, 1594741896.8248212, 1594741897.377317, 1594741898.2200847, 1594741898.789027, 1594741906.3156319, 1594741906.86762, 1594741907.4786296, 1594741908.081111, 1594741915.4637046, 1594741916.0360873, 1594741916.7468197, 1594741917.4192617, 1594741924.5916092, 1594741925.1753488, 1594741926.015014, 1594741926.577445, 1594741933.9876509, 1594741934.6262953, 1594741935.2789087, 1594741935.9577456, 1594741943.259561, 1594741943.8852468, 1594741944.6476076, 1594741945.2494628, 1594741952.5448606, 1594741953.1674783, 1594741953.9803576, 1594741954.5618458, 1594741961.8574114, 1594741962.4172003, 1594741963.321401, 1594741963.9143884, 1594741971.3120651, 1594741971.8415508, 1594741972.5693982, 1594741973.170615, 1594741980.5139983, 1594741981.1450357, 1594741982.002582, 1594741982.5533636, 1594741989.8346872, 1594741990.4554315, 1594741991.3948083, 1594741991.937599, 1594741999.3363893, 1594741999.9216506, 1594742000.6288958, 1594742001.2767465, 1594742008.6226895, 1594742009.2352724, 1594742010.032393, 1594742010.6984804, 1594742017.9940214, 1594742018.5530403, 1594742019.507999, 1594742020.0446787, 1594742027.3741107, 1594742028.0312555, 1594742028.9262605, 1594742029.5502715, 1594742036.8410525, 1594742037.4141307, 1594742038.4791186, 1594742039.0798204, 1594742046.2900007, 1594742046.9149997, 1594742047.656806, 1594742048.3031301, 1594742055.5894585, 1594742056.20783, 1594742056.9181442, 1594742057.4940696, 1594742064.9305916, 1594742065.4924462, 1594742066.3572218, 1594742067.0661006, 1594742074.3335783, 1594742074.861549, 1594742075.8004382, 1594742076.414389, 1594742083.6285768, 1594742084.2487726, 1594742085.0918295, 1594742085.8086386, 1594742093.1233008, 1594742093.7381532, 1594742094.3245368, 1594742094.943104, 1594742102.3514516, 1594742102.9281106, 1594742103.666678, 1594742104.253165, 1594742111.6011357, 1594742112.1634734, 1594742113.1460607, 1594742113.7667696, 1594742120.9423678, 1594742121.6072283, 1594742122.479731, 1594742123.0453825, 1594742130.41246, 1594742130.9835997, 1594742131.5598006, 1594742132.2424347, 1594742139.681001, 1594742140.2576625, 1594742141.0959327, 1594742141.6963243, 1594742149.0857131, 1594742149.715933, 1594742150.4263446, 1594742151.078147, 1594742158.3969955, 1594742158.9058926, 1594742159.653828, 1594742160.3113928, 1594742167.8135037, 1594742168.4415972, 1594742169.124096, 1594742169.8224216, 1594742177.1459165, 1594742177.7565935, 1594742178.5251021, 1594742179.2005281, 1594742186.5379636, 1594742187.2006397, 1594742188.1335962, 1594742188.6573446, 1594742195.943591, 1594742196.5806322, 1594742197.3763998, 1594742197.9906332, 1594742205.1958683, 1594742205.7334082, 1594742206.6135345, 1594742207.210111, 1594742214.6568007, 1594742215.298028, 1594742216.1903195, 1594742216.6858041, 1594742224.0223155, 1594742224.6405528, 1594742225.3260632, 1594742225.9828618, 1594742233.2259068, 1594742233.774224, 1594742234.6166651, 1594742235.2106774, 1594742242.7136226, 1594742243.2890766, 1594742244.0276, 1594742244.6689024, 1594742251.9872117, 1594742252.5404866, 1594742253.3146677, 1594742254.020431, 1594742261.220658, 1594742261.8420982, 1594742262.6830475, 1594742263.2924213, 1594742270.6379175, 1594742271.174191, 1594742271.971655, 1594742272.5503192, 1594742279.914572, 1594742280.5475612, 1594742281.210895, 1594742281.8401856, 1594742289.154569, 1594742289.7530122, 1594742290.517794, 1594742291.085033, 1594742298.5148487, 1594742299.1186013, 1594742299.882672, 1594742300.4630334, 1594742307.7438598, 1594742308.3839226, 1594742309.0810146, 1594742309.782539, 1594742317.1186905, 1594742317.7282906, 1594742318.5572214, 1594742319.117276, 1594742326.4176376, 1594742326.9596858, 1594742327.7678688, 1594742328.3999605, 1594742335.9016032, 1594742336.506598, 1594742337.1357102, 1594742337.7716756, 1594742345.2502892, 1594742345.9300742, 1594742346.7431629, 1594742347.3314993, 1594742354.6873145, 1594742355.2886474, 1594742355.9415424, 1594742356.5773454],