{"initial_reset_timestamp": 1594741431.9175558, "timestamps": [1594741432.479631, 1594741433.049161, 1594741433.6542106, 1594741434.1614375, 1594741441.8881965, 1594741442.4485674, 1594741443.1423097, 1594741443.7321432, 1594741450.9154181, 1594741451.4923203, 1594741452.1265638, 1594741452.7030869, 1594741459.9413004, 1594741460.482204, 1594741461.1475039, 1594741461.6587517, 1594741468.9757793, 1594741469.527895, 1594741470.283102, 1594741470.8387954, 1594741478.076112, 1594741478.6157198, 1594741479.298076, 1594741479.84179, 1594741487.1644955, 1594741487.7627819, 1594741488.3402808, 1594741488.9133966, 1594741496.370291, 1594741496.936609, 1594741497.5737638, 1594741498.159185, 1594741505.458046, 1594741506.053472, 1594741506.8143518, 1594741507.3518531, 1594741514.6840482, 1594741515.2694619, 1594741516.0966744, 1594741516.7502725, 1594741524.0670638, 1594741524.611205, 1594741525.2529445, 1594741525.8523412, 1594741533.1817873, 1594741533.803637, 1594741534.5423434, 1594741535.0641625, 1594741542.3944428, 1594741542.986235, 1594741543.8387604, 1594741544.4702756, 1594741551.7188041, 1594741552.3105621, 1594741552.9902391, 1594741553.6222215, 1594741560.9353657, 1594741561.5460086, 1594741562.2479594, 1594741562.8372433, 1594741570.201726, 1594741570.9244614, 1594741571.7375672, 1594741572.3789356, 1594741579.644641, 1594741580.237753, 1594741580.9961803, 1594741581.5631852, 1594741588.860762, 1594741589.4882777, 1594741590.2220995, 1594741590.7805383, 1594741598.2672656, 1594741598.8830898, 1594741599.560205, 1594741600.2167087, 1594741607.4788578, 1594741608.0840557, 1594741608.9235306, 1594741609.551653, 1594741616.7962604, 1594741617.3233726, 1594741618.236239, 1594741618.7675858, 1594741626.1407027, 1594741626.7453687, 1594741627.5581715, 1594741628.2250016, 1594741635.5035224, 1594741636.1140904, 1594741636.795875, 1594741637.360624, 1594741644.6735353, 1594741645.279245, 1594741646.1548154, 1594741646.7109954, 1594741654.0674546, 1594741654.62823, 1594741655.324067, 1594741655.9374206, 1594741663.2641025, 1594741663.8285344, 1594741664.5780146, 1594741665.1807737, 1594741672.6008306, 1594741673.1340764, 1594741673.9894874, 1594741674.5951803, 1594741681.9644628, 1594741682.5369997, 1594741683.367403, 1594741684.0168352, 1594741691.291039, 1594741691.9264038, 1594741692.6619647, 1594741693.3182464, 1594741700.6893942, 1594741701.3093402, 1594741702.1557198, 1594741702.8167713, 1594741710.078449, 1594741710.7732277, 1594741711.4442148, 1594741711.9851356, 1594741719.3470428, 1594741719.9700365, 1594741720.8607464, 1594741721.4546807, 1594741728.7562225, 1594741729.4188306, 1594741730.1375294, 1594741730.7462955, 1594741738.14489, 1594741738.797315, 1594741739.4745693, 1594741740.0496206, 1594741747.4021595, 1594741747.967384, 1594741748.9189627, 1594741749.4820268, 1594741756.8373342, 1594741757.514968, 1594741758.1692262, 1594741758.7891545, 1594741766.0442708, 1594741766.7005513, 1594741767.505361, 1594741768.122961, 1594741775.3904033, 1594741775.9724643, 1594741776.8108094, 1594741777.4757311, 1594741784.7917125, 1594741785.4192033, 1594741786.1880403, 1594741786.810769, 1594741794.1745253, 1594741794.7644281, 1594741795.4305658, 1594741796.0010014, 1594741803.552815, 1594741804.1210423, 1594741804.867838, 1594741805.5008478, 1594741812.7988036, 1594741813.3199275, 1594741814.1038272, 1594741814.7378097, 1594741822.0567956, 1594741822.610345, 1594741823.3384817, 1594741823.983163, 1594741831.4056175, 1594741831.942268, 1594741832.7613184, 1594741833.3502352, 1594741840.7063317, 1594741841.336107, 1594741842.0596292, 1594741842.7090921, 1594741849.9341989, 1594741850.512658, 1594741851.4859326, 1594741852.1435874, 1594741859.3920918, 1594741859.9827363, 1594741860.8144512, 1594741861.435759, 1594741868.7054808, 1594741869.3270302, 1594741870.112582, 1594741870.7988024, 1594741878.0453951, 1594741878.6098373, 1594741879.730623, 1594741880.330276, 1594741887.6538348, 1594741888.1896257, 1594741889.002554, 1594741889.5752175, 1594741896.8854492, 1594741897.4892619, 1594741898.1918225, 1594741898.76141, 1594741906.2373815, 1594741906.8708186, 1594741907.5600705, 1594741908.186842, 1594741915.3425655, 1594741916.022888, 1594741916.7898753, 1594741917.4017825, 1594741924.5796034, 1594741925.1746647, 1594741925.9720821, 1594741926.6009514, 1594741933.8954926, 1594741934.4868026, 1594741935.378664, 1594741935.9582412, 1594741943.2011328, 1594741943.8526483, 1594741944.5996943, 1594741945.2560575, 1594741952.5768013, 1594741953.209227, 1594741954.0290809, 1594741954.636074, 1594741961.9038641, 1594741962.533679, 1594741963.327272, 1594741963.9322248, 1594741971.2219763, 1594741971.8370712, 1594741972.5830288, 1594741973.2440088, 1594741980.5451033, 1594741981.1825318, 1594741982.0171413, 1594741982.6214128, 1594741989.9259708, 1594741990.5738623, 1594741991.3498385, 1594741992.00606, 1594741999.327039, 1594741999.9107146, 1594742000.528557, 1594742001.2675068, 1594742008.580841, 1594742009.179986, 1594742010.0402572, 1594742010.5975397, 1594742018.0185542, 1594742018.6485224, 1594742019.297138, 1594742020.041299, 1594742027.5514848, 1594742028.0990245, 1594742028.8780475, 1594742029.5287778, 1594742036.9643888, 1594742037.5640054, 1594742038.35528, 1594742038.9417014, 1594742046.2845151, 1594742046.9436278, 1594742047.714294, 1594742048.2850432, 1594742055.6130319, 1594742056.2673063, 1594742056.8904603, 1594742057.4753716, 1594742064.9893897, 1594742065.655687, 1594742066.3549895, 1594742066.9570544, 1594742074.3832445, 1594742074.98762, 1594742075.7503986, 1594742076.3979397, 1594742083.6496665, 1594742084.2537484, 1594742085.2012093, 1594742085.7624018, 1594742093.1307344, 1594742093.7125027, 1594742094.494788, 1594742095.080564, 1594742102.3401268, 1594742102.90011, 1594742103.6141975, 1594742104.232273, 1594742111.6684732, 1594742112.2124138, 1594742113.1041987, 1594742113.7423406, 1594742121.0400138, 1594742121.6676354, 1594742122.402486, 1594742123.0675662, 1594742130.2475452, 1594742130.8450685, 1594742131.6339126, 1594742132.287589, 1594742139.6837757, 1594742140.3267963, 1594742141.1241148, 1594742141.719079, 1594742149.061959, 1594742149.6839147, 1594742150.4180903, 1594742151.0618799, 1594742158.3176918, 1594742158.9718516, 1594742159.7341192, 1594742160.3571804, 1594742167.8117442, 1594742168.4170372, 1594742169.1787477, 1594742169.8708327, 1594742177.1509783, 1594742177.7675633, 1594742178.6428995, 1594742179.325962, 1594742186.6922753, 1594742187.2155254, 1594742188.1733768, 1594742188.7462375, 1594742195.9940572, 1594742196.5832129, 1594742197.2823987, 1594742197.8822277, 1594742205.383192, 1594742205.985547, 1594742206.651398, 1594742207.2560894, 1594742214.6513507, 1594742215.2735434, 1594742216.0911336, 1594742216.6897895, 1594742224.0825288, 1594742224.6989772, 1594742225.2789161, 1594742225.8945384, 1594742233.2503092, 1594742233.8907151, 1594742234.6501186, 1594742235.2816894, 1594742242.678952, 1594742243.2770948, 1594742244.046708, 1594742244.678713, 1594742251.94599, 1594742252.5809734, 1594742253.311407, 1594742253.9655683, 1594742261.2664037, 1594742261.9096308, 1594742262.5392025, 1594742263.0861065, 1594742270.6833003, 1594742271.2707405, 1594742272.0506077, 1594742272.63387, 1594742279.9126606, 1594742280.5187917, 1594742281.255482, 1594742281.850662, 1594742289.0571346, 1594742289.6370249, 1594742290.5758266, 1594742291.1986578, 1594742298.5013847, 1594742299.1418114, 1594742299.7868185, 1594742300.3960533, 1594742307.722, 1594742308.3558545, 1594742309.18185, 1594742309.8448644, 1594742317.0968666, 1594742317.6685038, 1594742318.5369096, 1594742319.090411, 1594742326.5234709, 1594742327.1245034, 1594742327.8144815, 1594742328.505257, 1594742335.7811997, 1594742336.3934143, 1594742337.195172, 1594742337.8851016, 1594742345.3264558, 1594742345.8983145, 1594742346.62404, 1594742347.291529, 1594742354.60037, 1594742355.264074, 1594742355.965849, 1594742356.6422238],