{"initial_reset_timestamp": 1594741431.9177551, "timestamps": [1594741432.5101273, 1594741433.0890121, 1594741433.6481051, 1594741434.119861, 1594741441.8197584, 1594741442.3686247, 1594741443.138478, 1594741443.6792269, 1594741450.8770165, 1594741451.4434252, 1594741452.1081226, 1594741452.602577, 1594741459.9359646, 1594741460.4777763, 1594741461.0688503, 1594741461.5529723, 1594741468.9635146, 1594741469.5582955, 1594741470.2302465, 1594741470.8146658, 1594741477.9604542, 1594741478.5316756, 1594741479.3022308, 1594741479.8900483, 1594741487.144572, 1594741487.755824, 1594741488.364991, 1594741488.906087, 1594741496.3117778, 1594741496.9047225, 1594741497.6076717, 1594741498.184541, 1594741505.6010518, 1594741506.1671412, 1594741506.800005, 1594741507.3960574, 1594741514.808978, 1594741515.3771546, 1594741516.1173077, 1594741516.6727514, 1594741524.0721223, 1594741524.631461, 1594741525.2630842, 1594741525.8521993, 1594741533.2012742, 1594741533.823577, 1594741534.4939904, 1594741535.049072, 1594741542.3756177, 1594741542.9329207, 1594741543.7726293, 1594741544.3842547, 1594741551.6571505, 1594741552.2239194, 1594741553.0794306, 1594741553.66539, 1594741560.8670676, 1594741561.3931415, 1594741562.2311316, 1594741562.8073566, 1594741570.157975, 1594741570.854492, 1594741571.6905427, 1594741572.252114, 1594741579.636264, 1594741580.2137914, 1594741580.9641187, 1594741581.5413961, 1594741588.913886, 1594741589.497305, 1594741590.2181468, 1594741590.828318, 1594741598.210089, 1594741598.8226233, 1594741599.541278, 1594741600.2002475, 1594741607.4921572, 1594741608.1402175, 1594741608.8455484, 1594741609.5331736, 1594741616.8232777, 1594741617.442797, 1594741618.1401865, 1594741618.7320828, 1594741626.1636434, 1594741626.7237403, 1594741627.5279326, 1594741628.1193662, 1594741635.4297762, 1594741636.0355237, 1594741636.8801234, 1594741637.4671664, 1594741644.728252, 1594741645.2685137, 1594741646.161177, 1594741646.7999225, 1594741654.0622153, 1594741654.670891, 1594741655.3939712, 1594741656.0386932, 1594741663.278563, 1594741663.9271955, 1594741664.6061132, 1594741665.224759, 1594741672.510625, 1594741673.140853, 1594741674.0208094, 1594741674.650729, 1594741681.9921033, 1594741682.557301, 1594741683.261127, 1594741683.8977528, 1594741691.1316674, 1594741691.723606, 1594741692.5652437, 1594741693.2277927, 1594741700.67665, 1594741701.2555244, 1594741702.0591373, 1594741702.6489727, 1594741709.9817288, 1594741710.6695397, 1594741711.3518202, 1594741711.9563837, 1594741719.2566175, 1594741719.8509378, 1594741720.6773767, 1594741721.4252434, 1594741728.7480028, 1594741729.363516, 1594741730.2116861, 1594741730.856431, 1594741738.1095142, 1594741738.6531112, 1594741739.407966, 1594741740.015976, 1594741747.3912117, 1594741747.96557, 1594741748.9021819, 1594741749.4813957, 1594741756.8395941, 1594741757.4989839, 1594741758.1147883, 1594741758.7274234, 1594741766.1402044, 1594741766.7258706, 1594741767.4168706, 1594741768.0856595, 1594741775.3525903, 1594741776.0198905, 1594741776.8286846, 1594741777.4845574, 1594741784.7982998, 1594741785.352918, 1594741786.1647308, 1594741786.7639272, 1594741794.136161, 1594741794.7396672, 1594741795.468601, 1594741796.0907257, 1594741803.515637, 1594741804.1111972, 1594741804.8745584, 1594741805.4760094, 1594741812.7618332, 1594741813.3697805, 1594741814.0803394, 1594741814.6860383, 1594741822.0002825, 1594741822.5252187, 1594741823.4148333, 1594741824.014132, 1594741831.356057, 1594741831.9936893, 1594741832.7602983, 1594741833.383849, 1594741840.636553, 1594741841.1355913, 1594741842.0334058, 1594741842.6439314, 1594741850.070166, 1594741850.660967, 1594741851.4237742, 1594741852.0300057, 1594741859.3840837, 1594741860.0333438, 1594741860.820638, 1594741861.480307, 1594741868.7818766, 1594741869.3452442, 1594741870.037719, 1594741870.6510909, 1594741878.1717954, 1594741878.7603586, 1594741879.6039124, 1594741880.2336135, 1594741887.6554565, 1594741888.2132967, 1594741888.9614182, 1594741889.5214574, 1594741896.8451881, 1594741897.43737, 1594741898.2826903, 1594741898.8984296, 1594741906.248914, 1594741906.8309047, 1594741907.460217, 1594741908.0852365, 1594741915.397419, 1594741915.9800212, 1594741916.7707753, 1594741917.3817053, 1594741924.6034667, 1594741925.1808107, 1594741925.9060526, 1594741926.4695077, 1594741934.0504034, 1594741934.6596172, 1594741935.328427, 1594741935.9092798, 1594741943.3020818, 1594741943.877018, 1594741944.5669973, 1594741945.1920042, 1594741952.572677, 1594741953.1583965, 1594741953.9775555, 1594741954.5855694, 1594741961.9108143, 1594741962.5310915, 1594741963.3513193, 1594741963.9397843, 1594741971.2350616, 1594741971.8138514, 1594741972.5362144, 1594741973.1502666, 1594741980.558485, 1594741981.1810296, 1594741981.9460282, 1594741982.6877763, 1594741989.9469519, 1594741990.5528219, 1594741991.3531368, 1594741992.002844, 1594741999.354863, 1594741999.9553514, 1594742000.650656, 1594742001.2774224, 1594742008.6131508, 1594742009.2179322, 1594742010.039028, 1594742010.6595275, 1594742017.9785411, 1594742018.5999904, 1594742019.3424037, 1594742019.941499, 1594742027.4323847, 1594742028.135872, 1594742028.846713, 1594742029.4820101, 1594742036.8893244, 1594742037.526519, 1594742038.3605087, 1594742038.9366496, 1594742046.213127, 1594742046.840212, 1594742047.6717725, 1594742048.261027, 1594742055.5595405, 1594742056.1215336, 1594742056.8969424, 1594742057.5624828, 1594742065.023584, 1594742065.6630082, 1594742066.3213727, 1594742066.9283822, 1594742074.360577, 1594742074.9900286, 1594742075.8500707, 1594742076.4540222, 1594742083.749229, 1594742084.387778, 1594742085.142281, 1594742085.6684306, 1594742093.130234, 1594742093.7784312, 1594742094.3838928, 1594742094.9380965, 1594742102.2835782, 1594742102.8797607, 1594742103.7990274, 1594742104.3810296, 1594742111.600622, 1594742112.2622933, 1594742113.0714712, 1594742113.680743, 1594742121.0820403, 1594742121.7301538, 1594742122.4028587, 1594742123.053506, 1594742130.2652473, 1594742130.9009676, 1594742131.6335459, 1594742132.2399092, 1594742139.7136467, 1594742140.4307761, 1594742141.1468966, 1594742141.7616751, 1594742149.0282538, 1594742149.6519036, 1594742150.4323142, 1594742151.0803487, 1594742158.2680373, 1594742158.858728, 1594742159.7162836, 1594742160.3610678, 1594742167.8285313, 1594742168.4404263, 1594742169.2283745, 1594742169.8191419, 1594742177.074171, 1594742177.6711924, 1594742178.8050373, 1594742179.419872, 1594742186.5802233, 1594742187.2840607, 1594742187.9485002, 1594742188.635323, 1594742196.0434647, 1594742196.632724, 1594742197.3225698, 1594742197.916432, 1594742205.2553902, 1594742205.8388302, 1594742206.5544949, 1594742207.2224815, 1594742214.586698, 1594742215.1977391, 1594742216.1090987, 1594742216.692645, 1594742224.099121, 1594742224.6577446, 1594742225.3016334, 1594742225.9603593, 1594742233.2334836, 1594742233.8373816, 1594742234.6668358, 1594742235.2587268, 1594742242.6290274, 1594742243.2203014, 1594742244.0182645, 1594742244.6023076, 1594742251.9014804, 1594742252.4108922, 1594742253.319896, 1594742253.9808156, 1594742261.2027128, 1594742261.792453, 1594742262.6372674, 1594742263.2418795, 1594742270.6955185, 1594742271.2632537, 1594742272.0019674, 1594742272.6113167, 1594742279.9355452, 1594742280.4806654, 1594742281.1907375, 1594742281.8704479, 1594742289.056365, 1594742289.7230194, 1594742290.5982456, 1594742291.2711244, 1594742298.3706863, 1594742299.0162323, 1594742299.8251336, 1594742300.4398336, 1594742307.8300612, 1594742308.4180508, 1594742309.2104175, 1594742309.7408283, 1594742317.07333, 1594742317.6489503, 1594742318.47232, 1594742319.0555844, 1594742326.4904497, 1594742327.089335, 1594742327.7491076, 1594742328.4757922, 1594742335.8221004, 1594742336.3823788, 1594742337.264653, 1594742337.8865972, 1594742345.2743738, 1594742345.8964, 1594742346.5782676, 1594742347.2775753, 1594742354.6467893, 1594742355.285805, 1594742355.999307, 1594742356.6437807],