{"initial_reset_timestamp": 1594741431.9169383, "timestamps": [1594741432.5382242, 1594741432.9976282, 1594741433.607774, 1594741434.1364253, 1594741441.8294306, 1594741442.3945975, 1594741443.1685321, 1594741443.7498484, 1594741450.8960044, 1594741451.414804, 1594741452.0978072, 1594741452.607672, 1594741459.8534877, 1594741460.3675537, 1594741461.0838919, 1594741461.6745102, 1594741469.0564837, 1594741469.592067, 1594741470.2561996, 1594741470.8375885, 1594741478.0295208, 1594741478.6268997, 1594741479.2908595, 1594741479.8464465, 1594741487.1547704, 1594741487.7416594, 1594741488.431634, 1594741489.021059, 1594741496.3785405, 1594741496.9902442, 1594741497.6205964, 1594741498.1903224, 1594741505.4649186, 1594741506.0894516, 1594741506.7433949, 1594741507.3356285, 1594741514.7234318, 1594741515.3329544, 1594741516.1652951, 1594741516.6836576, 1594741524.0298784, 1594741524.5590723, 1594741525.2021935, 1594741525.8228216, 1594741533.184361, 1594741533.7153552, 1594741534.5313115, 1594741535.1242397, 1594741542.356431, 1594741542.970636, 1594741543.8736959, 1594741544.4685316, 1594741551.6504622, 1594741552.214999, 1594741553.068747, 1594741553.6726413, 1594741560.8403296, 1594741561.467728, 1594741562.185352, 1594741562.7974153, 1594741570.135963, 1594741570.8563657, 1594741571.6552286, 1594741572.3524191, 1594741579.6593578, 1594741580.3111644, 1594741580.9775527, 1594741581.6242156, 1594741588.9217176, 1594741589.4963198, 1594741590.210082, 1594741590.8657444, 1594741598.222891, 1594741598.8134181, 1594741599.578848, 1594741600.1667428, 1594741607.4825344, 1594741608.0792046, 1594741608.9032612, 1594741609.4813008, 1594741616.7748377, 1594741617.3690486, 1594741618.1516404, 1594741618.7155795, 1594741626.1375937, 1594741626.804294, 1594741627.5517025, 1594741628.2724023, 1594741635.5178576, 1594741636.1334972, 1594741636.841397, 1594741637.4129982, 1594741644.7214746, 1594741645.3625972, 1594741646.1896956, 1594741646.7626033, 1594741653.9594233, 1594741654.5120559, 1594741655.3835366, 1594741656.0106094, 1594741663.2945514, 1594741663.893733, 1594741664.6545646, 1594741665.2567604, 1594741672.4121714, 1594741673.0277953, 1594741673.9964774, 1594741674.6693988, 1594741681.9970586, 1594741682.5947585, 1594741683.3412838, 1594741683.9342763, 1594741691.23012, 1594741691.8603804, 1594741692.5700252, 1594741693.1195605, 1594741700.7089427, 1594741701.294684, 1594741702.0899904, 1594741702.642214, 1594741710.0451484, 1594741710.6454964, 1594741711.4042442, 1594741712.0604825, 1594741719.259673, 1594741719.8481731, 1594741720.789195, 1594741721.3809767, 1594741728.8512988, 1594741729.437337, 1594741730.1734612, 1594741730.773863, 1594741738.0806239, 1594741738.736696, 1594741739.473169, 1594741740.1381395, 1594741747.3532226, 1594741747.9558053, 1594741748.8723419, 1594741749.4160862, 1594741756.8339303, 1594741757.4549751, 1594741758.1832168, 1594741758.7672453, 1594741766.059867, 1594741766.6617355, 1594741767.450436, 1594741768.0267732, 1594741775.3578844, 1594741776.0114117, 1594741776.8702512, 1594741777.430123, 1594741784.7602978, 1594741785.3745975, 1594741786.1179001, 1594741786.7361703, 1594741794.0646224, 1594741794.634961, 1594741795.467686, 1594741796.076373, 1594741803.501264, 1594741804.1619058, 1594741804.8284762, 1594741805.4154737, 1594741812.6712325, 1594741813.2341912, 1594741814.197244, 1594741814.8037922, 1594741822.1348076, 1594741822.73303, 1594741823.3809218, 1594741824.014523, 1594741831.4285538, 1594741831.9740996, 1594741832.7945755, 1594741833.417674, 1594741840.7351453, 1594741841.3378694, 1594741842.1169658, 1594741842.7110238, 1594741849.9979537, 1594741850.643694, 1594741851.4872406, 1594741852.049112, 1594741859.3980865, 1594741859.9790688, 1594741860.8323119, 1594741861.4400587, 1594741868.7705033, 1594741869.381174, 1594741870.0782778, 1594741870.8046963, 1594741878.0443342, 1594741878.6517491, 1594741879.6949344, 1594741880.298288, 1594741887.702901, 1594741888.2141755, 1594741888.859704, 1594741889.4317102, 1594741896.8071194, 1594741897.4190047, 1594741898.1138294, 1594741898.7253592, 1594741906.242555, 1594741906.9008782, 1594741907.4753284, 1594741908.042307, 1594741915.4145882, 1594741916.0483117, 1594741916.817738, 1594741917.3923228, 1594741924.6460793, 1594741925.2636962, 1594741926.0042248, 1594741926.5625856, 1594741933.9701796, 1594741934.5564306, 1594741935.4589975, 1594741935.9940593, 1594741943.274213, 1594741943.9009974, 1594741944.5855393, 1594741945.1877968, 1594741952.4156528, 1594741953.0119486, 1594741953.8552043, 1594741954.3988698, 1594741961.9277186, 1594741962.6141834, 1594741963.395611, 1594741963.9636695, 1594741971.2536402, 1594741971.8218312, 1594741972.6478732, 1594741973.269245, 1594741980.5402966, 1594741981.132163, 1594741982.0016174, 1594741982.5666304, 1594741989.9782395, 1594741990.6253083, 1594741991.3784478, 1594741992.0111797, 1594741999.2829704, 1594741999.8466218, 1594742000.5868418, 1594742001.2338603, 1594742008.6861978, 1594742009.2281163, 1594742010.1896906, 1594742010.7852092, 1594742017.9764864, 1594742018.6065779, 1594742019.3728821, 1594742019.9778607, 1594742027.4083247, 1594742028.1613693, 1594742028.6995668, 1594742029.2484806, 1594742037.0151057, 1594742037.565157, 1594742038.469145, 1594742039.066352, 1594742046.361008, 1594742046.9414556, 1594742047.6879582, 1594742048.3047912, 1594742055.5115592, 1594742056.1180356, 1594742056.9483154, 1594742057.5471098, 1594742065.0204117, 1594742065.545077, 1594742066.2836761, 1594742066.9096546, 1594742074.3687506, 1594742074.9730065, 1594742075.7695508, 1594742076.3679557, 1594742083.716851, 1594742084.3011672, 1594742085.1728191, 1594742085.7973554, 1594742092.9990764, 1594742093.5347123, 1594742094.4693322, 1594742095.0856032, 1594742102.367543, 1594742102.9377608, 1594742103.655638, 1594742104.3030832, 1594742111.591504, 1594742112.2825952, 1594742113.1562946, 1594742113.721882, 1594742121.0360134, 1594742121.6696823, 1594742122.4383976, 1594742122.9906235, 1594742130.3832386, 1594742130.886807, 1594742131.6266668, 1594742132.2136974, 1594742139.7613754, 1594742140.401076, 1594742141.1356337, 1594742141.7857366, 1594742149.1058679, 1594742149.6508303, 1594742150.3751252, 1594742150.9746687, 1594742158.44537, 1594742159.032019, 1594742159.7826982, 1594742160.327075, 1594742167.7408686, 1594742168.435348, 1594742169.0989306, 1594742169.717299, 1594742177.2602353, 1594742177.8625767, 1594742178.6722279, 1594742179.3738708, 1594742186.644536, 1594742187.2882726, 1594742188.127741, 1594742188.774542, 1594742195.9896145, 1594742196.6419566, 1594742197.3615112, 1594742197.9538205, 1594742205.2989604, 1594742205.9217277, 1594742206.7230928, 1594742207.3236446, 1594742214.6095831, 1594742215.2230682, 1594742216.0164235, 1594742216.6626348, 1594742224.0316947, 1594742224.6539197, 1594742225.3964107, 1594742225.9502373, 1594742233.2798073, 1594742233.8897989, 1594742234.5109503, 1594742235.092802, 1594742242.6664052, 1594742243.3074205, 1594742243.915534, 1594742244.552892, 1594742251.9616983, 1594742252.5698779, 1594742253.3336427, 1594742253.9404454, 1594742261.1911368, 1594742261.7623734, 1594742262.5828183, 1594742263.147269, 1594742270.5521383, 1594742271.1999583, 1594742272.0071666, 1594742272.6901777, 1594742279.8870795, 1594742280.5594394, 1594742281.2094476, 1594742281.8920555, 1594742289.111137, 1594742289.7662694, 1594742290.614401, 1594742291.2702205, 1594742298.4283123, 1594742299.0706196, 1594742299.7821352, 1594742300.3394806, 1594742307.675793, 1594742308.2816436, 1594742309.108262, 1594742309.7806036, 1594742317.0034409, 1594742317.6619596, 1594742318.521818, 1594742319.130044, 1594742326.3820417, 1594742327.071245, 1594742327.7574003, 1594742328.4282124, 1594742335.780611, 1594742336.3954494, 1594742337.2014735, 1594742337.7998197, 1594742345.2896948, 1594742345.891607, 1594742346.6170416, 1594742347.2678063, 1594742354.5459244, 1594742355.1887069, 1594742355.9381287, 1594742356.4446845],