{"initial_reset_timestamp": 1594741431.9171402, "timestamps": [1594741432.4520922, 1594741432.9322457, 1594741433.6928146, 1594741434.249443, 1594741441.8605998, 1594741442.385821, 1594741443.1154275, 1594741443.676407, 1594741450.9336271, 1594741451.4941268, 1594741452.126413, 1594741452.65677, 1594741459.8975995, 1594741460.4459682, 1594741461.1331532, 1594741461.6739757, 1594741468.95605, 1594741469.5420265, 1594741470.2571049, 1594741470.8113554, 1594741477.9918282, 1594741478.5702634, 1594741479.3098686, 1594741479.9253168, 1594741487.2104564, 1594741487.7206922, 1594741488.4184053, 1594741488.9806657, 1594741496.323652, 1594741496.944678, 1594741497.6492913, 1594741498.234463, 1594741505.5074384, 1594741506.134018, 1594741506.8171322, 1594741507.373558, 1594741514.7561336, 1594741515.335101, 1594741516.1008275, 1594741516.6925848, 1594741523.9767008, 1594741524.5375686, 1594741525.2206714, 1594741525.8025818, 1594741533.2428906, 1594741533.83026, 1594741534.5683641, 1594741535.1308746, 1594741542.336734, 1594741542.9439292, 1594741543.813713, 1594741544.394065, 1594741551.633648, 1594741552.227449, 1594741552.976914, 1594741553.598044, 1594741560.8927002, 1594741561.464249, 1594741562.30015, 1594741562.8794692, 1594741570.1676807, 1594741570.7742379, 1594741571.747584, 1594741572.3306158, 1594741579.6148384, 1594741580.2063315, 1594741581.027532, 1594741581.5991833, 1594741588.8578322, 1594741589.4853077, 1594741590.211763, 1594741590.7534513, 1594741598.2578034, 1594741598.8454692, 1594741599.637319, 1594741600.2610126, 1594741607.4819405, 1594741608.1166496, 1594741608.8927157, 1594741609.5472403, 1594741616.7969902, 1594741617.4534612, 1594741618.1472251, 1594741618.7281156, 1594741626.2202597, 1594741626.7913384, 1594741627.564213, 1594741628.2538364, 1594741635.5295277, 1594741636.1012087, 1594741636.848529, 1594741637.449019, 1594741644.6832056, 1594741645.2097814, 1594741646.0758293, 1594741646.7063735, 1594741654.0504525, 1594741654.6711173, 1594741655.4054427, 1594741656.0591288, 1594741663.238449, 1594741663.926901, 1594741664.6476605, 1594741665.3085103, 1594741672.5365765, 1594741673.093116, 1594741673.9852934, 1594741674.5926437, 1594741681.9078543, 1594741682.4608972, 1594741683.292119, 1594741683.9116993, 1594741691.2838533, 1594741691.8800755, 1594741692.7139497, 1594741693.2889931, 1594741700.6693032, 1594741701.2733088, 1594741702.0206025, 1594741702.6214786, 1594741710.0787601, 1594741710.696918, 1594741711.472696, 1594741712.0522313, 1594741719.2634418, 1594741719.895057, 1594741720.655368, 1594741721.440589, 1594741728.8137457, 1594741729.4263778, 1594741730.1315815, 1594741730.7227442, 1594741738.0988944, 1594741738.728798, 1594741739.4933574, 1594741740.1237636, 1594741747.4516158, 1594741748.066752, 1594741748.8710833, 1594741749.423919, 1594741756.868368, 1594741757.4406843, 1594741758.1941524, 1594741758.7634614, 1594741766.0681813, 1594741766.6746688, 1594741767.4105172, 1594741768.0620365, 1594741775.3797047, 1594741776.0369172, 1594741776.824636, 1594741777.461463, 1594741784.8073306, 1594741785.4475017, 1594741786.1039264, 1594741786.6632216, 1594741794.1144161, 1594741794.786177, 1594741795.5087914, 1594741796.1569114, 1594741803.4983785, 1594741804.1449282, 1594741804.789737, 1594741805.3510804, 1594741812.8317618, 1594741813.4731047, 1594741814.153193, 1594741814.764882, 1594741822.1092272, 1594741822.7046046, 1594741823.4741423, 1594741824.0759368, 1594741831.4302282, 1594741832.0182474, 1594741832.8100522, 1594741833.4033701, 1594741840.6624975, 1594741841.3414721, 1594741842.022455, 1594741842.619167, 1594741850.1244323, 1594741850.6888523, 1594741851.470455, 1594741851.9846737, 1594741859.442673, 1594741860.0147328, 1594741860.6709328, 1594741861.3556738, 1594741868.70974, 1594741869.2813728, 1594741870.1806917, 1594741870.728653, 1594741878.2098284, 1594741878.7903748, 1594741879.6879315, 1594741880.2999744, 1594741887.5899506, 1594741888.2367072, 1594741889.0647213, 1594741889.641417, 1594741896.870496, 1594741897.5149407, 1594741898.2493553, 1594741898.8682754, 1594741906.140873, 1594741906.8493261, 1594741907.5264645, 1594741908.063163, 1594741915.4390676, 1594741916.0897484, 1594741916.7962892, 1594741917.4036686, 1594741924.659735, 1594741925.276903, 1594741925.943728, 1594741926.5680227, 1594741934.082259, 1594741934.6369383, 1594741935.2783012, 1594741935.8398757, 1594741943.2091773, 1594741943.8463526, 1594741944.5924144, 1594741945.1870499, 1594741952.5141604, 1594741953.0890205, 1594741954.0227652, 1594741954.6485035, 1594741961.9238074, 1594741962.5107002, 1594741963.2378976, 1594741963.7933378, 1594741971.345897, 1594741971.917617, 1594741972.6144648, 1594741973.1510928, 1594741980.541168, 1594741981.1535916, 1594741982.0660856, 1594741982.6603458, 1594741989.988602, 1594741990.5925941, 1594741991.342588, 1594741991.937778, 1594741999.2781794, 1594741999.9703488, 1594742000.561669, 1594742001.197178, 1594742008.5828142, 1594742009.2318664, 1594742010.1735792, 1594742010.798224, 1594742018.0501928, 1594742018.624813, 1594742019.3893743, 1594742020.0208874, 1594742027.4388378, 1594742028.087308, 1594742028.962847, 1594742029.5672, 1594742036.9875073, 1594742037.626305, 1594742038.4659925, 1594742039.0287278, 1594742046.337646, 1594742046.893872, 1594742047.6763566, 1594742048.2209904, 1594742055.6063595, 1594742056.1572635, 1594742056.9669964, 1594742057.5288413, 1594742064.8998287, 1594742065.5717583, 1594742066.2984824, 1594742066.8923204, 1594742074.2940643, 1594742074.8862095, 1594742075.794445, 1594742076.4062097, 1594742083.7122662, 1594742084.3438601, 1594742085.1710951, 1594742085.7274618, 1594742093.1223743, 1594742093.7614238, 1594742094.4466636, 1594742095.046036, 1594742102.3675418, 1594742102.9153767, 1594742103.7277129, 1594742104.3875415, 1594742111.592431, 1594742112.2155175, 1594742113.0641294, 1594742113.6710048, 1594742120.9819715, 1594742121.6246457, 1594742122.36944, 1594742123.0562956, 1594742130.3062842, 1594742130.9110765, 1594742131.6276748, 1594742132.1626728, 1594742139.647695, 1594742140.2925463, 1594742141.054191, 1594742141.7726724, 1594742149.089951, 1594742149.699672, 1594742150.3986518, 1594742151.0381372, 1594742158.2979608, 1594742158.8789194, 1594742159.6732562, 1594742160.3218737, 1594742167.7833593, 1594742168.4764407, 1594742169.2474701, 1594742169.8396635, 1594742177.191808, 1594742177.7577102, 1594742178.642469, 1594742179.3379197, 1594742186.6051679, 1594742187.26717, 1594742188.0166051, 1594742188.6710591, 1594742195.9077182, 1594742196.4903138, 1594742197.3332787, 1594742197.846411, 1594742205.1696475, 1594742205.7387128, 1594742206.6186633, 1594742207.2260113, 1594742214.7113366, 1594742215.2880561, 1594742216.1400971, 1594742216.7296896, 1594742223.9732943, 1594742224.583689, 1594742225.3245008, 1594742225.852667, 1594742233.236792, 1594742233.8745134, 1594742234.7037663, 1594742235.2781587, 1594742242.5911705, 1594742243.0889833, 1594742243.9735732, 1594742244.6462195, 1594742252.0251296, 1594742252.6628456, 1594742253.3857138, 1594742253.9762614, 1594742261.2199407, 1594742261.8197052, 1594742262.5602646, 1594742263.067369, 1594742270.6189508, 1594742271.24678, 1594742272.0158682, 1594742272.6183524, 1594742279.7867968, 1594742280.4671547, 1594742281.1923556, 1594742281.8542528, 1594742289.1354432, 1594742289.783535, 1594742290.613775, 1594742291.2021024, 1594742298.499531, 1594742299.0905278, 1594742299.8849473, 1594742300.4546883, 1594742307.757615, 1594742308.362904, 1594742309.0893514, 1594742309.765725, 1594742317.008369, 1594742317.697612, 1594742318.5462456, 1594742319.169846, 1594742326.37838, 1594742327.0097802, 1594742327.7373493, 1594742328.34606, 1594742335.737496, 1594742336.456357, 1594742337.2323165, 1594742337.8263898, 1594742345.3672519, 1594742345.9734843, 1594742346.7047884, 1594742347.3333197, 1594742354.6230943, 1594742355.2152603, 1594742355.9344282, 1594742356.5714107],