{"initial_reset_timestamp": 1594741431.9174473, "timestamps": [1594741432.5488982, 1594741433.0228975, 1594741433.6671882, 1594741434.20352, 1594741441.8953676, 1594741442.4170947, 1594741443.1198397, 1594741443.6652114, 1594741450.8705814, 1594741451.455392, 1594741452.0959947, 1594741452.6161602, 1594741459.9114783, 1594741460.4047337, 1594741461.1112604, 1594741461.6606607, 1594741468.9330342, 1594741469.5540574, 1594741470.1989856, 1594741470.7967465, 1594741478.0737548, 1594741478.6458986, 1594741479.1874754, 1594741479.7809918, 1594741487.2063031, 1594741487.7568913, 1594741488.3719323, 1594741488.9591072, 1594741496.3979266, 1594741496.9561307, 1594741497.6339903, 1594741498.1984274, 1594741505.4735675, 1594741506.0435758, 1594741506.7534223, 1594741507.27708, 1594741514.7655265, 1594741515.3526156, 1594741516.2009168, 1594741516.7119598, 1594741523.9622293, 1594741524.5914345, 1594741525.2811465, 1594741525.8757422, 1594741533.2084365, 1594741533.8314278, 1594741534.5700076, 1594741535.1212957, 1594741542.3973444, 1594741542.991779, 1594741543.8171885, 1594741544.4416401, 1594741551.6826587, 1594741552.3478026, 1594741552.9559538, 1594741553.6204352, 1594741560.9746225, 1594741561.5721228, 1594741562.271885, 1594741562.9185793, 1594741570.1517227, 1594741570.8371732, 1594741571.5856214, 1594741572.157855, 1594741579.7160034, 1594741580.3297753, 1594741580.9820778, 1594741581.5842853, 1594741588.9587188, 1594741589.559725, 1594741590.1215708, 1594741590.8065364, 1594741598.2928648, 1594741598.9281054, 1594741599.5726392, 1594741600.163321, 1594741607.5930321, 1594741608.1769326, 1594741608.964867, 1594741609.565606, 1594741616.8324304, 1594741617.433113, 1594741618.1647391, 1594741618.8378365, 1594741626.211335, 1594741626.8398557, 1594741627.5911477, 1594741628.1452136, 1594741635.5435138, 1594741636.0809236, 1594741636.840702, 1594741637.4507654, 1594741644.643422, 1594741645.240382, 1594741646.1478708, 1594741646.696071, 1594741654.0965638, 1594741654.6877115, 1594741655.395356, 1594741655.9709916, 1594741663.1913188, 1594741663.7613409, 1594741664.6027946, 1594741665.226318, 1594741672.4673457, 1594741673.0480256, 1594741673.9967103, 1594741674.5415363, 1594741682.0485067, 1594741682.5863655, 1594741683.2866535, 1594741683.8065062, 1594741691.2263043, 1594741691.8134353, 1594741692.616559, 1594741693.2611103, 1594741700.748179, 1594741701.3658946, 1594741702.0393195, 1594741702.652144, 1594741710.1263063, 1594741710.7626772, 1594741711.5118265, 1594741712.10821, 1594741719.3328502, 1594741719.9221926, 1594741720.824026, 1594741721.4382472, 1594741728.838906, 1594741729.4429088, 1594741730.1190705, 1594741730.771724, 1594741738.09244, 1594741738.7092025, 1594741739.515576, 1594741740.1466398, 1594741747.3615236, 1594741748.0173466, 1594741748.9670517, 1594741749.5833614, 1594741756.798108, 1594741757.3727822, 1594741758.2348323, 1594741758.823124, 1594741766.101275, 1594741766.7689223, 1594741767.4223838, 1594741768.0032444, 1594741775.2550993, 1594741775.8497458, 1594741776.7988164, 1594741777.401076, 1594741784.7370818, 1594741785.3002863, 1594741786.103893, 1594741786.7389982, 1594741794.1394703, 1594741794.7016253, 1594741795.498668, 1594741796.0727606, 1594741803.4843738, 1594741804.1595924, 1594741804.8990424, 1594741805.5324254, 1594741812.6529918, 1594741813.2244637, 1594741814.2150347, 1594741814.7880385, 1594741822.05263, 1594741822.6338735, 1594741823.4771745, 1594741824.1024394, 1594741831.4193563, 1594741832.036972, 1594741832.8485055, 1594741833.438347, 1594741840.6663969, 1594741841.3204262, 1594741842.1153095, 1594741842.6855443, 1594741850.0061977, 1594741850.6326945, 1594741851.4360666, 1594741852.1298947, 1594741859.4431782, 1594741860.0276916, 1594741860.780373, 1594741861.401948, 1594741868.7009459, 1594741869.3723214, 1594741870.0237107, 1594741870.7614586, 1594741878.1000495, 1594741878.7133389, 1594741879.5615754, 1594741880.1733785, 1594741887.6047866, 1594741888.2209027, 1594741889.0394802, 1594741889.5987582, 1594741896.7990065, 1594741897.4564254, 1594741898.1697385, 1594741898.7389398, 1594741906.1816735, 1594741906.8007731, 1594741907.5485442, 1594741908.1574614, 1594741915.367988, 1594741916.0088084, 1594741916.7956357, 1594741917.3950663, 1594741924.6416786, 1594741925.2599304, 1594741926.0119846, 1594741926.6144557, 1594741934.0189703, 1594741934.55791, 1594741935.2942677, 1594741935.9557166, 1594741943.1861572, 1594741943.836819, 1594741944.6329298, 1594741945.1472466, 1594741952.4867349, 1594741953.103773, 1594741953.9942021, 1594741954.5992317, 1594741961.895343, 1594741962.4859884, 1594741963.2995672, 1594741963.8933842, 1594741971.2784028, 1594741971.9198487, 1594741972.533074, 1594741973.117088, 1594741980.5432446, 1594741981.146228, 1594741981.9824579, 1594741982.5686197, 1594741989.9847567, 1594741990.660111, 1594741991.3646533, 1594741991.9105155, 1594741999.3769, 1594741999.94961, 1594742000.65135, 1594742001.2616255, 1594742008.6050577, 1594742009.214526, 1594742010.2009254, 1594742010.7829213, 1594742017.9454827, 1594742018.5703292, 1594742019.2721078, 1594742019.8811338, 1594742027.4014997, 1594742028.1137404, 1594742028.859408, 1594742029.4679875, 1594742036.8383849, 1594742037.4114368, 1594742038.411525, 1594742039.0130847, 1594742046.3375802, 1594742046.989768, 1594742047.6849384, 1594742048.3008156, 1594742055.592153, 1594742056.1588392, 1594742056.8722987, 1594742057.4954426, 1594742064.956106, 1594742065.560613, 1594742066.3500884, 1594742066.9647255, 1594742074.3319504, 1594742074.9828773, 1594742075.7982152, 1594742076.445988, 1594742083.6486244, 1594742084.2363772, 1594742085.1784427, 1594742085.8018377, 1594742093.1222408, 1594742093.6968725, 1594742094.4262526, 1594742095.039343, 1594742102.4103363, 1594742103.0000682, 1594742103.719187, 1594742104.336982, 1594742111.6831205, 1594742112.3160305, 1594742113.1529634, 1594742113.739583, 1594742120.9981077, 1594742121.584973, 1594742122.363657, 1594742122.9672558, 1594742130.3913076, 1594742130.9609597, 1594742131.5852349, 1594742132.2146206, 1594742139.6647751, 1594742140.2830403, 1594742141.0994177, 1594742141.697786, 1594742149.0557818, 1594742149.6487644, 1594742150.3274026, 1594742150.9968286, 1594742158.2615573, 1594742158.8388655, 1594742159.74921, 1594742160.3422532, 1594742167.8606923, 1594742168.4862766, 1594742169.0914965, 1594742169.6166387, 1594742177.069433, 1594742177.678148, 1594742178.718717, 1594742179.3198488, 1594742186.6659968, 1594742187.1978776, 1594742188.0721102, 1594742188.6808085, 1594742196.0023649, 1594742196.6103284, 1594742197.2171595, 1594742197.9148629, 1594742205.1806111, 1594742205.7774692, 1594742206.6365902, 1594742207.2517402, 1594742214.596024, 1594742215.2499235, 1594742216.147485, 1594742216.7298295, 1594742224.042063, 1594742224.6643882, 1594742225.435109, 1594742226.0478187, 1594742233.2498262, 1594742233.8550076, 1594742234.6298425, 1594742235.1991296, 1594742242.5618474, 1594742243.2235236, 1594742243.9800909, 1594742244.5061302, 1594742251.9552753, 1594742252.5394564, 1594742253.352915, 1594742254.0004513, 1594742261.1973205, 1594742261.8833523, 1594742262.600843, 1594742263.2338185, 1594742270.5783179, 1594742271.2610078, 1594742271.950538, 1594742272.619246, 1594742280.0139215, 1594742280.5711808, 1594742281.2319252, 1594742281.8729658, 1594742289.1637013, 1594742289.786996, 1594742290.6601365, 1594742291.2360754, 1594742298.4168246, 1594742299.0000594, 1594742299.7751396, 1594742300.336293, 1594742307.7118776, 1594742308.3229353, 1594742309.1409671, 1594742309.7457123, 1594742317.07393, 1594742317.6701708, 1594742318.5429115, 1594742319.1206975, 1594742326.5205333, 1594742327.079547, 1594742327.8017197, 1594742328.350678, 1594742335.7884643, 1594742336.2892008, 1594742337.1698673, 1594742337.846561, 1594742345.253247, 1594742345.877562, 1594742346.6083953, 1594742347.2682211, 1594742354.6383958, 1594742355.266898, 1594742355.879345, 1594742356.4536538],