{"initial_reset_timestamp": 1594740610.251179, "timestamps": [1594740610.6016939, 1594740610.9550214, 1594740611.3581252, 1594740611.6899583, 1594740618.6077273, 1594740618.9614103, 1594740619.3711085, 1594740619.7240899, 1594740626.2728393, 1594740626.6478932, 1594740626.9779475, 1594740627.3075314, 1594740633.9210503, 1594740634.2730496, 1594740634.7229888, 1594740635.0782702, 1594740641.590893, 1594740641.934428, 1594740642.4589453, 1594740642.8204222, 1594740649.3875625, 1594740649.7115028, 1594740650.1808298, 1594740650.5305598, 1594740657.155121, 1594740657.523068, 1594740657.9961872, 1594740658.324096, 1594740664.8882048, 1594740665.2861817, 1594740665.792061, 1594740666.1126328, 1594740672.7181473, 1594740673.060543, 1594740673.4392543, 1594740673.8303812, 1594740680.423733, 1594740680.7928832, 1594740681.174453, 1594740681.5019271, 1594740688.11194, 1594740688.4587815, 1594740689.043503, 1594740689.4031377, 1594740695.974295, 1594740696.327984, 1594740696.7577257, 1594740697.1217265, 1594740703.623879, 1594740703.9536626, 1594740704.4333458, 1594740704.8004093, 1594740711.3608837, 1594740711.6860912, 1594740712.2241697, 1594740712.59665, 1594740719.1879816, 1594740719.5677652, 1594740720.033814, 1594740720.4004054, 1594740726.9592273, 1594740727.3171272, 1594740727.7364423, 1594740728.0934258, 1594740734.8373978, 1594740735.2248313, 1594740735.6712387, 1594740736.0399914, 1594740742.6417215, 1594740742.9703007, 1594740743.3864496, 1594740743.756201, 1594740750.2977455, 1594740750.6612246, 1594740751.1859577, 1594740751.5327327, 1594740758.2013242, 1594740758.550341, 1594740758.9943075, 1594740759.3282876, 1594740766.0978913, 1594740766.46264, 1594740766.8779995, 1594740767.2492373, 1594740773.8521643, 1594740774.241117, 1594740774.615765, 1594740774.9487295, 1594740781.7027392, 1594740782.0436506, 1594740782.503913, 1594740782.8403418, 1594740789.486894, 1594740789.823054, 1594740790.3239048, 1594740790.6676064, 1594740797.2072446, 1594740797.5545616, 1594740797.9646742, 1594740798.3277276, 1594740805.0017726, 1594740805.3812137, 1594740805.7710311, 1594740806.1246006, 1594740812.6762223, 1594740813.0715048, 1594740813.5349991, 1594740813.9021535, 1594740820.5234268, 1594740820.8800237, 1594740821.372737, 1594740821.7265432, 1594740828.38801, 1594740828.7964318, 1594740829.1536198, 1594740829.501708, 1594740836.1929953, 1594740836.5774648, 1594740836.9952428, 1594740837.3642416, 1594740843.9107256, 1594740844.2929785, 1594740844.8844082, 1594740845.2668667, 1594740851.8831775, 1594740852.2731297, 1594740852.721775, 1594740853.0975826, 1594740859.6501284, 1594740860.0258994, 1594740860.5058827, 1594740860.8835616, 1594740867.4368222, 1594740867.8024995, 1594740868.4046502, 1594740868.763771, 1594740875.3507082, 1594740875.689009, 1594740876.1767223, 1594740876.5148265, 1594740883.1491604, 1594740883.5171905, 1594740883.9201224, 1594740884.28775, 1594740890.91281, 1594740891.3012457, 1594740891.809523, 1594740892.191714, 1594740898.8492367, 1594740899.181229, 1594740899.6462908, 1594740900.0119383, 1594740906.602686, 1594740906.9329906, 1594740907.4736521, 1594740907.866077, 1594740914.4241204, 1594740914.7864826, 1594740915.2804592, 1594740915.6382344, 1594740922.2741425, 1594740922.6210136, 1594740923.0957413, 1594740923.49916, 1594740930.2105367, 1594740930.5384252, 1594740931.0235326, 1594740931.3656542, 1594740938.025054, 1594740938.3816779, 1594740938.8358815, 1594740939.2139716, 1594740945.815273, 1594740946.1865315, 1594740946.6078014, 1594740946.9960613, 1594740953.6176214, 1594740953.9929597, 1594740954.579479, 1594740954.9079368, 1594740961.584927, 1594740961.9246728, 1594740962.3843765, 1594740962.7172132, 1594740969.3940642, 1594740969.7490776, 1594740970.224631, 1594740970.5578227, 1594740977.2489038, 1594740977.5969527, 1594740978.0053673, 1594740978.3508697, 1594740985.0546021, 1594740985.4172113, 1594740985.8950105, 1594740986.2411516, 1594740992.8815565, 1594740993.1775618, 1594740993.6258388, 1594740993.9983885, 1594741000.6624322, 1594741001.051533, 1594741001.5459461, 1594741001.9078584, 1594741008.4942296, 1594741008.8623772, 1594741009.373933, 1594741009.7025406, 1594741016.2883246, 1594741016.656706, 1594741017.0929508, 1594741017.4719586, 1594741024.096732, 1594741024.4553046, 1594741024.9326122, 1594741025.2778206, 1594741031.967302, 1594741032.3200722, 1594741032.766489, 1594741033.1236677, 1594741039.7142024, 1594741040.1085794, 1594741040.5212476, 1594741040.9281044, 1594741047.4472013, 1594741047.8359504, 1594741048.4090781, 1594741048.7957962, 1594741055.392981, 1594741055.7745748, 1594741056.2036092, 1594741056.5236166, 1594741063.1779318, 1594741063.5236342, 1594741064.0304043, 1594741064.3792567, 1594741070.9872205, 1594741071.3479695, 1594741071.9242995, 1594741072.320172, 1594741078.8214314, 1594741079.2307873, 1594741079.6415672, 1594741079.9557838, 1594741086.5279818, 1594741086.8802862, 1594741087.4448602, 1594741087.870298, 1594741094.496417, 1594741094.8812795, 1594741095.467792, 1594741095.8176444, 1594741102.341461, 1594741102.697542, 1594741103.1109202, 1594741103.4730875, 1594741110.030908, 1594741110.4168935, 1594741110.815909, 1594741111.1603339, 1594741117.812495, 1594741118.184779, 1594741118.7162652, 1594741119.0708525, 1594741125.6674964, 1594741126.0255315, 1594741126.4690442, 1594741126.8729765, 1594741133.4744017, 1594741133.8223524, 1594741134.2008717, 1594741134.5932097, 1594741141.2950542, 1594741141.6222057, 1594741142.1223218, 1594741142.4935887, 1594741149.016811, 1594741149.403191, 1594741149.8390913, 1594741150.199955, 1594741156.773096, 1594741157.154697, 1594741157.6474233, 1594741158.0381222, 1594741164.6244757, 1594741164.9689133, 1594741165.4363587, 1594741165.8052607, 1594741172.4715722, 1594741172.847336, 1594741173.2703958, 1594741173.6213398, 1594741180.2148952, 1594741180.566135, 1594741181.067255, 1594741181.4366, 1594741188.1107764, 1594741188.4850976, 1594741188.851404, 1594741189.210172, 1594741195.8888824, 1594741196.2674763, 1594741196.6901295, 1594741197.0476546, 1594741203.6601677, 1594741204.032852, 1594741204.449297, 1594741204.8615372, 1594741211.5698466, 1594741211.9416935, 1594741212.3174505, 1594741212.6897912, 1594741219.287915, 1594741219.6744773, 1594741220.110832, 1594741220.4774985, 1594741227.0442834, 1594741227.399007, 1594741227.799386, 1594741228.2102997, 1594741234.8855731, 1594741235.271877, 1594741235.6734958, 1594741236.031036, 1594741242.6470208, 1594741243.0034647, 1594741243.469029, 1594741243.81385, 1594741250.4032967, 1594741250.857108, 1594741251.5123525, 1594741251.884424, 1594741258.4783347, 1594741258.8614154, 1594741259.3142617, 1594741259.6946461, 1594741266.2508557, 1594741266.6401584, 1594741267.1932678, 1594741267.541504, 1594741274.0097928, 1594741274.3907576, 1594741275.0277576, 1594741275.3946207, 1594741281.8978453, 1594741282.2347944, 1594741282.7991045, 1594741283.1498294, 1594741289.718185, 1594741290.055005, 1594741290.4572957, 1594741290.8310442, 1594741297.4024866, 1594741297.7903414, 1594741298.3482926, 1594741298.7209332, 1594741305.277144, 1594741305.637687, 1594741306.0719337, 1594741306.4332733, 1594741313.0564055, 1594741313.4233017, 1594741313.7879665, 1594741314.1276495, 1594741320.664245, 1594741321.0284991, 1594741321.6364813, 1594741321.9990904, 1594741328.4651725, 1594741328.8462405, 1594741329.3024375, 1594741329.6357825, 1594741336.192432, 1594741336.5785093, 1594741337.0513477, 1594741337.3720264, 1594741344.0788298, 1594741344.4285433, 1594741344.8972406, 1594741345.3028712, 1594741351.7466583, 1594741352.0554082, 1594741352.582923, 1594741352.9542415, 1594741359.5139973, 1594741359.8664, 1594741360.2457883, 1594741360.6356802, 1594741367.2298362, 1594741367.5648487, 1594741368.010585, 1594741368.3370535, 1594741374.973309, 1594741375.3425577, 1594741375.7594604, 1594741376.1552372, 1594741382.6936333, 1594741383.0498712, 1594741383.4150069, 1594741383.7680192],