{"initial_reset_timestamp": 1594740610.2516167, "timestamps": [1594740610.642641, 1594740610.9919531, 1594740611.3567476, 1594740611.707011, 1594740618.6030283, 1594740618.9520051, 1594740619.334118, 1594740619.663423, 1594740626.326092, 1594740626.673835, 1594740627.0387743, 1594740627.406204, 1594740633.933145, 1594740634.2789223, 1594740634.729066, 1594740635.05538, 1594740641.5937467, 1594740641.9303153, 1594740642.4560008, 1594740642.854858, 1594740649.3681016, 1594740649.7404177, 1594740650.167549, 1594740650.5284038, 1594740657.1782296, 1594740657.5477014, 1594740658.0095284, 1594740658.3575852, 1594740664.8734024, 1594740665.244988, 1594740665.8250968, 1594740666.167557, 1594740672.6784809, 1594740673.0645306, 1594740673.4647484, 1594740673.812225, 1594740680.434078, 1594740680.7959628, 1594740681.2156582, 1594740681.5383508, 1594740688.1038263, 1594740688.4785304, 1594740689.0466452, 1594740689.3864884, 1594740695.9882038, 1594740696.3274002, 1594740696.7414725, 1594740697.118357, 1594740703.6319046, 1594740703.974715, 1594740704.4041243, 1594740704.7803748, 1594740711.334324, 1594740711.6871104, 1594740712.2505903, 1594740712.6440449, 1594740719.1926148, 1594740719.5603125, 1594740720.0056875, 1594740720.3450298, 1594740726.9537277, 1594740727.2729094, 1594740727.761826, 1594740728.1196003, 1594740734.8199403, 1594740735.2428894, 1594740735.6692867, 1594740735.9892373, 1594740742.6300309, 1594740742.9952435, 1594740743.4216592, 1594740743.7695434, 1594740750.339085, 1594740750.7307158, 1594740751.152219, 1594740751.5208113, 1594740758.2072861, 1594740758.5584438, 1594740759.037416, 1594740759.4084933, 1594740766.125274, 1594740766.487517, 1594740766.9141507, 1594740767.280221, 1594740773.8593874, 1594740774.1924074, 1594740774.619373, 1594740774.961073, 1594740781.7072651, 1594740782.0970583, 1594740782.5315328, 1594740782.9013243, 1594740789.5094635, 1594740789.876784, 1594740790.2556403, 1594740790.6203766, 1594740797.211577, 1594740797.5698833, 1594740797.944396, 1594740798.2923079, 1594740804.9602818, 1594740805.2750258, 1594740805.7516425, 1594740806.1058962, 1594740812.7166252, 1594740813.0821834, 1594740813.5953076, 1594740813.9594805, 1594740820.5529513, 1594740820.922411, 1594740821.3586814, 1594740821.7009652, 1594740828.3859236, 1594740828.7336636, 1594740829.130473, 1594740829.4887395, 1594740836.1405401, 1594740836.5390558, 1594740836.9745026, 1594740837.3653965, 1594740843.8950744, 1594740844.2894855, 1594740844.8825097, 1594740845.2468536, 1594740851.8646376, 1594740852.2800522, 1594740852.7338736, 1594740853.0532603, 1594740859.668278, 1594740860.0393083, 1594740860.4884367, 1594740860.8416522, 1594740867.4356053, 1594740867.8150835, 1594740868.3740015, 1594740868.7431896, 1594740875.3651447, 1594740875.7448783, 1594740876.144916, 1594740876.4959881, 1594740883.149052, 1594740883.4949982, 1594740883.8992298, 1594740884.2861648, 1594740890.8905835, 1594740891.2794068, 1594740891.8794446, 1594740892.2578835, 1594740898.7893724, 1594740899.1348464, 1594740899.6728942, 1594740900.0533483, 1594740906.6389053, 1594740907.0235436, 1594740907.4105244, 1594740907.7820187, 1594740914.3627086, 1594740914.750752, 1594740915.261324, 1594740915.6545217, 1594740922.2480986, 1594740922.658115, 1594740923.0809453, 1594740923.5724232, 1594740930.0795844, 1594740930.4343328, 1594740931.0182652, 1594740931.3625026, 1594740937.9960914, 1594740938.345803, 1594740938.8341782, 1594740939.244578, 1594740945.8377073, 1594740946.2108896, 1594740946.6534755, 1594740947.0486472, 1594740953.6669853, 1594740954.0624602, 1594740954.5188887, 1594740954.9117289, 1594740961.5919733, 1594740961.9531016, 1594740962.4085948, 1594740962.8187954, 1594740969.4139245, 1594740969.776978, 1594740970.2665613, 1594740970.6365235, 1594740977.219021, 1594740977.5885863, 1594740978.0418026, 1594740978.4136019, 1594740985.0947905, 1594740985.4651885, 1594740985.9292097, 1594740986.2577846, 1594740992.8493857, 1594740993.1896043, 1594740993.6956034, 1594740994.0253298, 1594741000.6858783, 1594741001.049985, 1594741001.4732053, 1594741001.840442, 1594741008.5501091, 1594741008.9021611, 1594741009.337312, 1594741009.7190146, 1594741016.349572, 1594741016.6986542, 1594741017.0683796, 1594741017.4736302, 1594741024.0753477, 1594741024.4784806, 1594741024.894751, 1594741025.281906, 1594741031.9747908, 1594741032.3352528, 1594741032.8267696, 1594741033.1471982, 1594741039.7157984, 1594741040.061401, 1594741040.538544, 1594741040.935866, 1594741047.4870136, 1594741047.8575203, 1594741048.4278731, 1594741048.7927952, 1594741055.3251002, 1594741055.688684, 1594741056.2364566, 1594741056.5984094, 1594741063.1641364, 1594741063.5304606, 1594741063.9942155, 1594741064.3537312, 1594741071.007227, 1594741071.389992, 1594741071.9091659, 1594741072.2842171, 1594741078.8097696, 1594741079.215048, 1594741079.6804326, 1594741080.013712, 1594741086.5062711, 1594741086.907611, 1594741087.5894265, 1594741087.886911, 1594741094.5326042, 1594741094.9613879, 1594741095.4645383, 1594741095.8331535, 1594741102.308372, 1594741102.640751, 1594741103.1814215, 1594741103.5250716, 1594741110.005527, 1594741110.4153411, 1594741110.866307, 1594741111.2253551, 1594741117.7856266, 1594741118.1604452, 1594741118.7536602, 1594741119.1246576, 1594741125.6218581, 1594741125.9762163, 1594741126.4267023, 1594741126.8164082, 1594741133.3887012, 1594741133.7695878, 1594741134.2413533, 1594741134.6144946, 1594741141.296754, 1594741141.6566865, 1594741142.0942876, 1594741142.4330275, 1594741149.0365689, 1594741149.399791, 1594741149.8309753, 1594741150.1790435, 1594741156.7716396, 1594741157.1678169, 1594741157.5591176, 1594741157.9033592, 1594741164.6863132, 1594741164.991267, 1594741165.476834, 1594741165.7869947, 1594741172.4137418, 1594741172.767626, 1594741173.2387795, 1594741173.588217, 1594741180.2382307, 1594741180.60913, 1594741181.0613234, 1594741181.455653, 1594741188.044404, 1594741188.3973782, 1594741188.9485834, 1594741189.3198552, 1594741195.8623865, 1594741196.22477, 1594741196.69922, 1594741197.0297654, 1594741203.6099403, 1594741203.9884253, 1594741204.482271, 1594741204.855349, 1594741211.568738, 1594741211.9017937, 1594741212.3753626, 1594741212.7087574, 1594741219.3580594, 1594741219.6560252, 1594741220.0899956, 1594741220.4408119, 1594741227.0406117, 1594741227.4140944, 1594741227.875583, 1594741228.2431293, 1594741234.8655255, 1594741235.227434, 1594741235.7050798, 1594741236.0762944, 1594741242.6899226, 1594741243.071935, 1594741243.51842, 1594741243.8677132, 1594741250.5678782, 1594741250.868323, 1594741251.481788, 1594741251.8720613, 1594741258.4992473, 1594741258.8777757, 1594741259.3572361, 1594741259.7401736, 1594741266.2676082, 1594741266.680374, 1594741267.162639, 1594741267.4884956, 1594741274.0877812, 1594741274.4254024, 1594741275.009771, 1594741275.3973198, 1594741281.9336927, 1594741282.2716143, 1594741282.7779434, 1594741283.1184454, 1594741289.642694, 1594741289.9907873, 1594741290.4749992, 1594741290.8611434, 1594741297.3886106, 1594741297.741735, 1594741298.3427432, 1594741298.742006, 1594741305.2910016, 1594741305.638955, 1594741306.1056592, 1594741306.4325523, 1594741312.950492, 1594741313.3340428, 1594741313.7951267, 1594741314.1583455, 1594741320.685274, 1594741321.0356154, 1594741321.6241605, 1594741321.9884832, 1594741328.4606414, 1594741328.8725264, 1594741329.251081, 1594741329.6060932, 1594741336.1453264, 1594741336.5112624, 1594741337.0548916, 1594741337.4368405, 1594741344.0820963, 1594741344.4204495, 1594741344.956491, 1594741345.3094869, 1594741351.779522, 1594741352.1441593, 1594741352.5645943, 1594741352.933044, 1594741359.4980006, 1594741359.8522613, 1594741360.2173011, 1594741360.6397781, 1594741367.245426, 1594741367.5992653, 1594741368.0297613, 1594741368.4146326, 1594741374.950668, 1594741375.2751362, 1594741375.776562, 1594741376.1263795, 1594741382.6383853, 1594741382.9598494, 1594741383.4360921, 1594741383.749898],