{"initial_reset_timestamp": 1594740610.2515237, "timestamps": [1594740610.5690958, 1594740610.914978, 1594740611.3680263, 1594740611.6707666, 1594740618.6024458, 1594740618.9412882, 1594740619.3496075, 1594740619.6888788, 1594740626.271213, 1594740626.6368887, 1594740627.0316083, 1594740627.3864038, 1594740633.9585037, 1594740634.3192313, 1594740634.7181919, 1594740635.0694942, 1594740641.6118937, 1594740641.95688, 1594740642.4707341, 1594740642.798715, 1594740649.3762243, 1594740649.7451036, 1594740650.1969008, 1594740650.513938, 1594740657.1491053, 1594740657.5219648, 1594740657.924395, 1594740658.3064396, 1594740664.8905404, 1594740665.2519832, 1594740665.814455, 1594740666.1549878, 1594740672.7185924, 1594740673.0553882, 1594740673.4641037, 1594740673.8710513, 1594740680.41185, 1594740680.788164, 1594740681.2124844, 1594740681.5399685, 1594740688.1117923, 1594740688.4841616, 1594740689.0064073, 1594740689.3011081, 1594740695.9437156, 1594740696.3014543, 1594740696.7178695, 1594740697.0907857, 1594740703.6489139, 1594740703.9874272, 1594740704.3986773, 1594740704.7667313, 1594740711.3312585, 1594740711.6747751, 1594740712.2443264, 1594740712.5833092, 1594740719.1576488, 1594740719.5307622, 1594740720.0021539, 1594740720.3673604, 1594740726.934204, 1594740727.2732499, 1594740727.7631927, 1594740728.1124597, 1594740734.850725, 1594740735.2386868, 1594740735.69634, 1594740736.0480993, 1594740742.616749, 1594740742.9737492, 1594740743.4003048, 1594740743.7913322, 1594740750.348606, 1594740750.673961, 1594740751.136863, 1594740751.5052054, 1594740758.2200747, 1594740758.5880146, 1594740759.0724158, 1594740759.392393, 1594740766.0387285, 1594740766.3753872, 1594740766.8831062, 1594740767.2872305, 1594740773.8475053, 1594740774.228153, 1594740774.6902044, 1594740775.0307553, 1594740781.7196984, 1594740782.0390463, 1594740782.5337536, 1594740782.920797, 1594740789.4588838, 1594740789.823958, 1594740790.2880952, 1594740790.6652513, 1594740797.1838164, 1594740797.5514252, 1594740797.979014, 1594740798.3173184, 1594740804.9641414, 1594740805.3503513, 1594740805.7799425, 1594740806.1571636, 1594740812.729033, 1594740813.1105912, 1594740813.5344207, 1594740813.9831166, 1594740820.6099317, 1594740820.9214864, 1594740821.3584447, 1594740821.713336, 1594740828.4213727, 1594740828.7998683, 1594740829.2328508, 1594740829.5565822, 1594740836.1804445, 1594740836.5422878, 1594740836.9646227, 1594740837.3372447, 1594740843.9227028, 1594740844.3124192, 1594740844.8897111, 1594740845.225364, 1594740851.873856, 1594740852.2551606, 1594740852.7482667, 1594740853.1007326, 1594740859.7081068, 1594740860.0807362, 1594740860.51145, 1594740860.858417, 1594740867.4548905, 1594740867.8443263, 1594740868.326724, 1594740868.7067826, 1594740875.3455698, 1594740875.726284, 1594740876.197507, 1594740876.5386841, 1594740883.165503, 1594740883.5342224, 1594740883.8861985, 1594740884.259409, 1594740890.9337626, 1594740891.2745202, 1594740891.876476, 1594740892.1965363, 1594740898.8037305, 1594740899.1836708, 1594740899.6146472, 1594740899.9801044, 1594740906.5893598, 1594740906.9788187, 1594740907.4486437, 1594740907.8469858, 1594740914.4260125, 1594740914.7787466, 1594740915.3093793, 1594740915.6880214, 1594740922.2533007, 1594740922.6522145, 1594740923.0712032, 1594740923.5454092, 1594740930.084286, 1594740930.4442048, 1594740930.9857643, 1594740931.3468952, 1594740938.0396774, 1594740938.3776526, 1594740938.8569236, 1594740939.2149844, 1594740945.8149514, 1594740946.1780581, 1594740946.6415954, 1594740947.0168579, 1594740953.613, 1594740953.9717102, 1594740954.5149772, 1594740954.887855, 1594740961.6127, 1594740961.982656, 1594740962.3425362, 1594740962.765719, 1594740969.3614705, 1594740969.7083848, 1594740970.2202058, 1594740970.610164, 1594740977.148733, 1594740977.5530353, 1594740978.010136, 1594740978.3417184, 1594740985.077405, 1594740985.4607468, 1594740985.9265525, 1594740986.3078313, 1594740992.8607054, 1594740993.228336, 1594740993.632582, 1594740994.0365531, 1594741000.6672657, 1594741001.0494347, 1594741001.4846823, 1594741001.8221228, 1594741008.4923403, 1594741008.8740075, 1594741009.3349116, 1594741009.7499015, 1594741016.2836416, 1594741016.630825, 1594741017.1127799, 1594741017.470456, 1594741024.093275, 1594741024.4820223, 1594741024.9249651, 1594741025.2888336, 1594741031.909046, 1594741032.2601953, 1594741032.7594488, 1594741033.067545, 1594741039.6922572, 1594741040.0492904, 1594741040.5762174, 1594741040.9484417, 1594741047.4831185, 1594741047.879455, 1594741048.4400342, 1594741048.800169, 1594741055.3134408, 1594741055.6912107, 1594741056.1850116, 1594741056.5176723, 1594741063.131206, 1594741063.4594858, 1594741064.056331, 1594741064.3999028, 1594741071.0011032, 1594741071.3639963, 1594741071.894363, 1594741072.229208, 1594741078.876456, 1594741079.208704, 1594741079.6604009, 1594741080.035724, 1594741086.6664667, 1594741086.9854996, 1594741087.433952, 1594741087.8145583, 1594741094.4653115, 1594741094.8267834, 1594741095.482813, 1594741095.791912, 1594741102.3434448, 1594741102.6943989, 1594741103.096809, 1594741103.4476023, 1594741110.075728, 1594741110.4179788, 1594741110.8585584, 1594741111.2141814, 1594741117.8510282, 1594741118.214066, 1594741118.7068715, 1594741119.1019204, 1594741125.6307497, 1594741125.9819033, 1594741126.4743624, 1594741126.8489733, 1594741133.415393, 1594741133.7518096, 1594741134.2647045, 1594741134.6071346, 1594741141.3226006, 1594741141.680088, 1594741142.0761766, 1594741142.4527469, 1594741149.0223832, 1594741149.38213, 1594741149.8657131, 1594741150.2100983, 1594741156.7507868, 1594741157.1171062, 1594741157.6886976, 1594741158.039029, 1594741164.6724963, 1594741165.0290933, 1594741165.4757664, 1594741165.8440945, 1594741172.414118, 1594741172.7824605, 1594741173.2729292, 1594741173.626338, 1594741180.2166276, 1594741180.574823, 1594741181.060208, 1594741181.425286, 1594741188.0200722, 1594741188.363541, 1594741188.8927004, 1594741189.2549753, 1594741195.8655593, 1594741196.2121336, 1594741196.6446383, 1594741197.0420778, 1594741203.629201, 1594741204.0028095, 1594741204.4422407, 1594741204.8490307, 1594741211.4974632, 1594741211.8660738, 1594741212.3298051, 1594741212.6695032, 1594741219.2922018, 1594741219.6233969, 1594741220.0772312, 1594741220.4389758, 1594741227.0441527, 1594741227.427435, 1594741227.7884421, 1594741228.1635969, 1594741234.920817, 1594741235.284732, 1594741235.7027504, 1594741236.080975, 1594741242.6304448, 1594741243.0047586, 1594741243.4726727, 1594741243.9213119, 1594741250.4119995, 1594741250.8111053, 1594741251.4920566, 1594741251.8905075, 1594741258.4493632, 1594741258.8014953, 1594741259.3170419, 1594741259.6392405, 1594741266.310405, 1594741266.6642356, 1594741267.114877, 1594741267.4632974, 1594741274.0393596, 1594741274.4464498, 1594741274.9642851, 1594741275.393904, 1594741281.904614, 1594741282.266824, 1594741282.764485, 1594741283.132618, 1594741289.694336, 1594741290.0445302, 1594741290.4310877, 1594741290.7992213, 1594741297.4288597, 1594741297.7903666, 1594741298.3505595, 1594741298.6629894, 1594741305.296412, 1594741305.6427681, 1594741306.1466744, 1594741306.4827924, 1594741313.0171123, 1594741313.3853035, 1594741313.8002443, 1594741314.123677, 1594741320.7060192, 1594741321.0413313, 1594741321.578541, 1594741321.9869192, 1594741328.482436, 1594741328.85122, 1594741329.287016, 1594741329.6860552, 1594741336.1805987, 1594741336.5540204, 1594741336.9905925, 1594741337.3764126, 1594741344.1024675, 1594741344.4488337, 1594741344.88579, 1594741345.2161741, 1594741351.7178545, 1594741352.076951, 1594741352.5424623, 1594741352.916662, 1594741359.4853473, 1594741359.8319635, 1594741360.2730353, 1594741360.6218798, 1594741367.2428772, 1594741367.6204894, 1594741367.99691, 1594741368.3572357, 1594741374.9261026, 1594741375.2702198, 1594741375.7781954, 1594741376.1412332, 1594741382.6118677, 1594741383.0012848, 1594741383.453465, 1594741383.792016],