{"initial_reset_timestamp": 1594740610.251409, "timestamps": [1594740610.650602, 1594740610.9639378, 1594740611.3592367, 1594740611.6734679, 1594740618.6145751, 1594740618.9623113, 1594740619.3800673, 1594740619.7024229, 1594740626.3203058, 1594740626.6194942, 1594740627.0221517, 1594740627.392482, 1594740633.9486806, 1594740634.3153753, 1594740634.6960254, 1594740635.0427651, 1594740641.6179092, 1594740641.9438357, 1594740642.4631162, 1594740642.8267632, 1594740649.3713803, 1594740649.717569, 1594740650.1871095, 1594740650.5909154, 1594740657.199959, 1594740657.5429428, 1594740657.97729, 1594740658.3436344, 1594740664.8896546, 1594740665.2553744, 1594740665.7982495, 1594740666.1296256, 1594740672.7105923, 1594740673.0508268, 1594740673.4948483, 1594740673.855951, 1594740680.4239588, 1594740680.7742774, 1594740681.1653717, 1594740681.5504212, 1594740688.1275191, 1594740688.499542, 1594740689.0449054, 1594740689.3768563, 1594740695.9341269, 1594740696.2979584, 1594740696.7147837, 1594740697.0817876, 1594740703.5514762, 1594740703.9210107, 1594740704.4181716, 1594740704.7823465, 1594740711.308849, 1594740711.6749375, 1594740712.2590256, 1594740712.607789, 1594740719.1355221, 1594740719.496158, 1594740720.024029, 1594740720.4029343, 1594740726.892774, 1594740727.300024, 1594740727.7378688, 1594740728.1170168, 1594740734.8134518, 1594740735.1847951, 1594740735.6088705, 1594740735.974315, 1594740742.573388, 1594740742.900938, 1594740743.423161, 1594740743.7765281, 1594740750.3135166, 1594740750.6965826, 1594740751.1481624, 1594740751.540399, 1594740758.180661, 1594740758.5337582, 1594740759.0302424, 1594740759.3789656, 1594740766.0721586, 1594740766.4491916, 1594740766.90066, 1594740767.2804408, 1594740773.8767674, 1594740774.220642, 1594740774.6740818, 1594740775.0388484, 1594740781.6931558, 1594740782.0289254, 1594740782.5514154, 1594740782.9272535, 1594740789.4650762, 1594740789.8441973, 1594740790.2592597, 1594740790.6077144, 1594740797.1669168, 1594740797.5362556, 1594740798.006686, 1594740798.382645, 1594740805.0222993, 1594740805.3669868, 1594740805.840455, 1594740806.1661434, 1594740812.7180405, 1594740813.0964365, 1594740813.527649, 1594740813.879206, 1594740820.5375986, 1594740820.874153, 1594740821.3688948, 1594740821.7613475, 1594740828.4151814, 1594740828.7732534, 1594740829.2071762, 1594740829.5598977, 1594740836.17594, 1594740836.543435, 1594740837.0354333, 1594740837.4199693, 1594740843.9319732, 1594740844.2928972, 1594740844.8571103, 1594740845.1846862, 1594740851.870935, 1594740852.2475235, 1594740852.668452, 1594740853.0484333, 1594740859.6604881, 1594740859.9729671, 1594740860.500306, 1594740860.8660324, 1594740867.4622636, 1594740867.7927916, 1594740868.3437197, 1594740868.6840253, 1594740875.3919811, 1594740875.7274408, 1594740876.1581614, 1594740876.5084984, 1594740883.0895166, 1594740883.4685032, 1594740883.9733882, 1594740884.3298037, 1594740890.8866339, 1594740891.273585, 1594740891.8764822, 1594740892.2464924, 1594740898.8345528, 1594740899.2054443, 1594740899.6028528, 1594740899.9608858, 1594740906.5576656, 1594740906.96866, 1594740907.491751, 1594740907.854253, 1594740914.4282198, 1594740914.783851, 1594740915.2896857, 1594740915.6709566, 1594740922.2417426, 1594740922.594559, 1594740923.0462568, 1594740923.5285645, 1594740930.0472097, 1594740930.4528122, 1594740931.0095267, 1594740931.3513355, 1594740938.0633438, 1594740938.4193347, 1594740938.8540418, 1594740939.20974, 1594740945.7585568, 1594740946.1679444, 1594740946.712464, 1594740947.0540764, 1594740953.625204, 1594740953.9956203, 1594740954.5229232, 1594740954.8335214, 1594740961.5587587, 1594740961.9561405, 1594740962.3787858, 1594740962.6941392, 1594740969.4117143, 1594740969.7493567, 1594740970.2295625, 1594740970.6103115, 1594740977.2011745, 1594740977.5718534, 1594740977.992986, 1594740978.365994, 1594740985.0860837, 1594740985.464022, 1594740985.9174688, 1594740986.2991953, 1594740992.8660479, 1594740993.236796, 1594740993.6894934, 1594740994.0501018, 1594741000.6351023, 1594741001.0157402, 1594741001.5227373, 1594741001.8890889, 1594741008.561828, 1594741008.9246545, 1594741009.3707154, 1594741009.7437718, 1594741016.2528687, 1594741016.6490588, 1594741017.1066914, 1594741017.4660501, 1594741024.0869005, 1594741024.469472, 1594741024.9125206, 1594741025.2485387, 1594741031.9335284, 1594741032.3015695, 1594741032.7461548, 1594741033.0975924, 1594741039.6963663, 1594741040.0748906, 1594741040.5470614, 1594741040.9472322, 1594741047.4630313, 1594741047.8413436, 1594741048.458575, 1594741048.8226557, 1594741055.309372, 1594741055.6615038, 1594741056.1847787, 1594741056.5724173, 1594741063.1741261, 1594741063.5155919, 1594741064.0511906, 1594741064.4241536, 1594741070.9410233, 1594741071.3137076, 1594741071.8508713, 1594741072.230719, 1594741078.8562639, 1594741079.1719165, 1594741079.567454, 1594741080.0014193, 1594741086.5333993, 1594741086.9336803, 1594741087.5861528, 1594741087.9113388, 1594741094.5260394, 1594741094.8646226, 1594741095.4746997, 1594741095.8340852, 1594741102.327714, 1594741102.6746829, 1594741103.1657066, 1594741103.5275502, 1594741110.009402, 1594741110.4127135, 1594741110.7939665, 1594741111.1810124, 1594741117.802891, 1594741118.1452973, 1594741118.7364986, 1594741119.1124861, 1594741125.6644113, 1594741126.0132587, 1594741126.4731216, 1594741126.8514314, 1594741133.4660122, 1594741133.803388, 1594741134.1951656, 1594741134.568613, 1594741141.252531, 1594741141.6557183, 1594741142.1154191, 1594741142.450509, 1594741148.9668422, 1594741149.3173823, 1594741149.8413725, 1594741150.2327778, 1594741156.7390454, 1594741157.1317613, 1594741157.6072974, 1594741157.9596257, 1594741164.6521614, 1594741165.030899, 1594741165.4643505, 1594741165.8258333, 1594741172.497179, 1594741172.8326523, 1594741173.227178, 1594741173.6003084, 1594741180.2668338, 1594741180.625598, 1594741181.019238, 1594741181.399173, 1594741188.0200818, 1594741188.3852441, 1594741188.936684, 1594741189.3146672, 1594741195.8938732, 1594741196.260097, 1594741196.6480265, 1594741197.0442927, 1594741203.6283798, 1594741203.9892628, 1594741204.4614706, 1594741204.8242724, 1594741211.537849, 1594741211.8771865, 1594741212.3807495, 1594741212.7484717, 1594741219.291201, 1594741219.6734157, 1594741220.0690231, 1594741220.4171069, 1594741227.0267134, 1594741227.4128022, 1594741227.8512418, 1594741228.259783, 1594741234.867483, 1594741235.232797, 1594741235.6962752, 1594741236.0507236, 1594741242.6346602, 1594741242.986887, 1594741243.530257, 1594741243.9001532, 1594741250.4551508, 1594741250.9070265, 1594741251.5149887, 1594741251.873027, 1594741258.4646072, 1594741258.8161564, 1594741259.318721, 1594741259.704035, 1594741266.2263193, 1594741266.5903714, 1594741267.1288755, 1594741267.4930627, 1594741274.131537, 1594741274.4660404, 1594741275.0234194, 1594741275.3843832, 1594741281.987075, 1594741282.3453228, 1594741282.7406666, 1594741283.1389291, 1594741289.686228, 1594741290.0423481, 1594741290.4701502, 1594741290.8484879, 1594741297.3685107, 1594741297.7238271, 1594741298.3442435, 1594741298.6945286, 1594741305.2262468, 1594741305.5833116, 1594741306.1142292, 1594741306.4374356, 1594741312.9937768, 1594741313.3503132, 1594741313.8594172, 1594741314.2189307, 1594741320.7304883, 1594741321.1122634, 1594741321.6198008, 1594741322.0206292, 1594741328.4386287, 1594741328.8074508, 1594741329.3021598, 1594741329.6501882, 1594741336.205725, 1594741336.5558388, 1594741337.0149612, 1594741337.412766, 1594741344.0431833, 1594741344.365872, 1594741344.9174838, 1594741345.2811582, 1594741351.7441633, 1594741352.1218526, 1594741352.5867555, 1594741352.942912, 1594741359.4707549, 1594741359.8195665, 1594741360.2205932, 1594741360.6019146, 1594741367.2582052, 1594741367.580374, 1594741368.0416374, 1594741368.4048562, 1594741374.9872682, 1594741375.3333435, 1594741375.7677286, 1594741376.1464436, 1594741382.6139548, 1594741382.966687, 1594741383.5042481, 1594741383.8617218],