{"initial_reset_timestamp": 1594740610.2515883, "timestamps": [1594740610.639764, 1594740610.9680467, 1594740611.3491492, 1594740611.6711497, 1594740618.5673518, 1594740618.9043062, 1594740619.3502731, 1594740619.707311, 1594740626.3204587, 1594740626.6333873, 1594740627.0530536, 1594740627.3959033, 1594740633.9887862, 1594740634.3124309, 1594740634.7279024, 1594740635.066224, 1594740641.5350761, 1594740641.9160364, 1594740642.4868395, 1594740642.8669555, 1594740649.3387928, 1594740649.6689682, 1594740650.1392405, 1594740650.4720778, 1594740657.1667275, 1594740657.5413532, 1594740657.9577441, 1594740658.3070085, 1594740664.9139614, 1594740665.2880523, 1594740665.7603073, 1594740666.1162493, 1594740672.6711197, 1594740673.0346744, 1594740673.4859405, 1594740673.855593, 1594740680.46896, 1594740680.7999375, 1594740681.1951282, 1594740681.573475, 1594740688.0996704, 1594740688.472689, 1594740688.9931133, 1594740689.3797264, 1594740695.8915184, 1594740696.286685, 1594740696.7645247, 1594740697.0925367, 1594740703.6100807, 1594740703.9606783, 1594740704.4464898, 1594740704.8040373, 1594740711.3160453, 1594740711.6764452, 1594740712.202808, 1594740712.5999563, 1594740719.1613097, 1594740719.5461218, 1594740720.0383005, 1594740720.4096563, 1594740726.971857, 1594740727.3379807, 1594740727.7616322, 1594740728.1180093, 1594740734.829025, 1594740735.218789, 1594740735.6615212, 1594740736.0390148, 1594740742.6182206, 1594740742.9747257, 1594740743.3917053, 1594740743.790469, 1594740750.3059335, 1594740750.6851308, 1594740751.1815004, 1594740751.5485466, 1594740758.1557314, 1594740758.5277615, 1594740758.9987552, 1594740759.3875132, 1594740765.9800932, 1594740766.461532, 1594740766.925636, 1594740767.271344, 1594740773.8639004, 1594740774.255503, 1594740774.6568494, 1594740775.0309923, 1594740781.6751788, 1594740782.0576935, 1594740782.5457551, 1594740782.9365904, 1594740789.4828928, 1594740789.8576987, 1594740790.3265808, 1594740790.70971, 1594740797.1732316, 1594740797.544474, 1594740797.9543219, 1594740798.2661362, 1594740805.002812, 1594740805.3921905, 1594740805.830284, 1594740806.197514, 1594740812.7132206, 1594740813.1276782, 1594740813.5329106, 1594740813.8690596, 1594740820.5993335, 1594740820.9421396, 1594740821.378439, 1594740821.7603502, 1594740828.4079833, 1594740828.7445853, 1594740829.2285497, 1594740829.5981033, 1594740836.165851, 1594740836.5176625, 1594740837.0536883, 1594740837.4016, 1594740843.9649706, 1594740844.350304, 1594740844.8639252, 1594740845.1748788, 1594740851.8887372, 1594740852.2575305, 1594740852.641752, 1594740853.0654733, 1594740859.669699, 1594740860.071384, 1594740860.4361792, 1594740860.8405833, 1594740867.4158704, 1594740867.824255, 1594740868.3473303, 1594740868.7421558, 1594740875.339211, 1594740875.681041, 1594740876.1759343, 1594740876.5644395, 1594740883.129217, 1594740883.4534574, 1594740884.0003152, 1594740884.3517282, 1594740890.970886, 1594740891.3235772, 1594740891.8976278, 1594740892.2599213, 1594740898.782003, 1594740899.1710403, 1594740899.6408472, 1594740899.9931085, 1594740906.6373541, 1594740907.0006847, 1594740907.4791257, 1594740907.803424, 1594740914.3913107, 1594740914.7553194, 1594740915.2991562, 1594740915.7043478, 1594740922.222173, 1594740922.5899515, 1594740923.088813, 1594740923.5505133, 1594740930.0886092, 1594740930.3855915, 1594740931.0031326, 1594740931.3447227, 1594740938.026987, 1594740938.3375423, 1594740938.8848436, 1594740939.2416556, 1594740945.7972374, 1594740946.1607993, 1594740946.6518395, 1594740947.0459383, 1594740953.6053312, 1594740954.0029175, 1594740954.504968, 1594740954.9193256, 1594740961.5992942, 1594740961.981646, 1594740962.3842766, 1594740962.7462187, 1594740969.3599956, 1594740969.7297814, 1594740970.2101543, 1594740970.6009247, 1594740977.2188063, 1594740977.5776322, 1594740978.0024192, 1594740978.366811, 1594740985.0266812, 1594740985.4243455, 1594740985.8482912, 1594740986.228887, 1594740992.876589, 1594740993.2390218, 1594740993.7053154, 1594740994.104089, 1594741000.6970265, 1594741001.0887048, 1594741001.503783, 1594741001.8648272, 1594741008.5642724, 1594741008.9229755, 1594741009.394417, 1594741009.7207181, 1594741016.3156118, 1594741016.688235, 1594741017.0767024, 1594741017.4454095, 1594741024.0781844, 1594741024.4320128, 1594741024.8896592, 1594741025.258428, 1594741031.9223795, 1594741032.2565548, 1594741032.7957313, 1594741033.1406202, 1594741039.646789, 1594741040.016128, 1594741040.54601, 1594741040.9039605, 1594741047.4586685, 1594741047.8420012, 1594741048.409482, 1594741048.77803, 1594741055.378882, 1594741055.7070293, 1594741056.2041838, 1594741056.5934176, 1594741063.2180405, 1594741063.5937865, 1594741064.0319874, 1594741064.438195, 1594741071.0345523, 1594741071.3610814, 1594741071.9448643, 1594741072.310839, 1594741078.7831318, 1594741079.1981435, 1594741079.6382713, 1594741080.0107415, 1594741086.5872273, 1594741086.9133966, 1594741087.4522634, 1594741087.8147454, 1594741094.4526708, 1594741094.8243537, 1594741095.4900455, 1594741095.8135269, 1594741102.369062, 1594741102.6916363, 1594741103.1516733, 1594741103.5040076, 1594741110.0105798, 1594741110.4006832, 1594741110.8458064, 1594741111.1995866, 1594741117.8406277, 1594741118.2135203, 1594741118.7184181, 1594741119.051114, 1594741125.5796204, 1594741125.8902578, 1594741126.4967327, 1594741126.856731, 1594741133.4117246, 1594741133.802399, 1594741134.1844168, 1594741134.587905, 1594741141.2714863, 1594741141.6355886, 1594741142.1316192, 1594741142.5016632, 1594741149.0326312, 1594741149.3726838, 1594741149.882089, 1594741150.2133207, 1594741156.7802546, 1594741157.086547, 1594741157.6403532, 1594741158.0358982, 1594741164.6656897, 1594741165.0462158, 1594741165.4326286, 1594741165.8144922, 1594741172.397143, 1594741172.7751472, 1594741173.291939, 1594741173.6302657, 1594741180.2592463, 1594741180.6367478, 1594741181.0954535, 1594741181.4443712, 1594741188.0727916, 1594741188.4248505, 1594741188.903571, 1594741189.234024, 1594741195.9040637, 1594741196.2744932, 1594741196.6843727, 1594741197.016096, 1594741203.6680353, 1594741204.0521383, 1594741204.4464035, 1594741204.7872646, 1594741211.5291827, 1594741211.9136593, 1594741212.407869, 1594741212.7321522, 1594741219.2239647, 1594741219.6301653, 1594741220.067527, 1594741220.4555073, 1594741226.9967687, 1594741227.3410187, 1594741227.8289196, 1594741228.1841702, 1594741234.870805, 1594741235.2404041, 1594741235.7032397, 1594741236.030259, 1594741242.6259294, 1594741243.0200999, 1594741243.5302153, 1594741243.8988466, 1594741250.4648664, 1594741250.9378254, 1594741251.5487638, 1594741251.9011922, 1594741258.498045, 1594741258.8418617, 1594741259.3613458, 1594741259.7043083, 1594741266.2430203, 1594741266.628003, 1594741267.122957, 1594741267.4876168, 1594741274.1081834, 1594741274.4171293, 1594741275.0369785, 1594741275.3770375, 1594741281.9247293, 1594741282.2743156, 1594741282.8142984, 1594741283.1760743, 1594741289.6232653, 1594741290.0083346, 1594741290.413795, 1594741290.8315825, 1594741297.3841205, 1594741297.7447395, 1594741298.3787408, 1594741298.7753334, 1594741305.27886, 1594741305.636831, 1594741306.0877361, 1594741306.458635, 1594741313.010001, 1594741313.3611028, 1594741313.8219545, 1594741314.1639416, 1594741320.7390692, 1594741321.0583372, 1594741321.6173873, 1594741321.960823, 1594741328.4894695, 1594741328.8444424, 1594741329.2673924, 1594741329.5961428, 1594741336.199968, 1594741336.5571167, 1594741337.0414872, 1594741337.4208941, 1594741344.125628, 1594741344.4875934, 1594741344.869632, 1594741345.220588, 1594741351.7413814, 1594741352.1378577, 1594741352.5860183, 1594741352.9680781, 1594741359.498562, 1594741359.8180501, 1594741360.2777092, 1594741360.6475613, 1594741367.2347398, 1594741367.6006303, 1594741368.014087, 1594741368.39957, 1594741374.9320438, 1594741375.255488, 1594741375.7257578, 1594741376.1064322, 1594741382.6607397, 1594741382.9856632, 1594741383.4137168, 1594741383.800664],