{"initial_reset_timestamp": 1594740610.2513764, "timestamps": [1594740610.6210952, 1594740610.9707513, 1594740611.38349, 1594740611.7041855, 1594740618.577136, 1594740618.932368, 1594740619.3636625, 1594740619.7043235, 1594740626.2805278, 1594740626.6256974, 1594740627.0559683, 1594740627.397412, 1594740633.958045, 1594740634.3240378, 1594740634.6945462, 1594740635.0484898, 1594740641.5900376, 1594740641.9156525, 1594740642.4741557, 1594740642.8483834, 1594740649.3336837, 1594740649.6793485, 1594740650.1717796, 1594740650.5530415, 1594740657.196193, 1594740657.5734973, 1594740657.9602659, 1594740658.3254323, 1594740664.908277, 1594740665.2686913, 1594740665.8081977, 1594740666.1604373, 1594740672.7333267, 1594740673.0676126, 1594740673.453595, 1594740673.8612022, 1594740680.3877978, 1594740680.7346087, 1594740681.2092433, 1594740681.5666642, 1594740688.1353633, 1594740688.4887557, 1594740689.0113144, 1594740689.342103, 1594740695.9569888, 1594740696.313985, 1594740696.6688309, 1594740697.0069768, 1594740703.6104176, 1594740703.974182, 1594740704.4202785, 1594740704.755189, 1594740711.300272, 1594740711.6761107, 1594740712.1763988, 1594740712.5406256, 1594740719.1565514, 1594740719.5035224, 1594740720.003096, 1594740720.3457057, 1594740726.9776332, 1594740727.345241, 1594740727.7472045, 1594740728.1646981, 1594740734.857272, 1594740735.2306087, 1594740735.6600583, 1594740736.0493958, 1594740742.5971916, 1594740742.9104402, 1594740743.367451, 1594740743.7431188, 1594740750.367984, 1594740750.7051637, 1594740751.162654, 1594740751.4875438, 1594740758.1977687, 1594740758.5516005, 1594740759.023033, 1594740759.406352, 1594740765.9408522, 1594740766.3998072, 1594740766.8817887, 1594740767.1917312, 1594740773.8572311, 1594740774.2473257, 1594740774.7035263, 1594740775.0629303, 1594740781.7123306, 1594740782.102706, 1594740782.5228817, 1594740782.898477, 1594740789.461555, 1594740789.8444738, 1594740790.2972744, 1594740790.6629612, 1594740797.11635, 1594740797.4824011, 1594740798.0060103, 1594740798.3883476, 1594740805.001211, 1594740805.361055, 1594740805.798504, 1594740806.1713543, 1594740812.7266114, 1594740813.0923982, 1594740813.5590851, 1594740813.9434655, 1594740820.5193214, 1594740820.8927724, 1594740821.3419201, 1594740821.7422662, 1594740828.3494966, 1594740828.766514, 1594740829.1777232, 1594740829.5246096, 1594740836.1784658, 1594740836.5571885, 1594740836.987092, 1594740837.3401034, 1594740843.9309354, 1594740844.2835345, 1594740844.8521652, 1594740845.2044969, 1594740851.8644416, 1594740852.234145, 1594740852.692652, 1594740853.0926077, 1594740859.671174, 1594740859.996939, 1594740860.4478152, 1594740860.8394735, 1594740867.4714355, 1594740867.852988, 1594740868.370496, 1594740868.7546864, 1594740875.343559, 1594740875.7389011, 1594740876.1912374, 1594740876.540528, 1594740883.1205769, 1594740883.4681923, 1594740883.9688878, 1594740884.3068812, 1594740890.9290771, 1594740891.258991, 1594740891.857001, 1594740892.2122266, 1594740898.7791097, 1594740899.146997, 1594740899.649643, 1594740900.0393121, 1594740906.6114955, 1594740906.9787407, 1594740907.4548838, 1594740907.8205483, 1594740914.3767734, 1594740914.7490933, 1594740915.2869322, 1594740915.660572, 1594740922.2250044, 1594740922.60626, 1594740923.0667863, 1594740923.5436742, 1594740930.1187727, 1594740930.4899182, 1594740930.9653149, 1594740931.340757, 1594740937.9945269, 1594740938.3764396, 1594740938.8233387, 1594740939.1946857, 1594740945.7907102, 1594740946.172935, 1594740946.6782742, 1594740947.0581033, 1594740953.5946386, 1594740954.0095844, 1594740954.5359526, 1594740954.906364, 1594740961.6086903, 1594740961.962412, 1594740962.3738477, 1594740962.7339306, 1594740969.3932781, 1594740969.7329202, 1594740970.1698928, 1594740970.569682, 1594740977.1645253, 1594740977.5795484, 1594740978.0318296, 1594740978.3694744, 1594740985.1080697, 1594740985.4740062, 1594740985.8924313, 1594740986.2654548, 1594740992.869413, 1594740993.2086434, 1594740993.6672137, 1594740994.0288167, 1594741000.6416552, 1594741001.005547, 1594741001.5341105, 1594741001.891818, 1594741008.549608, 1594741008.9063907, 1594741009.3594594, 1594741009.7336216, 1594741016.313507, 1594741016.6315844, 1594741017.1416702, 1594741017.5269036, 1594741024.0814815, 1594741024.417344, 1594741024.8833375, 1594741025.2450883, 1594741031.906137, 1594741032.3030202, 1594741032.739536, 1594741033.1488194, 1594741039.681246, 1594741040.0222464, 1594741040.5251193, 1594741040.8816388, 1594741047.462494, 1594741047.8548043, 1594741048.4178543, 1594741048.7851248, 1594741055.3193877, 1594741055.702982, 1594741056.2080445, 1594741056.5946982, 1594741063.1595647, 1594741063.498704, 1594741064.0424716, 1594741064.39742, 1594741070.9707355, 1594741071.3350353, 1594741071.906655, 1594741072.2501907, 1594741078.8267503, 1594741079.2069411, 1594741079.5747132, 1594741079.92315, 1594741086.5584328, 1594741087.0204551, 1594741087.4915402, 1594741087.8411968, 1594741094.505245, 1594741094.864769, 1594741095.4754033, 1594741095.8079104, 1594741102.3140836, 1594741102.6824055, 1594741103.127729, 1594741103.480753, 1594741110.029673, 1594741110.3849733, 1594741110.876315, 1594741111.2131996, 1594741117.81092, 1594741118.200581, 1594741118.7574873, 1594741119.1018832, 1594741125.6479354, 1594741126.0003624, 1594741126.4633937, 1594741126.8336759, 1594741133.3874657, 1594741133.7416885, 1594741134.2332907, 1594741134.5733576, 1594741141.2842865, 1594741141.6629727, 1594741142.038224, 1594741142.3914373, 1594741149.0538535, 1594741149.4171877, 1594741149.8617635, 1594741150.197745, 1594741156.7974951, 1594741157.149205, 1594741157.6203, 1594741157.9590375, 1594741164.6327617, 1594741164.9423535, 1594741165.479741, 1594741165.8540912, 1594741172.3959773, 1594741172.8034143, 1594741173.2736704, 1594741173.6457605, 1594741180.2694895, 1594741180.6498306, 1594741181.069279, 1594741181.4181612, 1594741188.0547328, 1594741188.405631, 1594741188.9489913, 1594741189.324618, 1594741195.8452592, 1594741196.179441, 1594741196.6157029, 1594741196.98976, 1594741203.648258, 1594741204.036497, 1594741204.4548075, 1594741204.8422759, 1594741211.5075817, 1594741211.8665853, 1594741212.3468726, 1594741212.7115164, 1594741219.2390692, 1594741219.6312196, 1594741220.06756, 1594741220.4404118, 1594741227.0305982, 1594741227.4000056, 1594741227.8915188, 1594741228.2335165, 1594741234.8851142, 1594741235.2445884, 1594741235.7779236, 1594741236.1262348, 1594741242.6208515, 1594741242.9462273, 1594741243.5048094, 1594741243.874575, 1594741250.572996, 1594741250.8999102, 1594741251.5195966, 1594741251.8815243, 1594741258.465571, 1594741258.8441331, 1594741259.329384, 1594741259.7145095, 1594741266.267616, 1594741266.5969307, 1594741267.1198604, 1594741267.4901488, 1594741274.049639, 1594741274.4143887, 1594741275.0267355, 1594741275.4114854, 1594741281.9697251, 1594741282.3401906, 1594741282.7905645, 1594741283.1404502, 1594741289.6676292, 1594741290.0582154, 1594741290.480699, 1594741290.8288941, 1594741297.4483202, 1594741297.7919154, 1594741298.383188, 1594741298.7368464, 1594741305.2236683, 1594741305.5627303, 1594741306.0975041, 1594741306.4822395, 1594741312.9925685, 1594741313.3416653, 1594741313.8204572, 1594741314.1724343, 1594741320.6900573, 1594741321.065471, 1594741321.5976205, 1594741321.9663007, 1594741328.499808, 1594741328.8623993, 1594741329.2834542, 1594741329.6226678, 1594741336.1541042, 1594741336.5367212, 1594741337.0050635, 1594741337.3317804, 1594741344.0603056, 1594741344.417665, 1594741344.8743896, 1594741345.243325, 1594741351.7244031, 1594741352.0928168, 1594741352.537733, 1594741352.9200325, 1594741359.4077766, 1594741359.7553284, 1594741360.233303, 1594741360.6215048, 1594741367.186743, 1594741367.5131295, 1594741368.04249, 1594741368.4151227, 1594741374.9609714, 1594741375.3334854, 1594741375.726981, 1594741376.127709, 1594741382.647654, 1594741382.9734933, 1594741383.4126503, 1594741383.789472],