{"initial_reset_timestamp": 1594740610.2516832, "timestamps": [1594740610.5912013, 1594740610.915408, 1594740611.341187, 1594740611.6698208, 1594740618.6026678, 1594740618.9676826, 1594740619.3162165, 1594740619.6472392, 1594740626.2762344, 1594740626.6288364, 1594740627.033874, 1594740627.3857496, 1594740633.966353, 1594740634.2732608, 1594740634.707461, 1594740635.0783684, 1594740641.5995102, 1594740641.9429784, 1594740642.4711692, 1594740642.834977, 1594740649.3908443, 1594740649.7483017, 1594740650.1869626, 1594740650.5228093, 1594740657.1903627, 1594740657.5318694, 1594740657.9542997, 1594740658.3243647, 1594740664.91472, 1594740665.2857864, 1594740665.7851822, 1594740666.1190357, 1594740672.735585, 1594740673.097824, 1594740673.5034792, 1594740673.8537765, 1594740680.43997, 1594740680.8078456, 1594740681.1960845, 1594740681.5585437, 1594740688.14222, 1594740688.5156999, 1594740689.0086708, 1594740689.3732831, 1594740695.9202867, 1594740696.294667, 1594740696.7257047, 1594740697.071983, 1594740703.5799437, 1594740703.954138, 1594740704.3973532, 1594740704.7603137, 1594740711.3191948, 1594740711.6718416, 1594740712.1976135, 1594740712.5701, 1594740719.1658742, 1594740719.4975202, 1594740720.042011, 1594740720.4251306, 1594740726.952724, 1594740727.296032, 1594740727.8070157, 1594740728.1791391, 1594740734.8376253, 1594740735.166193, 1594740735.6285071, 1594740736.0234447, 1594740742.5385978, 1594740742.8684258, 1594740743.3407762, 1594740743.7211003, 1594740750.2582781, 1594740750.6444862, 1594740751.114711, 1594740751.4607525, 1594740758.17062, 1594740758.573039, 1594740759.0612257, 1594740759.4168816, 1594740766.065943, 1594740766.3918266, 1594740766.8951373, 1594740767.2620192, 1594740773.8522375, 1594740774.2197683, 1594740774.723445, 1594740775.0371692, 1594740781.7093277, 1594740782.0220544, 1594740782.5254202, 1594740782.8931856, 1594740789.49311, 1594740789.8401806, 1594740790.2715287, 1594740790.6363807, 1594740797.2144256, 1594740797.568785, 1594740797.991998, 1594740798.3625257, 1594740804.9666884, 1594740805.3369296, 1594740805.805294, 1594740806.1429982, 1594740812.7541585, 1594740813.113292, 1594740813.5308347, 1594740813.9063225, 1594740820.578955, 1594740820.8978503, 1594740821.3101609, 1594740821.6945796, 1594740828.4020789, 1594740828.762902, 1594740829.1959505, 1594740829.539522, 1594740836.1469145, 1594740836.5064695, 1594740836.9969404, 1594740837.326291, 1594740843.9740744, 1594740844.3323767, 1594740844.8740084, 1594740845.2533689, 1594740851.8852174, 1594740852.2342875, 1594740852.7101605, 1594740853.0806344, 1594740859.663038, 1594740860.0444431, 1594740860.5170217, 1594740860.8323798, 1594740867.4295337, 1594740867.7890415, 1594740868.3740556, 1594740868.7511885, 1594740875.406864, 1594740875.7650352, 1594740876.1524737, 1594740876.5233493, 1594740883.1656852, 1594740883.542186, 1594740883.934402, 1594740884.323837, 1594740890.910832, 1594740891.2795823, 1594740891.8492475, 1594740892.2588077, 1594740898.7953017, 1594740899.1489787, 1594740899.6550376, 1594740900.0118434, 1594740906.5878787, 1594740906.9630828, 1594740907.4670136, 1594740907.8384671, 1594740914.4088662, 1594740914.7773821, 1594740915.3124688, 1594740915.6795266, 1594740922.302757, 1594740922.6431742, 1594740923.0366814, 1594740923.5034857, 1594740930.137772, 1594740930.5195923, 1594740930.9816172, 1594740931.3400707, 1594740938.1026096, 1594740938.4213433, 1594740938.8086078, 1594740939.2470524, 1594740945.7668118, 1594740946.1587524, 1594740946.6356084, 1594740947.01392, 1594740953.6290927, 1594740954.015592, 1594740954.49704, 1594740954.904963, 1594740961.5732741, 1594740961.9197264, 1594740962.4249682, 1594740962.7312915, 1594740969.379513, 1594740969.7483494, 1594740970.1715467, 1594740970.511638, 1594740977.1793718, 1594740977.5440307, 1594740977.950597, 1594740978.3315272, 1594740985.066902, 1594740985.391361, 1594740985.8859441, 1594740986.2227209, 1594740992.8609638, 1594740993.2455986, 1594740993.6389816, 1594740993.985129, 1594741000.6874692, 1594741001.0393429, 1594741001.5095503, 1594741001.9091432, 1594741008.569938, 1594741008.9418244, 1594741009.3692393, 1594741009.7382736, 1594741016.2751715, 1594741016.674839, 1594741017.103202, 1594741017.498375, 1594741024.0699077, 1594741024.45542, 1594741024.8301225, 1594741025.2305944, 1594741031.9053333, 1594741032.274284, 1594741032.7744777, 1594741033.1057866, 1594741039.694161, 1594741040.091677, 1594741040.4733918, 1594741040.836072, 1594741047.5120344, 1594741047.8702009, 1594741048.4488745, 1594741048.8330986, 1594741055.3132722, 1594741055.6929877, 1594741056.2064087, 1594741056.527631, 1594741063.1324077, 1594741063.4973302, 1594741064.0207138, 1594741064.381005, 1594741070.9668593, 1594741071.3552341, 1594741071.904486, 1594741072.259572, 1594741078.8207722, 1594741079.1895795, 1594741079.6670651, 1594741080.0316162, 1594741086.674221, 1594741086.996707, 1594741087.4329793, 1594741087.7750795, 1594741094.5390022, 1594741094.9030492, 1594741095.4925427, 1594741095.8475049, 1594741102.3704474, 1594741102.7110322, 1594741103.1581247, 1594741103.5339544, 1594741110.0267072, 1594741110.4019537, 1594741110.794535, 1594741111.1323893, 1594741117.8421407, 1594741118.1782155, 1594741118.7533507, 1594741119.0916884, 1594741125.653036, 1594741126.0539615, 1594741126.4612844, 1594741126.8175805, 1594741133.3699605, 1594741133.7296245, 1594741134.2423477, 1594741134.584724, 1594741141.2546341, 1594741141.5742698, 1594741142.1000862, 1594741142.4692843, 1594741149.0273795, 1594741149.388223, 1594741149.820043, 1594741150.1948955, 1594741156.7742333, 1594741157.148935, 1594741157.6057718, 1594741157.9728296, 1594741164.6887698, 1594741164.9977343, 1594741165.464673, 1594741165.836556, 1594741172.4708357, 1594741172.8275921, 1594741173.2867637, 1594741173.645236, 1594741180.1909995, 1594741180.6017597, 1594741181.0954123, 1594741181.4417772, 1594741188.074431, 1594741188.4502237, 1594741188.9128737, 1594741189.2657444, 1594741195.8955524, 1594741196.2691545, 1594741196.7242942, 1594741197.0804884, 1594741203.6409287, 1594741204.047797, 1594741204.50379, 1594741204.8593469, 1594741211.5439339, 1594741211.9303584, 1594741212.3735836, 1594741212.7366023, 1594741219.2390997, 1594741219.5852325, 1594741219.994098, 1594741220.3813565, 1594741227.0221786, 1594741227.3998218, 1594741227.8684375, 1594741228.2476418, 1594741234.842902, 1594741235.251445, 1594741235.7237258, 1594741236.0598993, 1594741242.6215522, 1594741243.0199006, 1594741243.4793105, 1594741243.9249907, 1594741250.4541197, 1594741250.7920406, 1594741251.5151677, 1594741251.8430572, 1594741258.420511, 1594741258.7735453, 1594741259.28093, 1594741259.6424272, 1594741266.2822876, 1594741266.6549847, 1594741267.1515388, 1594741267.526156, 1594741274.089817, 1594741274.4868526, 1594741275.0254335, 1594741275.3960063, 1594741281.9438944, 1594741282.3069909, 1594741282.7685475, 1594741283.099259, 1594741289.6761618, 1594741290.024226, 1594741290.440516, 1594741290.8404844, 1594741297.356485, 1594741297.723338, 1594741298.3522048, 1594741298.7399402, 1594741305.2724326, 1594741305.5981252, 1594741306.0904875, 1594741306.4227228, 1594741313.0210192, 1594741313.3365757, 1594741313.8325949, 1594741314.1822898, 1594741320.7213151, 1594741321.0667608, 1594741321.6523538, 1594741322.013102, 1594741328.440489, 1594741328.8297687, 1594741329.3010836, 1594741329.6714025, 1594741336.18009, 1594741336.5196326, 1594741337.0163178, 1594741337.4268863, 1594741344.048664, 1594741344.4012902, 1594741344.9329507, 1594741345.275388, 1594741351.706992, 1594741352.0714343, 1594741352.478507, 1594741352.8794205, 1594741359.3978572, 1594741359.7205174, 1594741360.2409651, 1594741360.6192682, 1594741367.25295, 1594741367.595752, 1594741368.0221763, 1594741368.3766162, 1594741374.923645, 1594741375.3191125, 1594741375.6956582, 1594741376.0783148, 1594741382.664428, 1594741383.0308735, 1594741383.4481223, 1594741383.7736564],