{"initial_reset_timestamp": 1594740610.251433, "timestamps": [1594740610.6602972, 1594740610.9862697, 1594740611.3628407, 1594740611.6905348, 1594740618.5987673, 1594740618.9226573, 1594740619.3384514, 1594740619.678718, 1594740626.269983, 1594740626.6492524, 1594740627.0454543, 1594740627.399402, 1594740633.9562728, 1594740634.3160126, 1594740634.705723, 1594740635.0649567, 1594740641.5636523, 1594740641.8867118, 1594740642.472231, 1594740642.805907, 1594740649.3503082, 1594740649.734104, 1594740650.1411023, 1594740650.512854, 1594740657.1967347, 1594740657.5441976, 1594740657.981844, 1594740658.3269658, 1594740664.9086308, 1594740665.255266, 1594740665.7779412, 1594740666.1361258, 1594740672.7130532, 1594740673.0893936, 1594740673.4780338, 1594740673.876573, 1594740680.3937244, 1594740680.7271562, 1594740681.159237, 1594740681.5306852, 1594740688.131871, 1594740688.5013528, 1594740689.008131, 1594740689.3740366, 1594740695.940055, 1594740696.2891536, 1594740696.7276232, 1594740697.1033003, 1594740703.5529947, 1594740703.9266624, 1594740704.3993132, 1594740704.7495737, 1594740711.3385935, 1594740711.7222035, 1594740712.2535908, 1594740712.6127229, 1594740719.1843855, 1594740719.552513, 1594740720.0087616, 1594740720.3683107, 1594740726.9409707, 1594740727.3037696, 1594740727.750701, 1594740728.1203694, 1594740734.8855982, 1594740735.2287838, 1594740735.6739712, 1594740736.015433, 1594740742.632494, 1594740742.982719, 1594740743.433771, 1594740743.8011672, 1594740750.344054, 1594740750.706061, 1594740751.1335053, 1594740751.464068, 1594740758.157358, 1594740758.4793794, 1594740759.0457916, 1594740759.4172387, 1594740765.9952097, 1594740766.4650762, 1594740766.8683484, 1594740767.2359796, 1594740773.770366, 1594740774.1014059, 1594740774.6913996, 1594740775.029894, 1594740781.666917, 1594740782.0297108, 1594740782.4797647, 1594740782.891682, 1594740789.5035934, 1594740789.841599, 1594740790.2617595, 1594740790.6402714, 1594740797.1859472, 1594740797.546152, 1594740797.9813378, 1594740798.3680506, 1594740804.9833796, 1594740805.319629, 1594740805.7572935, 1594740806.1457412, 1594740812.6726367, 1594740813.0594225, 1594740813.5953739, 1594740813.9765112, 1594740820.5649853, 1594740820.9242783, 1594740821.3843267, 1594740821.7165177, 1594740828.3976593, 1594740828.7765286, 1594740829.1653368, 1594740829.5301588, 1594740836.1376646, 1594740836.5260203, 1594740836.9883115, 1594740837.318465, 1594740843.929711, 1594740844.3097103, 1594740844.8553529, 1594740845.233769, 1594740851.8219278, 1594740852.127231, 1594740852.7190046, 1594740853.0649872, 1594740859.6734815, 1594740860.054361, 1594740860.4809768, 1594740860.8775012, 1594740867.4844468, 1594740867.8320594, 1594740868.370572, 1594740868.7534046, 1594740875.3636081, 1594740875.7535505, 1594740876.121878, 1594740876.500618, 1594740883.1622934, 1594740883.5228887, 1594740883.9454381, 1594740884.3099146, 1594740890.8758929, 1594740891.2675, 1594740891.8886335, 1594740892.269936, 1594740898.782135, 1594740899.1306257, 1594740899.6183035, 1594740899.9929528, 1594740906.577183, 1594740906.9902334, 1594740907.4528453, 1594740907.8347483, 1594740914.4234788, 1594740914.775542, 1594740915.309831, 1594740915.673232, 1594740922.268512, 1594740922.6435318, 1594740923.0436277, 1594740923.5327759, 1594740930.0824428, 1594740930.492603, 1594740930.9768968, 1594740931.3215559, 1594740938.0382524, 1594740938.410666, 1594740938.8777368, 1594740939.2378948, 1594740945.8220823, 1594740946.179427, 1594740946.689423, 1594740947.0640507, 1594740953.6099772, 1594740953.9632547, 1594740954.5162742, 1594740954.8661406, 1594740961.6017528, 1594740961.9693227, 1594740962.4351425, 1594740962.8254008, 1594740969.3952422, 1594740969.730357, 1594740970.2173274, 1594740970.575063, 1594740977.1779807, 1594740977.5921843, 1594740978.0124087, 1594740978.3401468, 1594740985.100341, 1594740985.4393613, 1594740985.8963704, 1594740986.2838078, 1594740992.8809848, 1594740993.2124093, 1594740993.6131546, 1594740993.9789512, 1594741000.6561892, 1594741001.0645046, 1594741001.474313, 1594741001.835933, 1594741008.5420415, 1594741008.8843782, 1594741009.4172492, 1594741009.7720854, 1594741016.2969747, 1594741016.6396039, 1594741017.0252974, 1594741017.3977547, 1594741024.076585, 1594741024.4182968, 1594741024.9118657, 1594741025.2687519, 1594741031.930707, 1594741032.3282, 1594741032.7500727, 1594741033.1264908, 1594741039.6599662, 1594741040.0270047, 1594741040.5291765, 1594741040.9045668, 1594741047.4505394, 1594741047.8486009, 1594741048.4230773, 1594741048.7810464, 1594741055.3326335, 1594741055.7038293, 1594741056.2131515, 1594741056.604814, 1594741063.188923, 1594741063.5206783, 1594741064.0150247, 1594741064.3475318, 1594741070.9575114, 1594741071.2603726, 1594741071.8679056, 1594741072.2581573, 1594741078.7870662, 1594741079.1622124, 1594741079.6686504, 1594741080.0060563, 1594741086.5431075, 1594741086.9838214, 1594741087.4196787, 1594741087.7432153, 1594741094.5052142, 1594741094.907073, 1594741095.4563804, 1594741095.8414, 1594741102.3464427, 1594741102.7138345, 1594741103.1603048, 1594741103.531367, 1594741110.0664852, 1594741110.4243937, 1594741110.8194146, 1594741111.1985402, 1594741117.793256, 1594741118.1430116, 1594741118.7320943, 1594741119.0976617, 1594741125.6535394, 1594741126.0089285, 1594741126.4610832, 1594741126.8415902, 1594741133.4332194, 1594741133.786024, 1594741134.2540228, 1594741134.6057217, 1594741141.2831538, 1594741141.6464584, 1594741142.0819952, 1594741142.3800457, 1594741148.9977033, 1594741149.387776, 1594741149.8454437, 1594741150.1924512, 1594741156.7267559, 1594741157.1101208, 1594741157.655658, 1594741158.0368998, 1594741164.6740723, 1594741165.0287628, 1594741165.4367902, 1594741165.798393, 1594741172.4418855, 1594741172.8274677, 1594741173.230499, 1594741173.5736718, 1594741180.2796283, 1594741180.6062682, 1594741181.0372422, 1594741181.4076953, 1594741188.0310557, 1594741188.34965, 1594741188.8849561, 1594741189.2210362, 1594741195.8734407, 1594741196.2385738, 1594741196.6544967, 1594741197.0288699, 1594741203.622288, 1594741204.0000727, 1594741204.4564002, 1594741204.840843, 1594741211.5251527, 1594741211.9002903, 1594741212.377151, 1594741212.7268093, 1594741219.3228314, 1594741219.6802895, 1594741220.0994515, 1594741220.4604442, 1594741227.024743, 1594741227.4208825, 1594741227.852204, 1594741228.209688, 1594741234.8716712, 1594741235.2625587, 1594741235.6897411, 1594741236.0661786, 1594741242.6750276, 1594741243.051415, 1594741243.5110958, 1594741243.8777144, 1594741250.5806942, 1594741250.9216592, 1594741251.5335011, 1594741251.9145296, 1594741258.488249, 1594741258.8741443, 1594741259.3107145, 1594741259.679182, 1594741266.329104, 1594741266.674011, 1594741267.1236145, 1594741267.5129995, 1594741274.0425365, 1594741274.396357, 1594741275.018602, 1594741275.3507266, 1594741281.9572663, 1594741282.3143609, 1594741282.786563, 1594741283.1386518, 1594741289.6804464, 1594741290.0612454, 1594741290.4588313, 1594741290.83707, 1594741297.429202, 1594741297.7549284, 1594741298.377926, 1594741298.731762, 1594741305.2859197, 1594741305.6573682, 1594741306.0898943, 1594741306.428131, 1594741313.0685205, 1594741313.4161916, 1594741313.830844, 1594741314.211163, 1594741320.7019815, 1594741321.042759, 1594741321.640263, 1594741322.013387, 1594741328.4578347, 1594741328.8178513, 1594741329.2279687, 1594741329.618337, 1594741336.195255, 1594741336.5927415, 1594741336.9941502, 1594741337.372873, 1594741344.100213, 1594741344.4503133, 1594741344.873655, 1594741345.2426422, 1594741351.759385, 1594741352.0813756, 1594741352.5549922, 1594741352.9295342, 1594741359.3939986, 1594741359.794636, 1594741360.2820144, 1594741360.6192431, 1594741367.226239, 1594741367.5896804, 1594741368.0736783, 1594741368.440138, 1594741374.999498, 1594741375.3281522, 1594741375.7185435, 1594741376.054851, 1594741382.6255598, 1594741383.0056443, 1594741383.400747, 1594741383.7328],