{"initial_reset_timestamp": 1594740610.2512662, "timestamps": [1594740610.6429398, 1594740610.942247, 1594740611.3718662, 1594740611.6810105, 1594740618.6012378, 1594740618.9005353, 1594740619.3276606, 1594740619.691172, 1594740626.3122463, 1594740626.6601822, 1594740627.0561557, 1594740627.3658829, 1594740633.943694, 1594740634.2966254, 1594740634.729394, 1594740635.0643034, 1594740641.6173232, 1594740641.9532156, 1594740642.4935205, 1594740642.8348117, 1594740649.4157112, 1594740649.780884, 1594740650.222624, 1594740650.5605464, 1594740657.1870768, 1594740657.5528517, 1594740657.9905288, 1594740658.345558, 1594740664.9192483, 1594740665.2563324, 1594740665.7560484, 1594740666.066435, 1594740672.729831, 1594740673.064957, 1594740673.4707744, 1594740673.8248842, 1594740680.462883, 1594740680.8083503, 1594740681.1957731, 1594740681.5472946, 1594740688.065691, 1594740688.4213874, 1594740688.9555874, 1594740689.3451273, 1594740695.9459164, 1594740696.324593, 1594740696.7502332, 1594740697.1091485, 1594740703.5812533, 1594740703.938712, 1594740704.4337459, 1594740704.788698, 1594740711.2934968, 1594740711.6009707, 1594740712.2186184, 1594740712.597316, 1594740719.1178012, 1594740719.4426913, 1594740719.9491074, 1594740720.3102129, 1594740726.9845283, 1594740727.340564, 1594740727.773153, 1594740728.1503384, 1594740734.8612075, 1594740735.2047706, 1594740735.672632, 1594740736.0714636, 1594740742.5990045, 1594740742.9702594, 1594740743.4250069, 1594740743.8129203, 1594740750.286805, 1594740750.671366, 1594740751.154852, 1594740751.516775, 1594740758.2021706, 1594740758.5628765, 1594740759.0332859, 1594740759.4056454, 1594740765.9717894, 1594740766.422107, 1594740766.9071486, 1594740767.2571046, 1594740773.8543499, 1594740774.2565455, 1594740774.620028, 1594740774.9760833, 1594740781.730307, 1594740782.0728002, 1594740782.5417302, 1594740782.88955, 1594740789.4903376, 1594740789.8767586, 1594740790.249938, 1594740790.6243377, 1594740797.16316, 1594740797.5441077, 1594740797.9374847, 1594740798.3373675, 1594740804.9745953, 1594740805.3542633, 1594740805.7945712, 1594740806.170117, 1594740812.7102275, 1594740813.0229962, 1594740813.5233204, 1594740813.8893228, 1594740820.5634475, 1594740820.936919, 1594740821.3521674, 1594740821.7090318, 1594740828.3676755, 1594740828.7006924, 1594740829.2148871, 1594740829.57629, 1594740836.1631885, 1594740836.5197568, 1594740836.9454758, 1594740837.3470187, 1594740843.907692, 1594740844.2905571, 1594740844.8016088, 1594740845.186098, 1594740851.8585608, 1594740852.2391315, 1594740852.7146053, 1594740853.0984724, 1594740859.6570795, 1594740860.0588868, 1594740860.484444, 1594740860.8592038, 1594740867.4738507, 1594740867.8284757, 1594740868.3929253, 1594740868.738158, 1594740875.331606, 1594740875.7101958, 1594740876.165306, 1594740876.497487, 1594740883.1223123, 1594740883.4354284, 1594740883.8837068, 1594740884.2406044, 1594740890.84936, 1594740891.20444, 1594740891.8849401, 1594740892.2668257, 1594740898.7738583, 1594740899.120709, 1594740899.6476398, 1594740900.0409808, 1594740906.6149483, 1594740907.0278418, 1594740907.4463623, 1594740907.7631416, 1594740914.3809505, 1594740914.7849872, 1594740915.3090088, 1594740915.6476953, 1594740922.255988, 1594740922.657038, 1594740923.0176668, 1594740923.3697746, 1594740930.1801193, 1594740930.5158608, 1594740930.9385395, 1594740931.307938, 1594740938.0087817, 1594740938.312127, 1594740938.844683, 1594740939.2044523, 1594740945.82908, 1594740946.172307, 1594740946.688165, 1594740947.0452383, 1594740953.6200044, 1594740953.9744556, 1594740954.4929976, 1594740954.8538318, 1594740961.6207006, 1594740961.9898806, 1594740962.3960946, 1594740962.731056, 1594740969.3862574, 1594740969.7336688, 1594740970.219454, 1594740970.6145754, 1594740977.194426, 1594740977.5461411, 1594740977.9757683, 1594740978.3417869, 1594740985.0438771, 1594740985.420738, 1594740985.9608955, 1594740986.2832553, 1594740992.8568156, 1594740993.195017, 1594740993.6489038, 1594740994.028828, 1594741000.6792538, 1594741001.0231476, 1594741001.4974592, 1594741001.861432, 1594741008.5257034, 1594741008.8646314, 1594741009.3673134, 1594741009.7280471, 1594741016.2932882, 1594741016.6622186, 1594741017.081436, 1594741017.4493618, 1594741024.0734212, 1594741024.4162507, 1594741024.904653, 1594741025.266564, 1594741031.9691482, 1594741032.3412888, 1594741032.72873, 1594741033.1202824, 1594741039.7009754, 1594741040.0509284, 1594741040.4963145, 1594741040.8813424, 1594741047.470811, 1594741047.83292, 1594741048.4169562, 1594741048.7891843, 1594741055.3703864, 1594741055.7356524, 1594741056.1999893, 1594741056.576896, 1594741063.1706915, 1594741063.5527096, 1594741064.0038507, 1594741064.3868868, 1594741070.9249458, 1594741071.3299663, 1594741071.882184, 1594741072.253598, 1594741078.8431656, 1594741079.1615813, 1594741079.6499505, 1594741079.97541, 1594741086.5212607, 1594741086.9143746, 1594741087.4237316, 1594741087.7466998, 1594741094.5643766, 1594741094.8767323, 1594741095.450035, 1594741095.8334756, 1594741102.3425233, 1594741102.6726894, 1594741103.1643984, 1594741103.5270998, 1594741110.033326, 1594741110.3502052, 1594741110.8167763, 1594741111.1674833, 1594741117.7978847, 1594741118.170228, 1594741118.7518077, 1594741119.105644, 1594741125.648928, 1594741126.0011423, 1594741126.484875, 1594741126.845983, 1594741133.4143214, 1594741133.7601566, 1594741134.2373211, 1594741134.6158566, 1594741141.2760718, 1594741141.649394, 1594741142.061451, 1594741142.4333975, 1594741149.0403965, 1594741149.395376, 1594741149.8056095, 1594741150.1455722, 1594741156.7920282, 1594741157.1824653, 1594741157.5927305, 1594741157.964222, 1594741164.6537285, 1594741165.016169, 1594741165.412229, 1594741165.7442617, 1594741172.445374, 1594741172.7978878, 1594741173.2260633, 1594741173.6157217, 1594741180.1854727, 1594741180.5624602, 1594741181.0481572, 1594741181.4254835, 1594741187.9957113, 1594741188.368929, 1594741188.97134, 1594741189.3088624, 1594741195.9052346, 1594741196.2781403, 1594741196.6728594, 1594741197.0525987, 1594741203.653205, 1594741204.0244508, 1594741204.4422288, 1594741204.8307514, 1594741211.52645, 1594741211.8838542, 1594741212.3721275, 1594741212.6824417, 1594741219.244146, 1594741219.606369, 1594741220.1315486, 1594741220.4862094, 1594741226.992803, 1594741227.3335927, 1594741227.8561096, 1594741228.191988, 1594741234.9377017, 1594741235.2953675, 1594741235.7343879, 1594741236.103684, 1594741242.6596928, 1594741242.9924603, 1594741243.4424863, 1594741243.8107874, 1594741250.4588053, 1594741250.8671498, 1594741251.637643, 1594741251.951053, 1594741258.5470364, 1594741258.9078624, 1594741259.2570274, 1594741259.6269295, 1594741266.2164824, 1594741266.6109452, 1594741267.1598177, 1594741267.5427432, 1594741274.0736842, 1594741274.4365256, 1594741275.02018, 1594741275.4065259, 1594741281.9615757, 1594741282.3207552, 1594741282.8148677, 1594741283.1582875, 1594741289.6925495, 1594741290.0471706, 1594741290.4202497, 1594741290.7752993, 1594741297.4492059, 1594741297.826912, 1594741298.3390315, 1594741298.7204823, 1594741305.2692528, 1594741305.6748626, 1594741306.0386884, 1594741306.3898473, 1594741313.043155, 1594741313.4133368, 1594741313.7483566, 1594741314.1080105, 1594741320.7321424, 1594741321.1094995, 1594741321.5614085, 1594741321.8793714, 1594741328.5048282, 1594741328.8480785, 1594741329.261422, 1594741329.5928576, 1594741336.1424887, 1594741336.5255806, 1594741336.9695847, 1594741337.3503785, 1594741344.0900514, 1594741344.4558666, 1594741344.9082801, 1594741345.254291, 1594741351.7470121, 1594741352.1011686, 1594741352.5971322, 1594741352.972332, 1594741359.4839857, 1594741359.8541975, 1594741360.2555928, 1594741360.6217666, 1594741367.190524, 1594741367.5825517, 1594741368.024414, 1594741368.401326, 1594741374.9118798, 1594741375.2635853, 1594741375.751219, 1594741376.074418, 1594741382.6763382, 1594741383.0171068, 1594741383.42116, 1594741383.7791328],