{"initial_reset_timestamp": 1594742415.1955771, "timestamps": [1594742416.0093908, 1594742416.669025, 1594742417.653846, 1594742418.3852599, 1594742426.7718616, 1594742427.5097902, 1594742428.3269212, 1594742429.0541065, 1594742436.921172, 1594742437.6889462, 1594742438.6298451, 1594742439.4097362, 1594742447.274349, 1594742447.990635, 1594742448.838096, 1594742449.5861263, 1594742457.526629, 1594742458.2614658, 1594742459.1185586, 1594742459.9430273, 1594742467.740625, 1594742468.516461, 1594742469.454556, 1594742470.2600608, 1594742478.0283816, 1594742478.8707, 1594742479.9035397, 1594742480.6213982, 1594742488.6095147, 1594742489.34976, 1594742490.3678212, 1594742491.2671618, 1594742499.1419294, 1594742499.9290187, 1594742500.8771038, 1594742501.6362174, 1594742509.6451728, 1594742510.487356, 1594742511.5847394, 1594742512.3834875, 1594742520.2118263, 1594742521.1017637, 1594742522.1170833, 1594742522.988443, 1594742530.804693, 1594742531.6992712, 1594742532.7568734, 1594742533.6999786, 1594742541.5563679, 1594742542.4115617, 1594742543.5502484, 1594742544.3931873, 1594742552.431729, 1594742553.241871, 1594742554.2173586, 1594742555.0901842, 1594742562.8942897, 1594742563.682369, 1594742564.905642, 1594742565.8089316, 1594742573.736938, 1594742574.527346, 1594742575.764066, 1594742576.6081738, 1594742584.4089894, 1594742585.3068392, 1594742586.397074, 1594742587.1996183, 1594742595.0903094, 1594742595.906326, 1594742596.8712056, 1594742597.736892, 1594742605.7713742, 1594742606.5690749, 1594742607.5942595, 1594742608.5107899, 1594742616.3972304, 1594742617.28568, 1594742618.3817794, 1594742619.3228345, 1594742627.1759777, 1594742628.0852118, 1594742629.1559222, 1594742630.0297694, 1594742637.9347277, 1594742638.8128543, 1594742639.8485763, 1594742640.7415135, 1594742648.676725, 1594742649.5392213, 1594742650.6004057, 1594742651.5329285, 1594742659.4400496, 1594742660.318078, 1594742661.4190624, 1594742662.2849998, 1594742670.2498133, 1594742671.1472013, 1594742672.209321, 1594742673.0950744, 1594742680.9374173, 1594742681.817097, 1594742682.9059563, 1594742683.7345848, 1594742691.8106613, 1594742692.6513262, 1594742693.6629505, 1594742694.533895, 1594742702.3957808, 1594742703.1253207, 1594742704.360297, 1594742705.3328388, 1594742713.3878787, 1594742714.2789469, 1594742715.361623, 1594742716.2056975, 1594742724.1951647, 1594742725.0754552, 1594742726.1656754, 1594742727.0025215, 1594742734.9078398, 1594742735.7456505, 1594742736.7667825, 1594742737.6050086, 1594742745.6304467, 1594742746.5360627, 1594742747.785155, 1594742748.6089785, 1594742756.4620693, 1594742757.31777, 1594742758.5660255, 1594742759.508655, 1594742767.3463314, 1594742768.1895626, 1594742769.3630157, 1594742770.2570534, 1594742778.3635, 1594742779.2945325, 1594742780.2624948, 1594742781.095462, 1594742789.1323924, 1594742789.9762251, 1594742791.1041365, 1594742791.9278123, 1594742799.9340515, 1594742800.8896136, 1594742802.0461025, 1594742802.9233954, 1594742811.1217868, 1594742812.0584517, 1594742813.0392768, 1594742813.967322, 1594742821.9726949, 1594742822.8070006, 1594742824.104767, 1594742825.0168047, 1594742832.8202667, 1594742833.7347317, 1594742834.9178362, 1594742835.7905033, 1594742843.6035202, 1594742844.5950427, 1594742845.6249125, 1594742846.5650814, 1594742854.541868, 1594742855.2881541, 1594742856.483574, 1594742857.3396814, 1594742865.438206, 1594742866.298253, 1594742867.4928522, 1594742868.3749428, 1594742876.2896564, 1594742877.1866827, 1594742878.3832057, 1594742879.276045, 1594742887.194447, 1594742888.1740031, 1594742889.1447277, 1594742890.1314719, 1594742898.1515641, 1594742898.974046, 1594742900.1754158, 1594742901.0974154, 1594742909.1238384, 1594742910.065645, 1594742910.9813771, 1594742911.871582, 1594742920.0033212, 1594742920.8678687, 1594742922.0902946, 1594742922.971353, 1594742930.8231652, 1594742931.8218534, 1594742932.7952552, 1594742933.7321692, 1594742941.607677, 1594742942.4947717, 1594742943.5691283, 1594742944.5340548, 1594742952.6434278, 1594742953.552173, 1594742954.7725868, 1594742955.662524, 1594742963.712913, 1594742964.625424, 1594742965.6322079, 1594742966.5679297, 1594742974.5444696, 1594742975.4444966, 1594742976.6824439, 1594742977.5678377, 1594742985.5708847, 1594742986.5630276, 1594742987.6355054, 1594742988.4945467, 1594742996.507751, 1594742997.3963661, 1594742998.4815702, 1594742999.3242218, 1594743007.6116002, 1594743008.435585, 1594743009.5437863, 1594743010.421964, 1594743018.5776396, 1594743019.4451153, 1594743020.4927127, 1594743021.3753934, 1594743029.4327986, 1594743030.2745056, 1594743031.3329275, 1594743032.1934195, 1594743040.3172543, 1594743041.205633, 1594743042.3012054, 1594743043.1757405, 1594743051.1957023, 1594743052.094812, 1594743053.2350194, 1594743054.1453748, 1594743062.0411568, 1594743062.946737, 1594743064.0251153, 1594743064.9784827, 1594743072.8486466, 1594743073.7371016, 1594743074.9354925, 1594743075.9625762, 1594743083.911044, 1594743084.8456104, 1594743086.2123055, 1594743087.043863, 1594743095.03487, 1594743096.0009243, 1594743097.021807, 1594743097.9758074, 1594743106.119742, 1594743106.9738393, 1594743107.9688952, 1594743108.9373264, 1594743116.7997348, 1594743117.7431865, 1594743118.8398545, 1594743119.7702425, 1594743127.5634563, 1594743128.4960861, 1594743129.7372468, 1594743130.68759, 1594743138.8546212, 1594743139.685431, 1594743140.5816278, 1594743141.648745, 1594743149.4683645, 1594743150.453867, 1594743151.4382393, 1594743152.4146829, 1594743160.520962, 1594743161.4446115, 1594743162.70155, 1594743163.6558173, 1594743171.70362, 1594743172.4430926, 1594743173.626519, 1594743174.5827837, 1594743182.5908377, 1594743183.3873339, 1594743184.5798585, 1594743185.5075285, 1594743193.324963, 1594743194.201039, 1594743195.5768313, 1594743196.43714, 1594743204.4603639, 1594743205.2624795, 1594743206.3560781, 1594743207.218833, 1594743215.4476666, 1594743216.4006665, 1594743217.4754212, 1594743218.466335, 1594743226.5972378, 1594743227.5392506, 1594743228.6199543, 1594743229.4979727, 1594743237.5701401, 1594743238.42792, 1594743239.4936187, 1594743240.4687893, 1594743248.3228283, 1594743249.3132863, 1594743250.403346, 1594743251.3867996, 1594743259.4646053, 1594743260.3402832, 1594743261.5388668, 1594743262.4414306, 1594743270.3642545, 1594743271.2807467, 1594743272.2134016, 1594743273.1181233, 1594743281.1124585, 1594743281.8571, 1594743283.2142467, 1594743284.1529076, 1594743292.158982, 1594743293.120462, 1594743294.060681, 1594743294.8554926, 1594743302.9394314, 1594743303.872318, 1594743304.9119573, 1594743305.8868837, 1594743313.8414404, 1594743314.8167284, 1594743315.9461675, 1594743316.8894393, 1594743324.7966864, 1594743325.675528, 1594743326.7771914, 1594743327.5865746, 1594743335.6187525, 1594743336.58295, 1594743337.778034, 1594743338.6470866, 1594743346.6637635, 1594743347.6066973, 1594743348.8049235, 1594743349.7214725, 1594743357.53433, 1594743358.6068027, 1594743359.8440514, 1594743360.6432402, 1594743368.7153318, 1594743369.6247103, 1594743370.764628, 1594743371.6807048, 1594743379.850343, 1594743380.831388, 1594743381.790111, 1594743382.716269, 1594743390.7408338, 1594743391.616207, 1594743392.7295132, 1594743393.6166215, 1594743401.4222136, 1594743402.3690495, 1594743403.641565, 1594743404.4783561, 1594743412.3878577, 1594743413.1728942, 1594743414.4379346, 1594743415.3937528, 1594743423.4261637, 1594743424.3356307, 1594743425.363397, 1594743426.3026388, 1594743434.2765746, 1594743435.1822445, 1594743436.4523182, 1594743437.3004124, 1594743445.3484788, 1594743446.1571422, 1594743447.3542635, 1594743448.196688, 1594743456.2496593, 1594743457.0708838, 1594743458.2658744, 1594743459.0464978, 1594743467.0862916, 1594743467.99519, 1594743469.2866325, 1594743470.0434892, 1594743478.032934, 1594743478.9054332, 1594743480.1914716, 1594743481.2164836, 1594743489.2031062, 1594743489.9077964, 1594743491.2142832, 1594743492.1866753],