{"initial_reset_timestamp": 1594742415.1959572, "timestamps": [1594742416.0744052, 1594742416.8003836, 1594742417.6121628, 1594742418.3871863, 1594742426.7416177, 1594742427.49525, 1594742428.2878745, 1594742428.9210024, 1594742436.982109, 1594742437.761472, 1594742438.6306255, 1594742439.3388333, 1594742447.1606493, 1594742447.8882005, 1594742448.8499718, 1594742449.6796532, 1594742457.4232788, 1594742458.2326388, 1594742459.0601943, 1594742459.81562, 1594742467.8243034, 1594742468.6079173, 1594742469.506383, 1594742470.3534942, 1594742478.164857, 1594742478.9720273, 1594742480.0269299, 1594742480.8326972, 1594742488.7140696, 1594742489.4583876, 1594742490.443027, 1594742491.230121, 1594742499.1678317, 1594742500.0030599, 1594742500.8839743, 1594742501.6714427, 1594742509.6653981, 1594742510.4952369, 1594742511.617684, 1594742512.4305258, 1594742520.3148642, 1594742521.1462154, 1594742521.9194877, 1594742522.775029, 1594742530.783854, 1594742531.6175835, 1594742532.8581698, 1594742533.5526543, 1594742541.6458545, 1594742542.5121565, 1594742543.7164853, 1594742544.5362186, 1594742552.4654634, 1594742553.2505572, 1594742554.259211, 1594742555.0242586, 1594742563.011434, 1594742563.9567845, 1594742564.8589733, 1594742565.7384577, 1594742573.785906, 1594742574.6822863, 1594742575.721709, 1594742576.6268263, 1594742584.3982227, 1594742585.2609024, 1594742586.4076242, 1594742587.2587433, 1594742594.9572015, 1594742595.8114274, 1594742597.1009867, 1594742597.948121, 1594742605.807201, 1594742606.7097447, 1594742607.6087945, 1594742608.4833505, 1594742616.5250893, 1594742617.3568215, 1594742618.43499, 1594742619.2894318, 1594742627.1956503, 1594742628.0667546, 1594742629.2102032, 1594742629.9835799, 1594742637.9383068, 1594742638.8331492, 1594742639.8905227, 1594742640.7732327, 1594742648.6626396, 1594742649.5992284, 1594742650.706247, 1594742651.549984, 1594742659.4954703, 1594742660.3153834, 1594742661.40523, 1594742662.3213875, 1594742670.211086, 1594742671.1123393, 1594742672.2271717, 1594742672.9682503, 1594742681.0126286, 1594742681.8477225, 1594742682.9181185, 1594742683.802189, 1594742691.7809103, 1594742692.5627382, 1594742693.711742, 1594742694.6513574, 1594742702.5841963, 1594742703.4563365, 1594742704.4683015, 1594742705.3308225, 1594742713.2160535, 1594742714.1083143, 1594742715.3723445, 1594742716.1493068, 1594742724.126071, 1594742725.0156415, 1594742726.1197197, 1594742726.9962666, 1594742734.7755895, 1594742735.6908715, 1594742736.7617033, 1594742737.6666558, 1594742745.611483, 1594742746.5752127, 1594742747.792205, 1594742748.6291003, 1594742756.4618132, 1594742757.424001, 1594742758.6073813, 1594742759.574192, 1594742767.2945604, 1594742768.2436585, 1594742769.318702, 1594742770.2441444, 1594742778.3751454, 1594742779.2598004, 1594742780.247326, 1594742781.186451, 1594742789.1819296, 1594742790.08626, 1594742791.1727564, 1594742792.1224566, 1594742800.0909865, 1594742801.0230782, 1594742802.076448, 1594742802.962471, 1594742811.032567, 1594742811.9180279, 1594742813.1303308, 1594742813.9365678, 1594742821.961766, 1594742822.7895212, 1594742823.9248242, 1594742824.8773775, 1594742832.6577115, 1594742833.5678046, 1594742834.8558927, 1594742835.7888045, 1594742843.721315, 1594742844.6204553, 1594742845.7172372, 1594742846.662899, 1594742854.530308, 1594742855.4070659, 1594742856.555733, 1594742857.3596435, 1594742865.3059008, 1594742866.2058814, 1594742867.4367836, 1594742868.3386395, 1594742876.414345, 1594742877.330211, 1594742878.355085, 1594742879.338335, 1594742887.312101, 1594742888.30515, 1594742889.2429676, 1594742890.2224638, 1594742898.1640966, 1594742899.0759127, 1594742900.2455306, 1594742901.1767855, 1594742909.1017804, 1594742910.052913, 1594742910.9911091, 1594742911.9011867, 1594742919.933394, 1594742920.9048755, 1594742921.9580543, 1594742922.8415828, 1594742930.7106183, 1594742931.5260932, 1594742932.9196482, 1594742933.7788155, 1594742941.655665, 1594742942.5855396, 1594742943.680465, 1594742944.659173, 1594742952.521704, 1594742953.4800317, 1594742954.774325, 1594742955.6104827, 1594742963.7006333, 1594742964.550774, 1594742965.7432709, 1594742966.6402128, 1594742974.5678933, 1594742975.5316303, 1594742976.608325, 1594742977.552008, 1594742985.668353, 1594742986.5811486, 1594742987.7999473, 1594742988.6647668, 1594742996.588797, 1594742997.34802, 1594742998.609549, 1594742999.462033, 1594743007.4334433, 1594743008.324714, 1594743009.4977946, 1594743010.3104043, 1594743018.523217, 1594743019.4007938, 1594743020.5227816, 1594743021.3904092, 1594743029.3864992, 1594743030.386689, 1594743031.386851, 1594743032.3190005, 1594743040.2403631, 1594743041.26862, 1594743042.4496276, 1594743043.3422186, 1594743051.1928153, 1594743052.055418, 1594743053.1741762, 1594743054.2040474, 1594743062.0108516, 1594743062.926237, 1594743063.9975944, 1594743064.880265, 1594743072.9707897, 1594743073.9433699, 1594743074.9951973, 1594743075.9419658, 1594743083.940708, 1594743085.1001673, 1594743086.051303, 1594743086.943956, 1594743095.0601463, 1594743095.9328825, 1594743097.0280337, 1594743097.774305, 1594743106.0075102, 1594743106.9207919, 1594743107.9601507, 1594743108.8367267, 1594743116.833363, 1594743117.7281334, 1594743118.704502, 1594743119.5932615, 1594743127.695079, 1594743128.556971, 1594743129.6874912, 1594743130.6542346, 1594743138.690639, 1594743139.5425172, 1594743140.6520703, 1594743141.6050615, 1594743149.4751832, 1594743150.2823312, 1594743151.5687432, 1594743152.5295057, 1594743160.5693598, 1594743161.508163, 1594743162.6778784, 1594743163.5435817, 1594743171.568443, 1594743172.5131302, 1594743173.574432, 1594743174.4974585, 1594743182.3813562, 1594743183.4020214, 1594743184.498651, 1594743185.3196497, 1594743193.4351227, 1594743194.359257, 1594743195.4191058, 1594743196.2522037, 1594743204.4262474, 1594743205.3340182, 1594743206.4148343, 1594743207.3264346, 1594743215.2881265, 1594743216.3456492, 1594743217.480576, 1594743218.3969731, 1594743226.5954204, 1594743227.4027033, 1594743228.500993, 1594743229.4232786, 1594743237.4244833, 1594743238.263051, 1594743239.5300887, 1594743240.3640597, 1594743248.4298296, 1594743249.3400521, 1594743250.438255, 1594743251.3736005, 1594743259.386312, 1594743260.4573202, 1594743261.5470247, 1594743262.474558, 1594743270.4433923, 1594743271.278055, 1594743272.3358912, 1594743273.253538, 1594743281.1814528, 1594743282.0862312, 1594743283.274059, 1594743284.1964326, 1594743292.1026857, 1594743292.9798496, 1594743294.2382858, 1594743295.1343784, 1594743302.974167, 1594743303.9105837, 1594743304.840359, 1594743305.6464932, 1594743313.7789695, 1594743314.6678581, 1594743315.8155775, 1594743316.6904802, 1594743324.8770807, 1594743325.7039037, 1594743326.7437654, 1594743327.6117077, 1594743335.626723, 1594743336.5247724, 1594743337.6524613, 1594743338.591602, 1594743346.5828657, 1594743347.4007845, 1594743348.8266194, 1594743349.6802723, 1594743357.754045, 1594743358.7527516, 1594743359.8578668, 1594743360.849311, 1594743368.5971546, 1594743369.4600203, 1594743370.8496118, 1594743371.720458, 1594743379.8897705, 1594743380.8000438, 1594743381.7169442, 1594743382.6160853, 1594743390.7828634, 1594743391.6053417, 1594743392.6568658, 1594743393.4195728, 1594743401.48461, 1594743402.4095757, 1594743403.7106075, 1594743404.6542087, 1594743412.4216115, 1594743413.2779038, 1594743414.4754393, 1594743415.36487, 1594743423.3599634, 1594743424.2482293, 1594743425.1860158, 1594743426.1762354, 1594743434.2642407, 1594743435.103758, 1594743436.5131788, 1594743437.3917694, 1594743445.239241, 1594743446.1983328, 1594743447.515526, 1594743448.3154685, 1594743456.2769313, 1594743457.133936, 1594743458.3405528, 1594743459.2045872, 1594743467.2465863, 1594743468.1617234, 1594743469.1900697, 1594743470.1139913, 1594743478.1861734, 1594743479.0063431, 1594743480.2042618, 1594743481.078985, 1594743489.0768673, 1594743489.9769335, 1594743491.1826706, 1594743492.127875],