{"initial_reset_timestamp": 1594742415.1940985, "timestamps": [1594742416.043421, 1594742416.8083313, 1594742417.5911088, 1594742418.3293228, 1594742426.7758405, 1594742427.5222514, 1594742428.387146, 1594742429.2064366, 1594742436.939098, 1594742437.6328783, 1594742438.7067113, 1594742439.5091271, 1594742447.105979, 1594742447.9085753, 1594742448.9261434, 1594742449.5862734, 1594742457.4086962, 1594742458.2214024, 1594742459.2083368, 1594742459.9311404, 1594742467.706499, 1594742468.4312582, 1594742469.5268564, 1594742470.307746, 1594742478.0975919, 1594742478.8726523, 1594742480.0117176, 1594742480.7972612, 1594742488.5435047, 1594742489.4132247, 1594742490.5318542, 1594742491.2791836, 1594742499.0157614, 1594742499.8844671, 1594742500.9332561, 1594742501.7652209, 1594742509.6196415, 1594742510.484509, 1594742511.641984, 1594742512.4658353, 1594742520.3064172, 1594742521.1268482, 1594742522.163203, 1594742523.0301194, 1594742530.901601, 1594742531.723568, 1594742532.8089614, 1594742533.600216, 1594742541.6437373, 1594742542.4431913, 1594742543.686983, 1594742544.44815, 1594742552.5528793, 1594742553.3036058, 1594742554.222239, 1594742555.0998235, 1594742562.9643493, 1594742563.8853898, 1594742564.942435, 1594742565.832472, 1594742573.785923, 1594742574.6643863, 1594742575.6433678, 1594742576.4438105, 1594742584.4148839, 1594742585.2966352, 1594742586.3453631, 1594742587.1930487, 1594742595.1346817, 1594742595.9521856, 1594742597.0636199, 1594742597.9524817, 1594742605.8422875, 1594742606.5495794, 1594742607.656988, 1594742608.5099413, 1594742616.3326464, 1594742617.1912708, 1594742618.2672505, 1594742619.2097611, 1594742627.2264159, 1594742627.9756444, 1594742629.0502222, 1594742629.857429, 1594742637.8046758, 1594742638.6428084, 1594742639.9233696, 1594742640.8877332, 1594742648.6557662, 1594742649.6398597, 1594742650.6689334, 1594742651.560564, 1594742659.5590062, 1594742660.3505945, 1594742661.4422524, 1594742662.3491282, 1594742670.175193, 1594742671.0814607, 1594742672.0927987, 1594742672.9766293, 1594742680.9347024, 1594742681.6884887, 1594742682.8339224, 1594742683.639725, 1594742691.8576267, 1594742692.7332757, 1594742693.7695713, 1594742694.5992703, 1594742702.4197233, 1594742703.3203626, 1594742704.3780773, 1594742705.259384, 1594742713.2650363, 1594742714.1883876, 1594742715.3860385, 1594742716.2163575, 1594742724.0623484, 1594742724.8961136, 1594742726.0492353, 1594742727.0078907, 1594742734.9102051, 1594742735.790736, 1594742736.7655437, 1594742737.6430554, 1594742745.5893497, 1594742746.4848683, 1594742747.6035974, 1594742748.501313, 1594742756.2891917, 1594742757.1276891, 1594742758.5779302, 1594742759.526198, 1594742767.3665454, 1594742768.0825474, 1594742769.310459, 1594742770.2155194, 1594742778.2658918, 1594742779.2713046, 1594742780.2102835, 1594742781.1526613, 1594742789.2408903, 1594742790.138096, 1594742791.1566908, 1594742792.050021, 1594742800.02551, 1594742800.9557621, 1594742802.1192005, 1594742803.047917, 1594742811.192318, 1594742812.0441892, 1594742813.1796455, 1594742814.0047479, 1594742822.0039463, 1594742822.9321928, 1594742824.0306084, 1594742824.9953947, 1594742832.8729951, 1594742833.737581, 1594742834.9553497, 1594742835.769314, 1594742843.4738092, 1594742844.404704, 1594742845.616365, 1594742846.5303872, 1594742854.578235, 1594742855.4323957, 1594742856.4848998, 1594742857.427996, 1594742865.3937762, 1594742866.1759906, 1594742867.5468652, 1594742868.3367429, 1594742876.587419, 1594742877.3954344, 1594742878.4970791, 1594742879.4216964, 1594742887.2117326, 1594742888.0390477, 1594742889.3662279, 1594742890.2390423, 1594742898.3759978, 1594742899.2278075, 1594742900.1244116, 1594742900.9737039, 1594742909.2093065, 1594742910.0674067, 1594742910.9568522, 1594742911.9209168, 1594742919.9355538, 1594742920.8477867, 1594742921.967541, 1594742922.8780081, 1594742930.7706673, 1594742931.687321, 1594742932.8306, 1594742933.784868, 1594742941.7574, 1594742942.679158, 1594742943.8540783, 1594742944.7655554, 1594742952.6234343, 1594742953.5313468, 1594742954.7388117, 1594742955.7120554, 1594742963.7885678, 1594742964.7085857, 1594742965.8018935, 1594742966.6174343, 1594742974.643118, 1594742975.6503265, 1594742976.709736, 1594742977.5372872, 1594742985.6383505, 1594742986.5666828, 1594742987.6408715, 1594742988.5407805, 1594742996.5351672, 1594742997.4545279, 1594742998.4736388, 1594742999.451677, 1594743007.318852, 1594743008.4227507, 1594743009.6665268, 1594743010.5554, 1594743018.515731, 1594743019.4785836, 1594743020.4050524, 1594743021.290814, 1594743029.4248729, 1594743030.0751007, 1594743031.396092, 1594743032.3322978, 1594743040.2873797, 1594743041.2399995, 1594743042.3324552, 1594743043.1380587, 1594743051.1842356, 1594743052.159224, 1594743053.280638, 1594743054.2202814, 1594743062.09182, 1594743063.0466778, 1594743064.0354471, 1594743064.8661122, 1594743072.9007206, 1594743073.8964818, 1594743075.094424, 1594743075.8523629, 1594743084.1403115, 1594743085.1008449, 1594743086.033376, 1594743086.9903011, 1594743094.9276955, 1594743095.8304772, 1594743097.055292, 1594743097.9863234, 1594743105.9270482, 1594743106.9213562, 1594743107.8873334, 1594743108.7860525, 1594743116.807932, 1594743117.6634357, 1594743118.8638897, 1594743119.7475588, 1594743127.8079743, 1594743128.6900127, 1594743129.6776965, 1594743130.4525797, 1594743138.7544918, 1594743139.6740758, 1594743140.7076287, 1594743141.5991848, 1594743149.599663, 1594743150.5123298, 1594743151.4837406, 1594743152.509067, 1594743160.435969, 1594743161.3860972, 1594743162.5614345, 1594743163.3446329, 1594743171.5357358, 1594743172.449447, 1594743173.5423121, 1594743174.505642, 1594743182.5233104, 1594743183.4831376, 1594743184.4870985, 1594743185.3282623, 1594743193.3752656, 1594743194.1280253, 1594743195.4968472, 1594743196.267179, 1594743204.3576732, 1594743205.3439298, 1594743206.3248975, 1594743207.2159154, 1594743215.1954932, 1594743216.1145642, 1594743217.457338, 1594743218.2723773, 1594743226.734088, 1594743227.5729942, 1594743228.6360593, 1594743229.522642, 1594743237.534491, 1594743238.28396, 1594743239.532661, 1594743240.3332677, 1594743248.3705425, 1594743249.3085592, 1594743250.2049787, 1594743251.077347, 1594743259.4287372, 1594743260.385045, 1594743261.4203475, 1594743262.2885451, 1594743270.1739926, 1594743271.0682454, 1594743272.2535558, 1594743273.2108533, 1594743281.046271, 1594743281.8030365, 1594743283.334096, 1594743284.206841, 1594743292.1424098, 1594743292.9789095, 1594743294.1906087, 1594743295.0022733, 1594743303.0944054, 1594743303.9642346, 1594743304.857081, 1594743305.6949766, 1594743313.7153718, 1594743314.6411777, 1594743315.9186833, 1594743316.742312, 1594743324.7273118, 1594743325.5298362, 1594743326.6591215, 1594743327.7316484, 1594743335.6016235, 1594743336.44401, 1594743337.6452239, 1594743338.5495725, 1594743346.773741, 1594743347.7166824, 1594743348.6898003, 1594743349.6668792, 1594743357.5958061, 1594743358.4626675, 1594743359.7249258, 1594743360.6529195, 1594743368.71746, 1594743369.6854265, 1594743370.8441234, 1594743371.7077663, 1594743379.8912714, 1594743380.7115862, 1594743381.7549958, 1594743382.600459, 1594743390.7917066, 1594743391.5677137, 1594743392.7604754, 1594743393.701373, 1594743401.5913508, 1594743402.5284514, 1594743403.594624, 1594743404.5846763, 1594743412.4564319, 1594743413.423494, 1594743414.4823253, 1594743415.381747, 1594743423.298286, 1594743424.1240458, 1594743425.373113, 1594743426.3386319, 1594743434.308037, 1594743435.2948356, 1594743436.5021527, 1594743437.3880055, 1594743445.4289293, 1594743446.2355871, 1594743447.4067218, 1594743448.417372, 1594743456.261355, 1594743457.1670783, 1594743458.1493049, 1594743459.0736663, 1594743467.1430135, 1594743468.1093686, 1594743469.2862177, 1594743470.1547978, 1594743478.2364097, 1594743479.0850997, 1594743480.1840928, 1594743481.12616, 1594743489.0695744, 1594743489.9632602, 1594743491.4295483, 1594743492.2141826],