{"initial_reset_timestamp": 1594742415.1947856, "timestamps": [1594742415.9938333, 1594742416.7327616, 1594742417.6016681, 1594742418.2997758, 1594742426.7488427, 1594742427.5305834, 1594742428.3838258, 1594742429.092875, 1594742436.8970644, 1594742437.68095, 1594742438.6477869, 1594742439.3308787, 1594742447.156664, 1594742447.9340458, 1594742448.866566, 1594742449.7056897, 1594742457.4266827, 1594742458.0796928, 1594742459.2399337, 1594742459.9778717, 1594742467.7353175, 1594742468.5429773, 1594742469.5031223, 1594742470.2172043, 1594742478.0843349, 1594742478.8742735, 1594742479.9626555, 1594742480.786737, 1594742488.6456637, 1594742489.410825, 1594742490.4414158, 1594742491.207106, 1594742499.23238, 1594742500.0833201, 1594742500.8583655, 1594742501.683177, 1594742509.7470725, 1594742510.5718403, 1594742511.6200988, 1594742512.4449553, 1594742520.3454633, 1594742521.2186327, 1594742522.1900582, 1594742523.0325866, 1594742530.834617, 1594742531.7615137, 1594742532.744534, 1594742533.6774986, 1594742541.752626, 1594742542.519017, 1594742543.618326, 1594742544.439615, 1594742552.448493, 1594742553.2185307, 1594742554.1812146, 1594742555.0189655, 1594742562.885151, 1594742563.7729442, 1594742564.8858302, 1594742565.6913435, 1594742573.8384137, 1594742574.6986556, 1594742575.726949, 1594742576.5364187, 1594742584.4243445, 1594742585.1596081, 1594742586.2463505, 1594742587.1634583, 1594742595.0631063, 1594742595.9825826, 1594742597.0511086, 1594742598.0023544, 1594742605.807774, 1594742606.6560135, 1594742607.621712, 1594742608.6125896, 1594742616.4152646, 1594742617.2681334, 1594742618.3345592, 1594742619.223831, 1594742627.1984644, 1594742627.9739516, 1594742629.1380284, 1594742629.9971364, 1594742638.0310855, 1594742638.9099445, 1594742639.904974, 1594742640.8352203, 1594742648.6305354, 1594742649.421784, 1594742650.6400583, 1594742651.5894947, 1594742659.4653792, 1594742660.2236047, 1594742661.4627054, 1594742662.290333, 1594742670.2045836, 1594742671.1938648, 1594742672.2561421, 1594742673.0771961, 1594742680.988034, 1594742681.9185665, 1594742682.7714117, 1594742683.7997456, 1594742691.7775328, 1594742692.6191096, 1594742693.7343936, 1594742694.5101311, 1594742702.494089, 1594742703.308214, 1594742704.521193, 1594742705.394247, 1594742713.3495672, 1594742714.1975625, 1594742715.4255884, 1594742716.277861, 1594742723.9334238, 1594742724.9156442, 1594742726.00187, 1594742726.7425342, 1594742734.779146, 1594742735.6427095, 1594742736.7870858, 1594742737.7450726, 1594742745.617638, 1594742746.4518764, 1594742747.632506, 1594742748.438908, 1594742756.5845795, 1594742757.3654833, 1594742758.5815012, 1594742759.4592962, 1594742767.2440858, 1594742768.1957176, 1594742769.3759542, 1594742770.358362, 1594742778.1665516, 1594742779.1029503, 1594742780.3046012, 1594742781.1244621, 1594742789.0248945, 1594742789.8226697, 1594742791.2131505, 1594742792.1660616, 1594742800.0275629, 1594742800.8877254, 1594742802.1512673, 1594742803.0761518, 1594742811.2384205, 1594742812.066654, 1594742813.0425012, 1594742813.9198158, 1594742821.9326572, 1594742822.876403, 1594742824.062743, 1594742824.9967215, 1594742832.8822985, 1594742833.7790146, 1594742834.8622553, 1594742835.7029843, 1594742843.7310812, 1594742844.4884808, 1594742845.5217383, 1594742846.456829, 1594742854.535612, 1594742855.4248521, 1594742856.3119555, 1594742857.1928587, 1594742865.5151014, 1594742866.3391764, 1594742867.4830012, 1594742868.395108, 1594742876.4040794, 1594742877.2335913, 1594742878.4111118, 1594742879.2535462, 1594742887.3866928, 1594742888.2222366, 1594742889.2635438, 1594742890.1429863, 1594742898.2043579, 1594742899.0589678, 1594742900.2214491, 1594742901.162902, 1594742909.0407884, 1594742909.9812436, 1594742911.0787747, 1594742911.9230413, 1594742919.9347382, 1594742920.8969738, 1594742921.912294, 1594742922.8354518, 1594742930.8275814, 1594742931.7152197, 1594742932.9025714, 1594742933.752462, 1594742941.785213, 1594742942.7005472, 1594742943.8768525, 1594742944.7203033, 1594742952.7724984, 1594742953.6776671, 1594742954.7260547, 1594742955.6942265, 1594742963.6872537, 1594742964.6761277, 1594742965.729207, 1594742966.5908072, 1594742974.484243, 1594742975.4443295, 1594742976.4916403, 1594742977.4107375, 1594742985.575408, 1594742986.5455623, 1594742987.520438, 1594742988.431483, 1594742996.3923342, 1594742997.1843855, 1594742998.515248, 1594742999.4529421, 1594743007.5770605, 1594743008.4770474, 1594743009.4931552, 1594743010.3250654, 1594743018.5351818, 1594743019.3583472, 1594743020.499648, 1594743021.4988606, 1594743029.310446, 1594743030.1879785, 1594743031.3538885, 1594743032.1766484, 1594743040.1722696, 1594743041.061779, 1594743042.4270127, 1594743043.34814, 1594743051.2919497, 1594743052.2955816, 1594743053.2333307, 1594743054.12531, 1594743062.1687036, 1594743063.0963213, 1594743064.1250823, 1594743065.077618, 1594743072.82847, 1594743073.6603212, 1594743075.110641, 1594743076.0513363, 1594743084.0944438, 1594743085.0716562, 1594743086.0476756, 1594743087.0412376, 1594743094.9828815, 1594743095.9975712, 1594743096.9820848, 1594743097.7617586, 1594743106.0071013, 1594743106.9904728, 1594743107.9451346, 1594743108.87437, 1594743116.7892137, 1594743117.7652898, 1594743118.7626433, 1594743119.6256788, 1594743127.640369, 1594743128.5536535, 1594743129.7540867, 1594743130.621324, 1594743138.6712506, 1594743139.5654604, 1594743140.5495644, 1594743141.5291374, 1594743149.4871795, 1594743150.3639696, 1594743151.5638235, 1594743152.451272, 1594743160.472682, 1594743161.3077314, 1594743162.6420507, 1594743163.6971517, 1594743171.6003518, 1594743172.458792, 1594743173.5612705, 1594743174.5569503, 1594743182.5214212, 1594743183.3968377, 1594743184.360961, 1594743185.3246746, 1594743193.27987, 1594743194.3138945, 1594743195.451776, 1594743196.4211092, 1594743204.3887575, 1594743205.2941449, 1594743206.3293808, 1594743207.206667, 1594743215.3301291, 1594743216.213447, 1594743217.4480703, 1594743218.4207313, 1594743226.7243598, 1594743227.6000116, 1594743228.5540273, 1594743229.2956104, 1594743237.417203, 1594743238.2795818, 1594743239.5499878, 1594743240.3754241, 1594743248.3796477, 1594743249.253523, 1594743250.4084437, 1594743251.181167, 1594743259.5913758, 1594743260.5025167, 1594743261.4755836, 1594743262.3359609, 1594743270.3391051, 1594743271.1213553, 1594743272.2260168, 1594743273.183277, 1594743281.1522858, 1594743282.0074732, 1594743283.2420335, 1594743284.1926389, 1594743292.06657, 1594743292.8380315, 1594743294.0281432, 1594743294.7981226, 1594743302.9364607, 1594743303.8892334, 1594743304.8239422, 1594743305.7519212, 1594743313.7760236, 1594743314.7673142, 1594743315.8404846, 1594743316.7848399, 1594743324.752251, 1594743325.6157944, 1594743326.7829504, 1594743327.6640847, 1594743335.7554057, 1594743336.597126, 1594743337.738964, 1594743338.72945, 1594743346.6932144, 1594743347.5809991, 1594743348.7154672, 1594743349.554515, 1594743357.6550405, 1594743358.629797, 1594743359.8010998, 1594743360.6804733, 1594743368.933697, 1594743369.8020854, 1594743370.8020074, 1594743371.6208422, 1594743379.8126576, 1594743380.7635386, 1594743381.9188862, 1594743382.7518961, 1594743390.8791742, 1594743391.7457747, 1594743392.72253, 1594743393.6968346, 1594743401.4143758, 1594743402.4016845, 1594743403.6843374, 1594743404.5109887, 1594743412.5089724, 1594743413.452066, 1594743414.508338, 1594743415.4222517, 1594743423.2409713, 1594743424.2372277, 1594743425.43839, 1594743426.031585, 1594743434.2264621, 1594743435.0405548, 1594743436.201586, 1594743437.0269938, 1594743445.5232534, 1594743446.2569642, 1594743447.3536704, 1594743448.2396839, 1594743456.1132035, 1594743456.9161432, 1594743458.2840855, 1594743459.1224828, 1594743467.3111174, 1594743468.1821384, 1594743469.242147, 1594743470.177436, 1594743478.182923, 1594743479.0264091, 1594743480.2623909, 1594743481.221153, 1594743489.0423162, 1594743489.964875, 1594743491.1947336, 1594743492.2242248],