{"initial_reset_timestamp": 1594742415.1934652, "timestamps": [1594742416.0467768, 1594742416.7585733, 1594742417.6397655, 1594742418.332124, 1594742426.708849, 1594742427.3982375, 1594742428.339988, 1594742429.1628177, 1594742436.8665898, 1594742437.6129277, 1594742438.5924075, 1594742439.4287145, 1594742447.187324, 1594742447.9058645, 1594742448.834118, 1594742449.58184, 1594742457.4957952, 1594742458.2706656, 1594742459.235773, 1594742460.0347583, 1594742467.7688577, 1594742468.5936158, 1594742469.447605, 1594742470.2357063, 1594742478.0845087, 1594742478.880798, 1594742479.8603199, 1594742480.7715704, 1594742488.6138604, 1594742489.4274347, 1594742490.3719094, 1594742491.1442459, 1594742499.0631788, 1594742499.9251559, 1594742500.9669223, 1594742501.7917821, 1594742509.627343, 1594742510.4830174, 1594742511.5826092, 1594742512.384007, 1594742520.226798, 1594742521.0362709, 1594742521.9921093, 1594742522.8486128, 1594742530.8146307, 1594742531.5895205, 1594742532.844455, 1594742533.6528604, 1594742541.6391, 1594742542.5503323, 1594742543.6319833, 1594742544.4785671, 1594742552.4055424, 1594742553.165705, 1594742554.2016075, 1594742555.0537157, 1594742563.0518408, 1594742563.8648584, 1594742564.9555557, 1594742565.7413025, 1594742573.8499672, 1594742574.705895, 1594742575.69422, 1594742576.5821984, 1594742584.561069, 1594742585.4478679, 1594742586.3040094, 1594742587.1493237, 1594742595.1148493, 1594742595.9886599, 1594742597.0228994, 1594742597.8768055, 1594742605.8171349, 1594742606.7391958, 1594742607.6737828, 1594742608.467292, 1594742616.4175818, 1594742617.268426, 1594742618.2704525, 1594742619.0837305, 1594742626.9598475, 1594742627.7996502, 1594742629.1860998, 1594742630.0009174, 1594742637.9242887, 1594742638.8011193, 1594742639.8505979, 1594742640.6709218, 1594742648.6246638, 1594742649.4937499, 1594742650.6438918, 1594742651.565786, 1594742659.4686968, 1594742660.371784, 1594742661.4037366, 1594742662.3243568, 1594742670.2270882, 1594742671.1134439, 1594742672.2107558, 1594742673.0491223, 1594742680.9267232, 1594742681.7730157, 1594742682.868728, 1594742683.7273316, 1594742691.7807925, 1594742692.5453517, 1594742693.6370373, 1594742694.5133975, 1594742702.4824061, 1594742703.3817215, 1594742704.4427705, 1594742705.2926471, 1594742713.1513355, 1594742714.0915017, 1594742715.2171462, 1594742716.1329315, 1594742724.0376284, 1594742724.8483255, 1594742725.984528, 1594742726.9193008, 1594742734.8099372, 1594742735.7934477, 1594742736.8780735, 1594742737.7406948, 1594742745.742456, 1594742746.6208441, 1594742747.66349, 1594742748.6087155, 1594742756.5966842, 1594742757.4253085, 1594742758.5252666, 1594742759.4973676, 1594742767.3562548, 1594742768.2478557, 1594742769.3001673, 1594742770.2109895, 1594742778.396577, 1594742779.304298, 1594742780.33596, 1594742781.2384124, 1594742789.035078, 1594742789.9260907, 1594742791.0201113, 1594742791.9395454, 1594742800.0526776, 1594742801.0338118, 1594742802.028707, 1594742802.9735825, 1594742811.1011477, 1594742811.9561567, 1594742813.1923118, 1594742814.135221, 1594742822.0838206, 1594742822.8821084, 1594742824.049353, 1594742824.8790042, 1594742832.8779736, 1594742833.7735677, 1594742834.8680038, 1594742835.8253045, 1594742843.6586275, 1594742844.4719512, 1594742845.6859622, 1594742846.5556307, 1594742854.532986, 1594742855.3497682, 1594742856.3784053, 1594742857.3085186, 1594742865.268832, 1594742866.158172, 1594742867.491496, 1594742868.3087003, 1594742876.355972, 1594742877.274331, 1594742878.3462443, 1594742879.204042, 1594742887.3178952, 1594742888.2570348, 1594742889.2155764, 1594742890.0960944, 1594742898.1900432, 1594742898.9964447, 1594742900.1634657, 1594742901.059267, 1594742908.9498498, 1594742909.862391, 1594742911.0818558, 1594742911.8505163, 1594742919.8906474, 1594742920.7960422, 1594742922.112523, 1594742922.9811394, 1594742930.8430128, 1594742931.7750845, 1594742932.9027689, 1594742933.7950761, 1594742941.6476603, 1594742942.5817153, 1594742943.7758963, 1594742944.6041656, 1594742952.6616523, 1594742953.5105975, 1594742954.6790452, 1594742955.592246, 1594742963.7290707, 1594742964.7056203, 1594742965.7272341, 1594742966.6149666, 1594742974.5724947, 1594742975.4195507, 1594742976.586137, 1594742977.4663732, 1594742985.6290286, 1594742986.4844496, 1594742987.6474493, 1594742988.606218, 1594742996.4998965, 1594742997.3725266, 1594742998.5103264, 1594742999.4582703, 1594743007.4431472, 1594743008.3535297, 1594743009.4424613, 1594743010.2594054, 1594743018.5459597, 1594743019.4415598, 1594743020.5479126, 1594743021.4368498, 1594743029.3489282, 1594743030.2920253, 1594743031.335862, 1594743032.1931906, 1594743040.1901455, 1594743041.1420166, 1594743042.4201226, 1594743043.2192972, 1594743051.2808003, 1594743052.1007955, 1594743053.3709366, 1594743054.2782743, 1594743062.0731049, 1594743062.9915965, 1594743064.0946558, 1594743064.9520323, 1594743072.891821, 1594743073.6954308, 1594743075.002394, 1594743075.9645727, 1594743083.9006546, 1594743085.0406375, 1594743085.9716682, 1594743086.9727678, 1594743094.9760458, 1594743095.9066083, 1594743097.0163617, 1594743097.9098957, 1594743106.009024, 1594743106.9818528, 1594743107.9773037, 1594743108.880399, 1594743116.9256709, 1594743117.8763733, 1594743118.9441645, 1594743119.722834, 1594743127.77521, 1594743128.6148336, 1594743129.6898572, 1594743130.6438842, 1594743138.5270183, 1594743139.595031, 1594743140.6915505, 1594743141.5365815, 1594743149.6282969, 1594743150.4504652, 1594743151.6628525, 1594743152.6169086, 1594743160.5832975, 1594743161.5450215, 1594743162.7118745, 1594743163.6186018, 1594743171.543471, 1594743172.4019275, 1594743173.5309687, 1594743174.5260708, 1594743182.484901, 1594743183.2191935, 1594743184.3753462, 1594743185.1263278, 1594743193.3666906, 1594743194.2165046, 1594743195.4823062, 1594743196.5004613, 1594743204.387784, 1594743205.2812042, 1594743206.414203, 1594743207.2866955, 1594743215.269239, 1594743216.3106916, 1594743217.702263, 1594743218.5698535, 1594743226.5424762, 1594743227.430618, 1594743228.554262, 1594743229.4806128, 1594743237.6347823, 1594743238.532243, 1594743239.5586724, 1594743240.4436007, 1594743248.3461661, 1594743249.2783601, 1594743250.3228366, 1594743251.2083704, 1594743259.403709, 1594743260.31808, 1594743261.4802527, 1594743262.332328, 1594743270.3150132, 1594743271.1805286, 1594743272.2196314, 1594743273.1280222, 1594743281.0893192, 1594743282.0073016, 1594743283.3669083, 1594743284.2343678, 1594743292.1946394, 1594743293.1054893, 1594743294.1456537, 1594743295.059225, 1594743302.9878726, 1594743303.8902166, 1594743304.9255536, 1594743305.8042724, 1594743313.7819886, 1594743314.5346403, 1594743315.9919438, 1594743316.880363, 1594743324.6854334, 1594743325.5408072, 1594743326.840795, 1594743327.6063302, 1594743335.4860492, 1594743336.345265, 1594743337.7038891, 1594743338.6097403, 1594743346.8369389, 1594743347.7711368, 1594743348.8023798, 1594743349.7320127, 1594743357.7701902, 1594743358.584721, 1594743359.658055, 1594743360.4571095, 1594743368.815518, 1594743369.6850343, 1594743370.7108676, 1594743371.676042, 1594743379.8695388, 1594743380.7583437, 1594743381.7821708, 1594743382.5988767, 1594743390.6412468, 1594743391.6262097, 1594743392.7464528, 1594743393.6350582, 1594743401.5573537, 1594743402.4011824, 1594743403.604012, 1594743404.5332158, 1594743412.4049098, 1594743413.344949, 1594743414.4314656, 1594743415.266904, 1594743423.290771, 1594743424.209228, 1594743425.3937175, 1594743426.3732157, 1594743434.3372698, 1594743435.15355, 1594743436.559139, 1594743437.4574814, 1594743445.346503, 1594743446.270441, 1594743447.3788772, 1594743448.2043757, 1594743456.1760013, 1594743457.092659, 1594743458.163646, 1594743459.0427535, 1594743467.0890803, 1594743468.047109, 1594743469.0512865, 1594743470.0523791, 1594743478.2006414, 1594743479.0969422, 1594743480.1742058, 1594743481.1486394, 1594743489.1085188, 1594743490.006401, 1594743491.1457624, 1594743492.1969469],