{"initial_reset_timestamp": 1594742415.1950889, "timestamps": [1594742415.9783263, 1594742416.8068142, 1594742417.5646582, 1594742418.3367956, 1594742426.7422872, 1594742427.558361, 1594742428.318358, 1594742429.1408424, 1594742436.8671694, 1594742437.6437848, 1594742438.6551683, 1594742439.3287933, 1594742447.1601076, 1594742447.896684, 1594742448.8857698, 1594742449.6768184, 1594742457.5350144, 1594742458.3335817, 1594742459.1536655, 1594742459.9555776, 1594742467.711768, 1594742468.5015337, 1594742469.360901, 1594742470.090374, 1594742478.0150142, 1594742478.7838874, 1594742479.8887818, 1594742480.7060199, 1594742488.6289725, 1594742489.4635823, 1594742490.5941086, 1594742491.3799107, 1594742499.1622403, 1594742499.9705157, 1594742501.0456536, 1594742501.8154848, 1594742509.6809874, 1594742510.4887762, 1594742511.5634859, 1594742512.4407988, 1594742520.3281999, 1594742521.2295353, 1594742522.2401712, 1594742523.0170696, 1594742530.931912, 1594742531.796016, 1594742532.7831416, 1594742533.5705922, 1594742541.6397724, 1594742542.5169857, 1594742543.700456, 1594742544.6124625, 1594742552.3940442, 1594742553.2253804, 1594742554.2155747, 1594742554.9677372, 1594742562.857012, 1594742563.7148397, 1594742564.7683823, 1594742565.683128, 1594742573.714183, 1594742574.563634, 1594742575.6370983, 1594742576.5140615, 1594742584.5384302, 1594742585.406332, 1594742586.2491348, 1594742587.1241732, 1594742595.1860566, 1594742595.954326, 1594742597.0804975, 1594742597.9122255, 1594742605.8357253, 1594742606.645801, 1594742607.6677012, 1594742608.4883263, 1594742616.2924304, 1594742617.1784909, 1594742618.3108356, 1594742619.0954106, 1594742627.1775184, 1594742628.0322554, 1594742629.237429, 1594742630.1581464, 1594742637.8904312, 1594742638.775154, 1594742639.819059, 1594742640.6623943, 1594742648.6519084, 1594742649.555668, 1594742650.6864038, 1594742651.483754, 1594742659.5614436, 1594742660.3954096, 1594742661.468582, 1594742662.3292966, 1594742670.234995, 1594742671.0727186, 1594742672.3042233, 1594742673.133309, 1594742681.0573955, 1594742681.9530225, 1594742682.823109, 1594742683.7412214, 1594742691.7988636, 1594742692.5067687, 1594742693.5932865, 1594742694.4217458, 1594742702.3464487, 1594742703.199119, 1594742704.460548, 1594742705.3595045, 1594742713.3181498, 1594742714.129357, 1594742715.3343613, 1594742716.233462, 1594742724.153755, 1594742725.060866, 1594742726.0783186, 1594742726.9553757, 1594742734.9120853, 1594742735.784054, 1594742736.880735, 1594742737.7787225, 1594742745.682619, 1594742746.5259063, 1594742747.7721612, 1594742748.5626607, 1594742756.715097, 1594742757.603141, 1594742758.636814, 1594742759.479107, 1594742767.46356, 1594742768.3258002, 1594742769.247166, 1594742770.1027482, 1594742778.3572388, 1594742779.255163, 1594742780.3476093, 1594742781.2062216, 1594742789.2844007, 1594742790.1520941, 1594742791.1238341, 1594742792.0395088, 1594742799.990689, 1594742800.877693, 1594742801.9927647, 1594742802.8947318, 1594742811.106531, 1594742812.092566, 1594742813.1584642, 1594742814.0090258, 1594742822.067019, 1594742823.009731, 1594742824.0425594, 1594742824.9246697, 1594742832.9257712, 1594742833.807206, 1594742835.0357637, 1594742835.865453, 1594742843.5355766, 1594742844.456256, 1594742845.591213, 1594742846.5517852, 1594742854.444262, 1594742855.3875277, 1594742856.4406977, 1594742857.2270555, 1594742865.3284965, 1594742866.186555, 1594742867.3711498, 1594742868.308847, 1594742876.2804348, 1594742877.2743955, 1594742878.3500679, 1594742879.2513819, 1594742887.2714517, 1594742888.1587365, 1594742889.2168818, 1594742890.0552378, 1594742898.2850275, 1594742899.1280177, 1594742900.2889488, 1594742901.108969, 1594742909.0525284, 1594742910.0393043, 1594742911.1209564, 1594742912.0087583, 1594742920.0160284, 1594742920.889224, 1594742922.0468833, 1594742922.9740329, 1594742930.712623, 1594742931.5915875, 1594742932.9401402, 1594742933.8545098, 1594742941.8004277, 1594742942.7526712, 1594742943.7272365, 1594742944.72947, 1594742952.5816064, 1594742953.5328987, 1594742954.673489, 1594742955.556088, 1594742963.6969502, 1594742964.5961833, 1594742965.7546341, 1594742966.6239498, 1594742974.617352, 1594742975.5151734, 1594742976.6518786, 1594742977.487307, 1594742985.5018442, 1594742986.460854, 1594742987.553336, 1594742988.5181036, 1594742996.4664438, 1594742997.3757532, 1594742998.526802, 1594742999.4364676, 1594743007.4798105, 1594743008.4026082, 1594743009.2441497, 1594743010.180031, 1594743018.5547328, 1594743019.5537724, 1594743020.5467129, 1594743021.4175026, 1594743029.3507035, 1594743030.2630904, 1594743031.3759522, 1594743032.0919058, 1594743040.2100587, 1594743041.1257586, 1594743042.263902, 1594743043.2677534, 1594743051.233862, 1594743052.129792, 1594743053.249506, 1594743054.199332, 1594743062.0983326, 1594743063.042161, 1594743064.039221, 1594743064.861411, 1594743073.112125, 1594743073.9620392, 1594743075.0313046, 1594743076.0062962, 1594743084.115799, 1594743084.9987202, 1594743086.1266084, 1594743086.9333007, 1594743094.9584045, 1594743095.9292135, 1594743097.0594552, 1594743097.9182062, 1594743105.911438, 1594743106.7941504, 1594743108.0999398, 1594743108.847465, 1594743116.9661517, 1594743117.8612425, 1594743118.7760293, 1594743119.6452055, 1594743127.7486434, 1594743128.7260778, 1594743129.7535198, 1594743130.6400738, 1594743138.6441243, 1594743139.5329947, 1594743140.623981, 1594743141.5383182, 1594743149.5711505, 1594743150.456189, 1594743151.4413013, 1594743152.3705814, 1594743160.4754672, 1594743161.4357028, 1594743162.792221, 1594743163.7099528, 1594743171.5057712, 1594743172.4497907, 1594743173.6229548, 1594743174.5731559, 1594743182.4562812, 1594743183.3351777, 1594743184.4501224, 1594743185.3571377, 1594743193.337881, 1594743194.259259, 1594743195.5406451, 1594743196.42617, 1594743204.3823245, 1594743205.340189, 1594743206.3035238, 1594743207.260885, 1594743215.3270373, 1594743216.2635906, 1594743217.6491632, 1594743218.49506, 1594743226.4827998, 1594743227.475516, 1594743228.6403189, 1594743229.5969431, 1594743237.5890203, 1594743238.3780866, 1594743239.6866696, 1594743240.4904118, 1594743248.4855402, 1594743249.392125, 1594743250.3040032, 1594743251.155824, 1594743259.4514763, 1594743260.4215906, 1594743261.4175038, 1594743262.289077, 1594743270.3630402, 1594743271.3541045, 1594743272.2523975, 1594743273.085824, 1594743281.0929792, 1594743282.1533504, 1594743283.2443662, 1594743284.1456103, 1594743292.273833, 1594743293.1739714, 1594743294.0866425, 1594743295.005789, 1594743302.9814813, 1594743303.910833, 1594743304.8704052, 1594743305.8201842, 1594743313.7348194, 1594743314.6518874, 1594743315.9165432, 1594743316.8628783, 1594743324.8556094, 1594743325.7715874, 1594743326.7137225, 1594743327.5641897, 1594743335.5045269, 1594743336.2457337, 1594743337.7018282, 1594743338.7017033, 1594743346.703687, 1594743347.714979, 1594743348.813544, 1594743349.7903254, 1594743357.7564025, 1594743358.6463149, 1594743359.92198, 1594743360.8297744, 1594743368.7463412, 1594743369.6395848, 1594743370.7404125, 1594743371.7157667, 1594743379.6906478, 1594743380.4960594, 1594743381.8611503, 1594743382.7769248, 1594743390.59702, 1594743391.4789345, 1594743392.706169, 1594743393.5975606, 1594743401.5449557, 1594743402.2994964, 1594743403.6095781, 1594743404.5569642, 1594743412.5692272, 1594743413.4227936, 1594743414.45537, 1594743415.4217072, 1594743423.4550407, 1594743424.4078825, 1594743425.36691, 1594743426.372304, 1594743434.2008212, 1594743435.0626404, 1594743436.5357258, 1594743437.3589513, 1594743445.4389043, 1594743446.3908062, 1594743447.3431509, 1594743448.132073, 1594743456.1011992, 1594743457.1210425, 1594743458.2287905, 1594743459.0767431, 1594743467.2354617, 1594743468.2170584, 1594743469.2959657, 1594743470.211756, 1594743478.2043376, 1594743479.0258768, 1594743480.069628, 1594743480.846889, 1594743488.9833987, 1594743489.9286208, 1594743491.3149095, 1594743492.0898519],