{"initial_reset_timestamp": 1594742415.193845, "timestamps": [1594742416.0517669, 1594742416.7888525, 1594742417.5504224, 1594742418.3488503, 1594742426.701666, 1594742427.4165344, 1594742428.3925574, 1594742429.128353, 1594742436.9393969, 1594742437.7344387, 1594742438.7073822, 1594742439.3878937, 1594742447.2219093, 1594742447.9777045, 1594742448.8285284, 1594742449.6444266, 1594742457.513534, 1594742458.204756, 1594742459.2389097, 1594742460.0054083, 1594742467.7909822, 1594742468.5924408, 1594742469.423131, 1594742470.2518923, 1594742478.0816395, 1594742478.8585885, 1594742479.9981017, 1594742480.8652427, 1594742488.434804, 1594742489.2206755, 1594742490.2937088, 1594742491.088371, 1594742499.1866114, 1594742500.0633094, 1594742500.9108112, 1594742501.8348913, 1594742509.521476, 1594742510.3103414, 1594742511.5563705, 1594742512.4053128, 1594742520.3289778, 1594742521.164841, 1594742522.0606995, 1594742522.935168, 1594742530.7751498, 1594742531.6415918, 1594742532.7822645, 1594742533.659396, 1594742541.6576676, 1594742542.4747884, 1594742543.622054, 1594742544.537654, 1594742552.4654827, 1594742553.2765, 1594742554.0894694, 1594742555.051163, 1594742562.9437456, 1594742563.7748554, 1594742564.9443955, 1594742565.7829745, 1594742573.7401981, 1594742574.486215, 1594742575.4903066, 1594742576.342239, 1594742584.473586, 1594742585.3921683, 1594742586.312989, 1594742587.1611257, 1594742595.1653056, 1594742595.9467843, 1594742597.1140044, 1594742598.0059981, 1594742605.8430216, 1594742606.7285, 1594742607.6013014, 1594742608.4539905, 1594742616.4722729, 1594742617.336874, 1594742618.278247, 1594742619.0540674, 1594742627.116724, 1594742628.003619, 1594742629.1732259, 1594742629.9596446, 1594742637.9153793, 1594742638.7106042, 1594742639.8463764, 1594742640.784219, 1594742648.6079612, 1594742649.3651564, 1594742650.7119117, 1594742651.6105542, 1594742659.4403028, 1594742660.384408, 1594742661.458149, 1594742662.3740258, 1594742670.163476, 1594742671.003585, 1594742672.2286386, 1594742673.0703807, 1594742680.9811206, 1594742681.8652208, 1594742682.8687284, 1594742683.7705338, 1594742691.7827923, 1594742692.6171987, 1594742693.692754, 1594742694.5255735, 1594742702.4009342, 1594742703.2463582, 1594742704.4481297, 1594742705.2925816, 1594742713.2662616, 1594742714.2094078, 1594742715.380086, 1594742716.1980665, 1594742723.9621737, 1594742724.8828971, 1594742725.9938548, 1594742726.914715, 1594742734.7326567, 1594742735.665592, 1594742736.8471384, 1594742737.7541113, 1594742745.5269012, 1594742746.404384, 1594742747.6461596, 1594742748.520046, 1594742756.5434003, 1594742757.3586137, 1594742758.449711, 1594742759.3219144, 1594742767.3160367, 1594742768.2690563, 1594742769.3366196, 1594742770.217721, 1594742778.3563855, 1594742779.2366557, 1594742780.214825, 1594742781.1530478, 1594742789.0883384, 1594742789.94955, 1594742791.217914, 1594742792.0469286, 1594742800.0638592, 1594742800.9821403, 1594742802.06566, 1594742802.9392169, 1594742810.92965, 1594742811.843654, 1594742813.0448847, 1594742813.9658854, 1594742822.0676725, 1594742822.9707427, 1594742823.9213433, 1594742824.8490987, 1594742832.9268363, 1594742833.8381062, 1594742834.8866146, 1594742835.7495832, 1594742843.7116413, 1594742844.6545618, 1594742845.6268086, 1594742846.3755116, 1594742854.5557837, 1594742855.4576385, 1594742856.3306875, 1594742857.231367, 1594742865.483993, 1594742866.3947735, 1594742867.4834082, 1594742868.2946286, 1594742876.3552065, 1594742877.2962675, 1594742878.318032, 1594742879.2136848, 1594742887.35935, 1594742888.2383268, 1594742889.2381887, 1594742890.1162136, 1594742898.219341, 1594742899.1445146, 1594742900.1767466, 1594742901.1637306, 1594742909.1002946, 1594742910.0271418, 1594742911.0185914, 1594742911.8484552, 1594742919.78205, 1594742920.735794, 1594742922.0364923, 1594742922.8967443, 1594742930.936325, 1594742931.7620754, 1594742932.7967951, 1594742933.6592326, 1594742941.698572, 1594742942.6787057, 1594742943.7872696, 1594742944.7488325, 1594742952.767225, 1594742953.5867271, 1594742954.7666006, 1594742955.68714, 1594742963.7668314, 1594742964.6602728, 1594742965.667198, 1594742966.6503267, 1594742974.4864967, 1594742975.453464, 1594742976.5493443, 1594742977.4188101, 1594742985.6370642, 1594742986.4401758, 1594742987.5510125, 1594742988.3089123, 1594742996.4313385, 1594742997.4873245, 1594742998.557094, 1594742999.4787722, 1594743007.4440277, 1594743008.292911, 1594743009.4395435, 1594743010.3255148, 1594743018.5212967, 1594743019.5220847, 1594743020.4664965, 1594743021.3354871, 1594743029.3073466, 1594743030.2836304, 1594743031.3322399, 1594743032.2705712, 1594743040.1898215, 1594743041.1570795, 1594743042.4534526, 1594743043.3720262, 1594743051.2100868, 1594743052.0100377, 1594743053.2791452, 1594743054.1426418, 1594743062.0643551, 1594743062.8841813, 1594743064.2453556, 1594743065.1110258, 1594743073.0586524, 1594743073.959767, 1594743074.876269, 1594743075.766775, 1594743084.0414522, 1594743084.962516, 1594743086.3081636, 1594743087.124861, 1594743095.094167, 1594743095.9115112, 1594743096.9218333, 1594743097.8232307, 1594743106.0116675, 1594743106.8483238, 1594743107.9391744, 1594743108.9205215, 1594743116.814215, 1594743117.7012537, 1594743118.9104013, 1594743119.8045242, 1594743127.7848651, 1594743128.6650574, 1594743129.6766233, 1594743130.5986328, 1594743138.7519448, 1594743139.59088, 1594743140.726166, 1594743141.5484998, 1594743149.6730912, 1594743150.5694673, 1594743151.4639542, 1594743152.483312, 1594743160.5887804, 1594743161.395066, 1594743162.7323902, 1594743163.6189356, 1594743171.3626118, 1594743172.4274113, 1594743173.4583225, 1594743174.2515998, 1594743182.462125, 1594743183.4105263, 1594743184.487169, 1594743185.4126453, 1594743193.3538637, 1594743194.2657084, 1594743195.4492757, 1594743196.4667299, 1594743204.355096, 1594743205.255563, 1594743206.2583778, 1594743207.0981016, 1594743215.306936, 1594743216.2220142, 1594743217.3397164, 1594743218.301069, 1594743226.521003, 1594743227.3667493, 1594743228.6324015, 1594743229.559912, 1594743237.48243, 1594743238.4255269, 1594743239.4763405, 1594743240.368269, 1594743248.3979323, 1594743249.184352, 1594743250.4529362, 1594743251.3456712, 1594743259.4007993, 1594743260.4034233, 1594743261.47568, 1594743262.2831395, 1594743270.1686969, 1594743271.0682487, 1594743272.2553387, 1594743273.2800226, 1594743281.1551068, 1594743282.0839922, 1594743283.129986, 1594743284.1533804, 1594743292.1028621, 1594743293.0550547, 1594743294.090261, 1594743294.920161, 1594743302.9466653, 1594743303.9259684, 1594743304.8446188, 1594743305.7136188, 1594743313.7208703, 1594743314.6507215, 1594743315.9555762, 1594743316.9299214, 1594743324.770626, 1594743325.6759992, 1594743326.6616313, 1594743327.5587404, 1594743335.6717756, 1594743336.7369728, 1594743337.6895258, 1594743338.6643171, 1594743346.6713808, 1594743347.704973, 1594743348.8543787, 1594743349.777553, 1594743357.5967727, 1594743358.420327, 1594743359.8920581, 1594743360.7938962, 1594743368.693023, 1594743369.657495, 1594743370.8824136, 1594743371.7780287, 1594743379.657053, 1594743380.5505507, 1594743381.880995, 1594743382.7717931, 1594743390.7464364, 1594743391.6031458, 1594743392.707551, 1594743393.6587229, 1594743401.5797622, 1594743402.4086483, 1594743403.6433413, 1594743404.534781, 1594743412.5297918, 1594743413.260544, 1594743414.3348246, 1594743415.1727197, 1594743423.3298602, 1594743424.2318769, 1594743425.369397, 1594743426.263222, 1594743434.313868, 1594743435.2295682, 1594743436.4166412, 1594743437.3092947, 1594743445.3924532, 1594743446.2348495, 1594743447.372762, 1594743448.2633097, 1594743456.3185227, 1594743457.1363733, 1594743458.0878623, 1594743458.92498, 1594743467.2378385, 1594743468.10994, 1594743469.2858672, 1594743470.1736066, 1594743478.1329741, 1594743479.022203, 1594743480.188928, 1594743481.00643, 1594743489.0819054, 1594743490.0344896, 1594743491.1308541, 1594743492.0510395],