{"initial_reset_timestamp": 1594742415.1954703, "timestamps": [1594742415.9764667, 1594742416.7175965, 1594742417.5785198, 1594742418.3097627, 1594742426.6793296, 1594742427.4583483, 1594742428.3406978, 1594742429.114703, 1594742436.8172543, 1594742437.5246403, 1594742438.650923, 1594742439.408643, 1594742447.173873, 1594742447.924672, 1594742448.8218691, 1594742449.537418, 1594742457.4466364, 1594742458.1867902, 1594742459.1201777, 1594742459.9234982, 1594742467.7008798, 1594742468.4262087, 1594742469.5433955, 1594742470.2893662, 1594742477.9750993, 1594742478.657396, 1594742480.0656824, 1594742480.8486748, 1594742488.5546682, 1594742489.4650016, 1594742490.513837, 1594742491.3218672, 1594742499.1385155, 1594742499.974042, 1594742501.0002053, 1594742501.8305743, 1594742509.633135, 1594742510.5599706, 1594742511.5447829, 1594742512.291518, 1594742520.1899667, 1594742521.0170867, 1594742522.1784465, 1594742523.0493648, 1594742530.8380005, 1594742531.6090827, 1594742532.8541162, 1594742533.7058032, 1594742541.648906, 1594742542.50512, 1594742543.621818, 1594742544.4178364, 1594742552.3823624, 1594742553.293481, 1594742554.098883, 1594742554.9796486, 1594742562.921918, 1594742563.7965603, 1594742564.8873942, 1594742565.7617497, 1594742573.7156932, 1594742574.5795624, 1594742575.5316525, 1594742576.2808008, 1594742584.4595191, 1594742585.3905723, 1594742586.2903914, 1594742586.9896295, 1594742595.1643476, 1594742596.0098026, 1594742597.0744152, 1594742597.8262348, 1594742605.794696, 1594742606.668522, 1594742607.690478, 1594742608.5094473, 1594742616.3153484, 1594742617.1952522, 1594742618.2417815, 1594742619.0489724, 1594742627.2061813, 1594742628.076486, 1594742629.1128912, 1594742629.9805524, 1594742638.0286503, 1594742638.8868315, 1594742639.970544, 1594742640.7803726, 1594742648.6854331, 1594742649.6201081, 1594742650.5054777, 1594742651.4487286, 1594742659.5920882, 1594742660.4734259, 1594742661.4712183, 1594742662.3510013, 1594742670.1892498, 1594742671.027372, 1594742672.2635882, 1594742673.1561089, 1594742680.973373, 1594742681.8182933, 1594742682.8682039, 1594742683.7685337, 1594742691.7072618, 1594742692.4980695, 1594742693.728369, 1594742694.5812793, 1594742702.4281728, 1594742703.3481636, 1594742704.5349295, 1594742705.3391516, 1594742713.287307, 1594742714.0644572, 1594742715.31612, 1594742716.1188912, 1594742724.0291047, 1594742724.9290476, 1594742725.990185, 1594742726.824885, 1594742734.9417272, 1594742735.7597556, 1594742736.8984525, 1594742737.8034532, 1594742745.4481146, 1594742746.396604, 1594742747.7276602, 1594742748.6463418, 1594742756.5853057, 1594742757.493928, 1594742758.6053965, 1594742759.4893694, 1594742767.3457808, 1594742768.2038696, 1594742769.1832924, 1594742770.2289546, 1594742778.366556, 1594742779.2485487, 1594742780.2268937, 1594742781.0972688, 1594742789.1506603, 1594742790.151183, 1594742791.0013168, 1594742791.917004, 1594742800.196898, 1594742800.9492168, 1594742802.0214577, 1594742802.9510987, 1594742811.1255915, 1594742812.0103288, 1594742813.053248, 1594742813.978543, 1594742822.0645683, 1594742822.8733933, 1594742823.9494092, 1594742824.8743138, 1594742832.83179, 1594742833.7564223, 1594742834.9722774, 1594742835.8819103, 1594742843.5968049, 1594742844.3537464, 1594742845.6143546, 1594742846.4629507, 1594742854.4547296, 1594742855.200689, 1594742856.3911307, 1594742857.275446, 1594742865.3381207, 1594742866.2695298, 1594742867.5313053, 1594742868.325049, 1594742876.2509906, 1594742877.0890465, 1594742878.402065, 1594742879.322241, 1594742887.2681022, 1594742888.124483, 1594742889.2198083, 1594742890.1996837, 1594742898.2167118, 1594742899.091694, 1594742900.1833096, 1594742901.1254103, 1594742909.119793, 1594742909.9007084, 1594742911.1595073, 1594742911.9863393, 1594742920.0430174, 1594742920.9302135, 1594742921.9642317, 1594742922.8587189, 1594742930.8174183, 1594742931.6531358, 1594742932.738833, 1594742933.615431, 1594742941.7798617, 1594742942.6188886, 1594742943.7655292, 1594742944.7712774, 1594742952.6741917, 1594742953.6123145, 1594742954.6796453, 1594742955.600258, 1594742963.6932077, 1594742964.680695, 1594742965.7228682, 1594742966.6871672, 1594742974.4862487, 1594742975.359679, 1594742976.5595005, 1594742977.4951146, 1594742985.577973, 1594742986.5362475, 1594742987.5233314, 1594742988.4715705, 1594742996.704661, 1594742997.5426593, 1594742998.5452075, 1594742999.4399872, 1594743007.3458312, 1594743008.2642276, 1594743009.543571, 1594743010.5126886, 1594743018.6084254, 1594743019.5371897, 1594743020.5661516, 1594743021.4131405, 1594743029.1924303, 1594743030.0634122, 1594743031.391891, 1594743032.2739863, 1594743040.0602715, 1594743040.9906929, 1594743042.4126763, 1594743043.2980773, 1594743051.1952746, 1594743052.1465244, 1594743053.3338969, 1594743054.218432, 1594743062.0952878, 1594743062.9029837, 1594743064.046104, 1594743064.9724708, 1594743072.953586, 1594743073.8685048, 1594743075.0941827, 1594743076.0471835, 1594743083.9707265, 1594743084.9959059, 1594743086.0419962, 1594743086.8705285, 1594743095.054496, 1594743096.0092907, 1594743096.9104946, 1594743097.9262166, 1594743105.9816594, 1594743106.9500346, 1594743107.8378294, 1594743108.7950115, 1594743116.8711803, 1594743117.7167523, 1594743118.782585, 1594743119.721081, 1594743127.5965648, 1594743128.4644659, 1594743129.8327234, 1594743130.7121127, 1594743138.6431777, 1594743139.4757814, 1594743140.6719623, 1594743141.4789033, 1594743149.4640658, 1594743150.38482, 1594743151.5514717, 1594743152.5410078, 1594743160.521308, 1594743161.4089663, 1594743162.556989, 1594743163.4148982, 1594743171.521421, 1594743172.533728, 1594743173.4025795, 1594743174.2864525, 1594743182.4984164, 1594743183.2825248, 1594743184.3552084, 1594743185.3588502, 1594743193.3665013, 1594743194.1795254, 1594743195.5025244, 1594743196.4648724, 1594743204.2598946, 1594743205.2581925, 1594743206.4382055, 1594743207.2113714, 1594743215.3086004, 1594743216.279875, 1594743217.4439065, 1594743218.435128, 1594743226.424051, 1594743227.2884798, 1594743228.476986, 1594743229.4553103, 1594743237.4659429, 1594743238.376438, 1594743239.3680043, 1594743240.2936394, 1594743248.3462248, 1594743249.274879, 1594743250.419786, 1594743251.334136, 1594743259.4585075, 1594743260.3200202, 1594743261.4619286, 1594743262.4549513, 1594743270.2996986, 1594743271.2293873, 1594743272.4754453, 1594743273.3013463, 1594743281.1097577, 1594743281.9435503, 1594743283.3889995, 1594743284.3184266, 1594743292.0932097, 1594743292.9844613, 1594743294.0743783, 1594743295.0712924, 1594743302.974301, 1594743303.8758292, 1594743304.8564584, 1594743305.822135, 1594743313.9292846, 1594743314.723183, 1594743315.8682716, 1594743316.7241154, 1594743324.7714963, 1594743325.6369286, 1594743326.7539446, 1594743327.7443604, 1594743335.6955907, 1594743336.6280766, 1594743337.6897833, 1594743338.565114, 1594743346.7098112, 1594743347.6058276, 1594743348.6985364, 1594743349.75064, 1594743357.7499762, 1594743358.589069, 1594743359.768722, 1594743360.6772656, 1594743368.7036896, 1594743369.4934728, 1594743370.8269, 1594743371.7771242, 1594743379.6779723, 1594743380.6710234, 1594743381.9195666, 1594743382.7610166, 1594743390.718996, 1594743391.5861986, 1594743392.693481, 1594743393.5734227, 1594743401.478454, 1594743402.426413, 1594743403.4567866, 1594743404.2631793, 1594743412.6017358, 1594743413.4747965, 1594743414.3963091, 1594743415.3496597, 1594743423.3878784, 1594743424.3033707, 1594743425.2658057, 1594743426.0966446, 1594743434.4615698, 1594743435.2633202, 1594743436.5135667, 1594743437.3452654, 1594743445.3968651, 1594743446.2441432, 1594743447.4613621, 1594743448.3939729, 1594743456.2500634, 1594743457.0227642, 1594743458.254012, 1594743459.1813877, 1594743467.0392077, 1594743467.9730525, 1594743469.1148443, 1594743470.0568562, 1594743478.106374, 1594743479.029013, 1594743480.2466106, 1594743481.1511068, 1594743489.0516565, 1594743489.9872687, 1594743491.1105232, 1594743492.0207386],