{"initial_reset_timestamp": 1594740610.251152, "timestamps": [1594740610.6218324, 1594740610.944905, 1594740611.3808784, 1594740611.719563, 1594740618.6010096, 1594740618.917565, 1594740619.351549, 1594740619.6703131, 1594740626.2874947, 1594740626.6600535, 1594740627.0449023, 1594740627.4014614, 1594740633.9401047, 1594740634.271846, 1594740634.7285094, 1594740635.0701354, 1594740641.560586, 1594740641.9152513, 1594740642.4992678, 1594740642.8438253, 1594740649.357098, 1594740649.7028036, 1594740650.2130406, 1594740650.5724463, 1594740657.1481757, 1594740657.496494, 1594740657.9498649, 1594740658.3096561, 1594740664.8901896, 1594740665.2577116, 1594740665.8107262, 1594740666.1639314, 1594740672.707009, 1594740673.0756035, 1594740673.4905994, 1594740673.8490531, 1594740680.4246297, 1594740680.7271695, 1594740681.211832, 1594740681.563142, 1594740688.1101105, 1594740688.4534457, 1594740688.9738233, 1594740689.3795776, 1594740695.9238045, 1594740696.2424245, 1594740696.6959012, 1594740697.071945, 1594740703.5964043, 1594740703.9543047, 1594740704.4045312, 1594740704.7714217, 1594740711.347256, 1594740711.7207992, 1594740712.228295, 1594740712.5647566, 1594740719.1820903, 1594740719.5280335, 1594740720.039807, 1594740720.3911722, 1594740726.9835148, 1594740727.3512123, 1594740727.7505677, 1594740728.1005716, 1594740734.852193, 1594740735.2098906, 1594740735.6204057, 1594740735.9948869, 1594740742.6112761, 1594740742.9972885, 1594740743.40082, 1594740743.7779655, 1594740750.369548, 1594740750.695329, 1594740751.181313, 1594740751.543757, 1594740758.187887, 1594740758.5456872, 1594740759.0227003, 1594740759.3858378, 1594740766.0681658, 1594740766.427129, 1594740766.891391, 1594740767.2333937, 1594740773.8716643, 1594740774.2480748, 1594740774.6217713, 1594740774.9745417, 1594740781.7482708, 1594740782.086994, 1594740782.5384815, 1594740782.8467288, 1594740789.4537704, 1594740789.8018298, 1594740790.2925043, 1594740790.6355116, 1594740797.2275524, 1594740797.573893, 1594740797.957736, 1594740798.3221848, 1594740804.9213703, 1594740805.2966619, 1594740805.823387, 1594740806.1943982, 1594740812.7338457, 1594740813.1259837, 1594740813.5578802, 1594740813.9255621, 1594740820.5511057, 1594740820.911943, 1594740821.3849208, 1594740821.748874, 1594740828.3834133, 1594740828.7733355, 1594740829.2418623, 1594740829.5997343, 1594740836.1188757, 1594740836.50108, 1594740837.0267498, 1594740837.413383, 1594740843.9429362, 1594740844.2772737, 1594740844.8676305, 1594740845.2393653, 1594740851.8256457, 1594740852.2433028, 1594740852.697984, 1594740853.0358336, 1594740859.7005005, 1594740860.0203638, 1594740860.52649, 1594740860.8972063, 1594740867.4295573, 1594740867.7566195, 1594740868.3829813, 1594740868.763452, 1594740875.3703165, 1594740875.7388415, 1594740876.130926, 1594740876.4924886, 1594740883.1674433, 1594740883.5194616, 1594740883.9378147, 1594740884.2732344, 1594740890.8574696, 1594740891.2505922, 1594740891.9083564, 1594740892.2762115, 1594740898.7783008, 1594740899.0871353, 1594740899.5942295, 1594740899.9683483, 1594740906.5632534, 1594740906.928711, 1594740907.4959073, 1594740907.8647919, 1594740914.3988512, 1594740914.7189708, 1594740915.2941074, 1594740915.6439888, 1594740922.2370436, 1594740922.5945554, 1594740923.0606265, 1594740923.521117, 1594740930.044566, 1594740930.4318714, 1594740930.9527895, 1594740931.2969317, 1594740937.9664545, 1594740938.303497, 1594740938.8305478, 1594740939.2479718, 1594740945.8307831, 1594740946.197708, 1594740946.6683156, 1594740947.0257118, 1594740953.675477, 1594740954.0282023, 1594740954.472549, 1594740954.8519373, 1594740961.563041, 1594740961.880051, 1594740962.3740025, 1594740962.7819793, 1594740969.3861043, 1594740969.7166579, 1594740970.2234697, 1594740970.5731413, 1594740977.2244654, 1594740977.5896459, 1594740978.0303547, 1594740978.3895876, 1594740985.0155492, 1594740985.4030652, 1594740985.8541782, 1594740986.2398398, 1594740992.8304718, 1594740993.204123, 1594740993.6447492, 1594740993.9992545, 1594741000.6951723, 1594741001.0787325, 1594741001.534222, 1594741001.8501143, 1594741008.5200007, 1594741008.919658, 1594741009.3743227, 1594741009.6830764, 1594741016.2768269, 1594741016.692708, 1594741017.0795135, 1594741017.4654377, 1594741024.0852818, 1594741024.4333537, 1594741024.896416, 1594741025.3052313, 1594741031.9384053, 1594741032.2685149, 1594741032.7847772, 1594741033.1648796, 1594741039.669699, 1594741040.0638123, 1594741040.5155017, 1594741040.8303394, 1594741047.4657645, 1594741047.8249, 1594741048.4594493, 1594741048.811504, 1594741055.306142, 1594741055.6988425, 1594741056.2002199, 1594741056.5918667, 1594741063.1330276, 1594741063.4390252, 1594741064.053775, 1594741064.40996, 1594741070.9575262, 1594741071.339374, 1594741071.9263988, 1594741072.2928746, 1594741078.8666813, 1594741079.2226248, 1594741079.6530404, 1594741080.0411105, 1594741086.5244434, 1594741086.903296, 1594741087.4785025, 1594741087.923563, 1594741094.5012867, 1594741094.8658314, 1594741095.4203548, 1594741095.8123155, 1594741102.2604594, 1594741102.5917795, 1594741103.1424782, 1594741103.5103126, 1594741110.0478814, 1594741110.4175627, 1594741110.8354628, 1594741111.1136687, 1594741117.817711, 1594741118.187063, 1594741118.7102637, 1594741119.0774648, 1594741125.5753818, 1594741125.9480555, 1594741126.461721, 1594741126.8370225, 1594741133.4412222, 1594741133.7777867, 1594741134.228843, 1594741134.5996616, 1594741141.271918, 1594741141.595192, 1594741142.1319478, 1594741142.4944296, 1594741148.9760523, 1594741149.3869085, 1594741149.828446, 1594741150.2334502, 1594741156.781871, 1594741157.1451216, 1594741157.634023, 1594741158.0013282, 1594741164.6625612, 1594741165.0332513, 1594741165.4686053, 1594741165.809776, 1594741172.4321685, 1594741172.7942786, 1594741173.3169036, 1594741173.6614864, 1594741180.210755, 1594741180.5909007, 1594741181.0458536, 1594741181.4225073, 1594741188.0277915, 1594741188.3686762, 1594741188.881551, 1594741189.2286704, 1594741195.8958247, 1594741196.2638419, 1594741196.6967518, 1594741197.0474741, 1594741203.6905282, 1594741204.0242891, 1594741204.4313447, 1594741204.825316, 1594741211.5201232, 1594741211.9141262, 1594741212.3495996, 1594741212.7214088, 1594741219.2240686, 1594741219.6276486, 1594741220.083088, 1594741220.4463613, 1594741227.0306635, 1594741227.4210217, 1594741227.8152666, 1594741228.1317909, 1594741234.8715549, 1594741235.2341168, 1594741235.7306662, 1594741236.1197002, 1594741242.6695576, 1594741243.0107076, 1594741243.5094733, 1594741243.8860316, 1594741250.4760888, 1594741250.9454544, 1594741251.5171232, 1594741251.8921566, 1594741258.4908252, 1594741258.8834722, 1594741259.2857735, 1594741259.6415079, 1594741266.30733, 1594741266.6746554, 1594741267.1399536, 1594741267.5176294, 1594741274.0359194, 1594741274.3868537, 1594741274.9593978, 1594741275.3644068, 1594741281.8809514, 1594741282.244937, 1594741282.809168, 1594741283.1671057, 1594741289.6529202, 1594741290.0017009, 1594741290.4308157, 1594741290.809603, 1594741297.4324749, 1594741297.7889152, 1594741298.347693, 1594741298.7080073, 1594741305.2733107, 1594741305.67171, 1594741306.0359385, 1594741306.4041016, 1594741313.0083556, 1594741313.352053, 1594741313.8479, 1594741314.1863875, 1594741320.6895726, 1594741321.0403376, 1594741321.5998185, 1594741321.9782248, 1594741328.4568863, 1594741328.7771938, 1594741329.2422507, 1594741329.593679, 1594741336.2123353, 1594741336.5742967, 1594741337.0165288, 1594741337.3614242, 1594741344.0498548, 1594741344.396675, 1594741344.894073, 1594741345.2316325, 1594741351.7572963, 1594741352.1093671, 1594741352.5434723, 1594741352.9580162, 1594741359.4670155, 1594741359.865338, 1594741360.2060642, 1594741360.5761724, 1594741367.2708893, 1594741367.6386936, 1594741368.025961, 1594741368.402818, 1594741374.9159129, 1594741375.2640555, 1594741375.7408466, 1594741376.1255941, 1594741382.6589448, 1594741383.0068786, 1594741383.4387987, 1594741383.8203943],