{"initial_reset_timestamp": 1594740610.2514446, "timestamps": [1594740610.639945, 1594740610.9682698, 1594740611.3526318, 1594740611.6806903, 1594740618.610103, 1594740618.951921, 1594740619.3572514, 1594740619.673784, 1594740626.3001277, 1594740626.6653028, 1594740627.0593393, 1594740627.396695, 1594740633.9317331, 1594740634.2779934, 1594740634.726812, 1594740635.0767317, 1594740641.5472987, 1594740641.920832, 1594740642.4625928, 1594740642.8049536, 1594740649.3699882, 1594740649.7325125, 1594740650.1706576, 1594740650.5689535, 1594740657.1593716, 1594740657.486975, 1594740657.964172, 1594740658.3393672, 1594740664.8924634, 1594740665.2489789, 1594740665.81916, 1594740666.1923966, 1594740672.7087314, 1594740673.0772653, 1594740673.499147, 1594740673.8464186, 1594740680.4375837, 1594740680.7905204, 1594740681.1900315, 1594740681.5681188, 1594740688.0956552, 1594740688.4688447, 1594740689.0162911, 1594740689.381477, 1594740695.966153, 1594740696.31423, 1594740696.7383492, 1594740697.095495, 1594740703.570829, 1594740703.9399884, 1594740704.4080863, 1594740704.7950552, 1594740711.320721, 1594740711.6825113, 1594740712.286843, 1594740712.6369107, 1594740719.1726928, 1594740719.514723, 1594740719.9864588, 1594740720.3731065, 1594740726.988801, 1594740727.322442, 1594740727.7687833, 1594740728.1167545, 1594740734.8482435, 1594740735.1726327, 1594740735.6691759, 1594740736.0622625, 1594740742.5941312, 1594740742.9477007, 1594740743.4057941, 1594740743.7893627, 1594740750.296975, 1594740750.6810126, 1594740751.1311424, 1594740751.5305982, 1594740758.1878011, 1594740758.5421126, 1594740759.028639, 1594740759.3477094, 1594740766.1013546, 1594740766.4848351, 1594740766.8631668, 1594740767.2325146, 1594740773.8585057, 1594740774.199532, 1594740774.6139896, 1594740775.013517, 1594740781.6981988, 1594740782.0780303, 1594740782.496901, 1594740782.8633976, 1594740789.454821, 1594740789.810949, 1594740790.2723634, 1594740790.6562319, 1594740797.146408, 1594740797.5013206, 1594740797.9979403, 1594740798.315313, 1594740804.945743, 1594740805.3190987, 1594740805.8436546, 1594740806.2035136, 1594740812.7001715, 1594740813.0855396, 1594740813.5256882, 1594740813.8729768, 1594740820.4887578, 1594740820.8815153, 1594740821.3544989, 1594740821.6609912, 1594740828.4050393, 1594740828.7860785, 1594740829.1927474, 1594740829.5602562, 1594740836.1238234, 1594740836.456359, 1594740837.0119586, 1594740837.3803802, 1594740843.9468486, 1594740844.3276422, 1594740844.9084709, 1594740845.2727928, 1594740851.8625653, 1594740852.2213366, 1594740852.6562865, 1594740853.0643306, 1594740859.668269, 1594740859.9928656, 1594740860.46331, 1594740860.826281, 1594740867.3706012, 1594740867.7042544, 1594740868.3851318, 1594740868.7601433, 1594740875.3446822, 1594740875.7124429, 1594740876.191663, 1594740876.5322223, 1594740883.109304, 1594740883.4617224, 1594740883.943679, 1594740884.31096, 1594740890.8816857, 1594740891.2196243, 1594740891.8174052, 1594740892.1641836, 1594740898.8237484, 1594740899.1998374, 1594740899.648186, 1594740899.973269, 1594740906.6008186, 1594740906.9827285, 1594740907.435038, 1594740907.7754593, 1594740914.3978963, 1594740914.7024484, 1594740915.2656326, 1594740915.6874163, 1594740922.218899, 1594740922.5850272, 1594740923.008018, 1594740923.3754635, 1594740930.1665168, 1594740930.500767, 1594740930.9827242, 1594740931.3593404, 1594740937.9912355, 1594740938.3223383, 1594740938.8215826, 1594740939.1754832, 1594740945.7721665, 1594740946.128674, 1594740946.63369, 1594740946.9758973, 1594740953.6080914, 1594740954.0138001, 1594740954.491792, 1594740954.8928382, 1594740961.5788686, 1594740961.9777925, 1594740962.4057357, 1594740962.763509, 1594740969.3776329, 1594740969.7537339, 1594740970.2218223, 1594740970.5514677, 1594740977.1808197, 1594740977.509462, 1594740977.983716, 1594740978.3667474, 1594740985.1594741, 1594740985.4861186, 1594740985.948112, 1594740986.2720466, 1594740992.8587232, 1594740993.2249205, 1594740993.6868358, 1594740994.042862, 1594741000.617708, 1594741000.976939, 1594741001.5751119, 1594741001.9160328, 1594741008.5170617, 1594741008.8406696, 1594741009.3173673, 1594741009.661404, 1594741016.2918718, 1594741016.6352677, 1594741017.1058958, 1594741017.4696128, 1594741024.069615, 1594741024.427325, 1594741024.8872092, 1594741025.2165241, 1594741031.9543188, 1594741032.3042066, 1594741032.7627244, 1594741033.1672215, 1594741039.7296634, 1594741040.0799959, 1594741040.578329, 1594741040.93547, 1594741047.4031982, 1594741047.78865, 1594741048.4186625, 1594741048.7407591, 1594741055.3255663, 1594741055.697711, 1594741056.1909645, 1594741056.5723336, 1594741063.2124677, 1594741063.5660534, 1594741063.978401, 1594741064.3598025, 1594741070.9369822, 1594741071.290822, 1594741071.9060197, 1594741072.2526035, 1594741078.796804, 1594741079.1487105, 1594741079.632305, 1594741079.987331, 1594741086.5336099, 1594741086.8916652, 1594741087.4254336, 1594741087.8692803, 1594741094.527984, 1594741094.8567936, 1594741095.485254, 1594741095.8478537, 1594741102.332822, 1594741102.6679065, 1594741103.149751, 1594741103.5150356, 1594741110.030713, 1594741110.4097104, 1594741110.826589, 1594741111.1716979, 1594741117.742384, 1594741118.1410265, 1594741118.7017674, 1594741119.0710588, 1594741125.6268177, 1594741125.960716, 1594741126.4513638, 1594741126.816532, 1594741133.3858328, 1594741133.7402012, 1594741134.2296379, 1594741134.5489812, 1594741141.2619598, 1594741141.6096125, 1594741142.0955327, 1594741142.4332542, 1594741149.0140367, 1594741149.3705697, 1594741149.882401, 1594741150.217149, 1594741156.8354137, 1594741157.1886168, 1594741157.657688, 1594741158.0333047, 1594741164.715736, 1594741165.024504, 1594741165.4530907, 1594741165.8140473, 1594741172.451017, 1594741172.80304, 1594741173.2525027, 1594741173.6003444, 1594741180.2206354, 1594741180.5867345, 1594741181.0584602, 1594741181.3974106, 1594741187.9978137, 1594741188.3966637, 1594741188.9168155, 1594741189.2931912, 1594741195.9309204, 1594741196.2806876, 1594741196.6723802, 1594741197.0384762, 1594741203.6539562, 1594741204.030009, 1594741204.4588563, 1594741204.7745883, 1594741211.5470347, 1594741211.886728, 1594741212.3518853, 1594741212.7082715, 1594741219.263057, 1594741219.6518881, 1594741220.1145973, 1594741220.4503555, 1594741227.0006273, 1594741227.3656735, 1594741227.860681, 1594741228.2339988, 1594741234.8606126, 1594741235.2439783, 1594741235.682365, 1594741236.0444112, 1594741242.6467557, 1594741243.011746, 1594741243.5029383, 1594741243.8916595, 1594741250.4636176, 1594741250.9696345, 1594741251.5266323, 1594741251.9020138, 1594741258.459082, 1594741258.8206606, 1594741259.3380394, 1594741259.7066267, 1594741266.2357316, 1594741266.5719142, 1594741267.1375725, 1594741267.5313606, 1594741274.037226, 1594741274.3805244, 1594741275.038457, 1594741275.3974006, 1594741281.997494, 1594741282.3829806, 1594741282.7434158, 1594741283.1449635, 1594741289.6648831, 1594741290.044062, 1594741290.4918303, 1594741290.8510687, 1594741297.3481495, 1594741297.7581768, 1594741298.3051796, 1594741298.642743, 1594741305.2750661, 1594741305.637224, 1594741306.0563984, 1594741306.3919158, 1594741312.9897847, 1594741313.372327, 1594741313.8374078, 1594741314.1958437, 1594741320.646577, 1594741321.0150557, 1594741321.607715, 1594741321.96802, 1594741328.4848325, 1594741328.7937813, 1594741329.3235881, 1594741329.6700099, 1594741336.1861837, 1594741336.5631201, 1594741337.024768, 1594741337.399984, 1594741344.0358915, 1594741344.369549, 1594741344.9104512, 1594741345.269802, 1594741351.7728317, 1594741352.1186633, 1594741352.5409873, 1594741352.8721824, 1594741359.4712422, 1594741359.8258984, 1594741360.25801, 1594741360.5756204, 1594741367.2440743, 1594741367.6168473, 1594741368.066456, 1594741368.4411721, 1594741374.964942, 1594741375.3337052, 1594741375.7448683, 1594741376.112729, 1594741382.6979904, 1594741383.0549562, 1594741383.4375129, 1594741383.8087533],