{"initial_reset_timestamp": 1594740610.2518005, "timestamps": [1594740610.5878747, 1594740610.9288087, 1594740611.36657, 1594740611.706252, 1594740618.6114228, 1594740618.9840987, 1594740619.3618531, 1594740619.686504, 1594740626.3221517, 1594740626.6701832, 1594740627.0745509, 1594740627.4262292, 1594740633.9391053, 1594740634.303696, 1594740634.746558, 1594740635.1059616, 1594740641.5892491, 1594740641.9536116, 1594740642.5178661, 1594740642.856295, 1594740649.362978, 1594740649.7333217, 1594740650.2173862, 1594740650.57133, 1594740657.1684763, 1594740657.539729, 1594740657.9584448, 1594740658.3370125, 1594740664.9548824, 1594740665.3002253, 1594740665.8013363, 1594740666.1860223, 1594740672.6995926, 1594740673.070741, 1594740673.4471946, 1594740673.826827, 1594740680.4504695, 1594740680.7986658, 1594740681.196862, 1594740681.5360315, 1594740688.0975444, 1594740688.4460266, 1594740688.9924266, 1594740689.388317, 1594740695.9320693, 1594740696.2912347, 1594740696.77823, 1594740697.107049, 1594740703.5710745, 1594740703.944227, 1594740704.427401, 1594740704.7744758, 1594740711.3086143, 1594740711.650645, 1594740712.212612, 1594740712.5813215, 1594740719.1728976, 1594740719.5997512, 1594740720.0458143, 1594740720.4123614, 1594740726.9494636, 1594740727.352513, 1594740727.768146, 1594740728.1192517, 1594740734.8145099, 1594740735.186995, 1594740735.6371014, 1594740736.0084493, 1594740742.6176395, 1594740742.9901662, 1594740743.4203422, 1594740743.7724142, 1594740750.336489, 1594740750.6947482, 1594740751.158293, 1594740751.5122666, 1594740758.1864815, 1594740758.5758758, 1594740758.9989045, 1594740759.3756654, 1594740766.094485, 1594740766.4592757, 1594740766.8558695, 1594740767.215703, 1594740773.8584034, 1594740774.243889, 1594740774.6924963, 1594740775.0462253, 1594740781.691381, 1594740782.092008, 1594740782.4965084, 1594740782.8283913, 1594740789.4678457, 1594740789.8468745, 1594740790.2602527, 1594740790.6221538, 1594740797.1231039, 1594740797.4817593, 1594740797.9646392, 1594740798.332838, 1594740804.983096, 1594740805.3398464, 1594740805.7934446, 1594740806.175384, 1594740812.7698753, 1594740813.1101873, 1594740813.4806335, 1594740813.886921, 1594740820.4951162, 1594740820.8344533, 1594740821.3190162, 1594740821.6977453, 1594740828.4470043, 1594740828.802566, 1594740829.2469304, 1594740829.629044, 1594740836.1399093, 1594740836.4720623, 1594740837.0353906, 1594740837.4085383, 1594740843.9250443, 1594740844.336703, 1594740844.8616807, 1594740845.2370212, 1594740851.8875794, 1594740852.2909532, 1594740852.7066867, 1594740853.0662885, 1594740859.6845424, 1594740860.0827448, 1594740860.4984183, 1594740860.8889542, 1594740867.4120722, 1594740867.7994735, 1594740868.3799295, 1594740868.7744005, 1594740875.3400476, 1594740875.7179253, 1594740876.134928, 1594740876.5330012, 1594740883.1184397, 1594740883.4880717, 1594740883.960365, 1594740884.3317788, 1594740890.9136646, 1594740891.2600446, 1594740891.9098573, 1594740892.2784975, 1594740898.7815716, 1594740899.150322, 1594740899.5933707, 1594740900.0127606, 1594740906.597231, 1594740906.939859, 1594740907.4524415, 1594740907.7824838, 1594740914.431073, 1594740914.7647276, 1594740915.2729766, 1594740915.677966, 1594740922.2476246, 1594740922.6280696, 1594740923.1974518, 1594740923.5120668, 1594740930.0635884, 1594740930.4203572, 1594740930.957399, 1594740931.285942, 1594740938.0364337, 1594740938.4025602, 1594740938.8695395, 1594740939.2305875, 1594740945.7727542, 1594740946.2126207, 1594740946.6549525, 1594740947.032778, 1594740953.6209967, 1594740954.0375993, 1594740954.5018518, 1594740954.8801036, 1594740961.5415232, 1594740961.9401002, 1594740962.3711064, 1594740962.7574353, 1594740969.4342692, 1594740969.8100543, 1594740970.2360682, 1594740970.6016836, 1594740977.2314222, 1594740977.6033127, 1594740978.0473878, 1594740978.403868, 1594740985.0919158, 1594740985.403942, 1594740985.8996944, 1594740986.2655358, 1594740992.862772, 1594740993.2320852, 1594740993.6619391, 1594740994.0523245, 1594741000.6626394, 1594741001.0043108, 1594741001.4951975, 1594741001.845531, 1594741008.514776, 1594741008.8358169, 1594741009.3995018, 1594741009.7651217, 1594741016.307583, 1594741016.6611762, 1594741017.1018627, 1594741017.4892423, 1594741024.0469446, 1594741024.3758702, 1594741024.9208794, 1594741025.266513, 1594741032.0026684, 1594741032.3208072, 1594741032.7529638, 1594741033.1631157, 1594741039.6891193, 1594741040.0347989, 1594741040.5453894, 1594741040.9218733, 1594741047.3918252, 1594741047.774201, 1594741048.4218347, 1594741048.763548, 1594741055.3885362, 1594741055.750772, 1594741056.2496917, 1594741056.5919247, 1594741063.1608596, 1594741063.516743, 1594741064.002821, 1594741064.3473105, 1594741070.94386, 1594741071.3492837, 1594741071.9452565, 1594741072.2914565, 1594741078.835638, 1594741079.2277863, 1594741079.649002, 1594741080.0174992, 1594741086.6397212, 1594741086.9547753, 1594741087.4375162, 1594741087.839296, 1594741094.492182, 1594741094.839382, 1594741095.4647875, 1594741095.8399322, 1594741102.28009, 1594741102.6688583, 1594741103.1488826, 1594741103.4460065, 1594741109.9727473, 1594741110.321073, 1594741110.800894, 1594741111.1514468, 1594741117.8175507, 1594741118.1715574, 1594741118.65324, 1594741119.005512, 1594741125.6365411, 1594741125.98837, 1594741126.5333571, 1594741126.885938, 1594741133.3951192, 1594741133.7905233, 1594741134.1977966, 1594741134.558931, 1594741141.2554095, 1594741141.6449945, 1594741142.110317, 1594741142.486163, 1594741149.0222814, 1594741149.4193165, 1594741149.805418, 1594741150.1827953, 1594741156.7691667, 1594741157.1522384, 1594741157.645251, 1594741158.0321286, 1594741164.6718314, 1594741165.0223892, 1594741165.4280384, 1594741165.7949703, 1594741172.3913543, 1594741172.7972631, 1594741173.2553058, 1594741173.6306906, 1594741180.2126942, 1594741180.614372, 1594741181.041778, 1594741181.3923092, 1594741188.0219436, 1594741188.3746622, 1594741188.931195, 1594741189.2808983, 1594741195.877187, 1594741196.2534904, 1594741196.6793618, 1594741197.037803, 1594741203.6255786, 1594741204.0146008, 1594741204.4464066, 1594741204.8111885, 1594741211.5281525, 1594741211.8437023, 1594741212.3574574, 1594741212.7384636, 1594741219.305044, 1594741219.625242, 1594741220.0982249, 1594741220.484431, 1594741226.971083, 1594741227.368669, 1594741227.8150408, 1594741228.220533, 1594741234.8716524, 1594741235.2068594, 1594741235.6870723, 1594741236.0733016, 1594741242.6307545, 1594741242.9731295, 1594741243.4700227, 1594741243.866495, 1594741250.554284, 1594741250.9262981, 1594741251.5028403, 1594741251.8559458, 1594741258.4988785, 1594741258.8597157, 1594741259.332827, 1594741259.6972613, 1594741266.2621503, 1594741266.6566436, 1594741267.1151662, 1594741267.4786158, 1594741274.005177, 1594741274.3750815, 1594741274.9883447, 1594741275.346756, 1594741281.9358346, 1594741282.3076944, 1594741282.788432, 1594741283.0935395, 1594741289.6343644, 1594741290.042402, 1594741290.4738028, 1594741290.8138168, 1594741297.354188, 1594741297.7702785, 1594741298.3730805, 1594741298.6953545, 1594741305.2787814, 1594741305.5981941, 1594741306.1011856, 1594741306.4670193, 1594741312.9833443, 1594741313.3293278, 1594741313.7907665, 1594741314.1580586, 1594741320.7190173, 1594741321.0724623, 1594741321.6768317, 1594741322.006242, 1594741328.4746892, 1594741328.8263056, 1594741329.254644, 1594741329.6154149, 1594741336.1842773, 1594741336.5497892, 1594741337.0363657, 1594741337.387648, 1594741344.1153245, 1594741344.4450119, 1594741344.8991277, 1594741345.2585776, 1594741351.7428656, 1594741352.1482565, 1594741352.5382924, 1594741352.9134367, 1594741359.4292157, 1594741359.8202517, 1594741360.2994683, 1594741360.6271737, 1594741367.2240324, 1594741367.6043522, 1594741368.034805, 1594741368.4332101, 1594741374.9460692, 1594741375.3380978, 1594741375.7273421, 1594741376.0899568, 1594741382.696082, 1594741383.0293543, 1594741383.4354503, 1594741383.7634957],