{"initial_reset_timestamp": 1594740610.2512145, "timestamps": [1594740610.622211, 1594740610.933572, 1594740611.3489301, 1594740611.7152336, 1594740618.572383, 1594740618.8796835, 1594740619.3703418, 1594740619.7039125, 1594740626.2879577, 1594740626.6615481, 1594740627.0658731, 1594740627.4077625, 1594740633.9396188, 1594740634.2931507, 1594740634.7352889, 1594740635.0615766, 1594740641.6144273, 1594740641.9593008, 1594740642.5187666, 1594740642.8562443, 1594740649.3724813, 1594740649.7311823, 1594740650.1166263, 1594740650.4860058, 1594740657.1626716, 1594740657.5369215, 1594740657.9617093, 1594740658.3183794, 1594740664.920545, 1594740665.27392, 1594740665.792639, 1594740666.1407876, 1594740672.7141626, 1594740673.0694535, 1594740673.4968917, 1594740673.8576953, 1594740680.451272, 1594740680.7999008, 1594740681.2096043, 1594740681.570691, 1594740688.11814, 1594740688.493297, 1594740689.067749, 1594740689.3815322, 1594740695.9146175, 1594740696.2818897, 1594740696.7441463, 1594740697.0773385, 1594740703.5936522, 1594740703.9541547, 1594740704.4025726, 1594740704.7331636, 1594740711.3312714, 1594740711.6736276, 1594740712.226585, 1594740712.5642812, 1594740719.1358867, 1594740719.5413613, 1594740720.0078423, 1594740720.4013534, 1594740726.9433167, 1594740727.3227282, 1594740727.72008, 1594740728.0916486, 1594740734.846045, 1594740735.2166097, 1594740735.6767888, 1594740736.0477827, 1594740742.6195283, 1594740742.9876058, 1594740743.3996372, 1594740743.7758627, 1594740750.2691402, 1594740750.6318705, 1594740751.1836677, 1594740751.5339892, 1594740758.220484, 1594740758.5701215, 1594740759.0528789, 1594740759.4066765, 1594740766.1048613, 1594740766.4645877, 1594740766.893765, 1594740767.2641826, 1594740773.8580124, 1594740774.1939104, 1594740774.6256828, 1594740775.0216904, 1594740781.731938, 1594740782.0992513, 1594740782.4719, 1594740782.8681257, 1594740789.445424, 1594740789.8187284, 1594740790.2498538, 1594740790.5986214, 1594740797.175543, 1594740797.5332515, 1594740798.0000486, 1594740798.3555064, 1594740805.0279398, 1594740805.35704, 1594740805.8172853, 1594740806.1624398, 1594740812.7337341, 1594740813.1060486, 1594740813.4889243, 1594740813.8803918, 1594740820.565013, 1594740820.9055285, 1594740821.3344254, 1594740821.7421083, 1594740828.43502, 1594740828.7537143, 1594740829.2116244, 1594740829.564741, 1594740836.1176987, 1594740836.4945195, 1594740837.0011733, 1594740837.3497472, 1594740843.9538805, 1594740844.3072112, 1594740844.8378768, 1594740845.210463, 1594740851.8950503, 1594740852.2732258, 1594740852.697025, 1594740853.0644224, 1594740859.6351671, 1594740860.0555768, 1594740860.4619312, 1594740860.8647475, 1594740867.4774704, 1594740867.8143854, 1594740868.4156592, 1594740868.782909, 1594740875.3895633, 1594740875.7543783, 1594740876.1643798, 1594740876.5139065, 1594740883.1222587, 1594740883.4622638, 1594740883.9665363, 1594740884.3296475, 1594740890.8490095, 1594740891.2618399, 1594740891.8472438, 1594740892.2324748, 1594740898.842335, 1594740899.1567097, 1594740899.6172855, 1594740900.0234396, 1594740906.570761, 1594740906.9253347, 1594740907.426591, 1594740907.8054142, 1594740914.3828077, 1594740914.7700477, 1594740915.283711, 1594740915.6861808, 1594740922.2026925, 1594740922.5876362, 1594740923.042694, 1594740923.4847383, 1594740930.1306381, 1594740930.4722624, 1594740931.009345, 1594740931.3587723, 1594740937.9911225, 1594740938.390409, 1594740938.8667488, 1594740939.2438943, 1594740945.8050818, 1594740946.1813362, 1594740946.6623523, 1594740946.9944344, 1594740953.5930736, 1594740953.9432995, 1594740954.4946866, 1594740954.870479, 1594740961.5585086, 1594740961.9156752, 1594740962.4488657, 1594740962.7964387, 1594740969.4150305, 1594740969.7868235, 1594740970.206857, 1594740970.6030638, 1594740977.210737, 1594740977.5906088, 1594740978.0012348, 1594740978.3279946, 1594740985.0614052, 1594740985.4427748, 1594740985.9110916, 1594740986.2616026, 1594740992.8639402, 1594740993.1860092, 1594740993.6785474, 1594740994.0595624, 1594741000.6117575, 1594741000.9967551, 1594741001.5202496, 1594741001.9215548, 1594741008.5717528, 1594741008.9182556, 1594741009.3679338, 1594741009.7394333, 1594741016.2750187, 1594741016.6394653, 1594741017.0735474, 1594741017.4681985, 1594741024.131466, 1594741024.488161, 1594741024.86539, 1594741025.2110548, 1594741031.9315817, 1594741032.3103857, 1594741032.7588363, 1594741033.119487, 1594741039.6520376, 1594741040.003849, 1594741040.5113082, 1594741040.8596277, 1594741047.4729412, 1594741047.814579, 1594741048.4217331, 1594741048.8054163, 1594741055.3201373, 1594741055.6289709, 1594741056.2154434, 1594741056.5787773, 1594741063.1017854, 1594741063.4991133, 1594741064.017424, 1594741064.3680522, 1594741070.9410026, 1594741071.3343148, 1594741071.8893452, 1594741072.2498755, 1594741078.8448377, 1594741079.1719527, 1594741079.6196454, 1594741079.990475, 1594741086.5369296, 1594741086.9137905, 1594741087.5963445, 1594741087.904788, 1594741094.5161006, 1594741094.8754482, 1594741095.4479725, 1594741095.7798617, 1594741102.3198848, 1594741102.6644163, 1594741103.1538813, 1594741103.507412, 1594741110.0630748, 1594741110.4226139, 1594741110.8456976, 1594741111.1871972, 1594741117.8108811, 1594741118.1595995, 1594741118.763411, 1594741119.1270053, 1594741125.6246064, 1594741126.023738, 1594741126.4946332, 1594741126.807096, 1594741133.471064, 1594741133.7920988, 1594741134.2541606, 1594741134.625833, 1594741141.29318, 1594741141.6065114, 1594741142.1162934, 1594741142.4900832, 1594741149.0073252, 1594741149.4177816, 1594741149.8637397, 1594741150.2426617, 1594741156.7703936, 1594741157.1236546, 1594741157.6513593, 1594741158.0142868, 1594741164.7267854, 1594741165.0469718, 1594741165.4483845, 1594741165.8028107, 1594741172.4379206, 1594741172.789556, 1594741173.264509, 1594741173.650666, 1594741180.1831663, 1594741180.5517926, 1594741181.035241, 1594741181.4421504, 1594741188.0646625, 1594741188.4508133, 1594741188.9087315, 1594741189.2484865, 1594741195.849792, 1594741196.2106187, 1594741196.6709511, 1594741197.0200958, 1594741203.673946, 1594741204.0396252, 1594741204.4548378, 1594741204.821418, 1594741211.5290563, 1594741211.8980303, 1594741212.3001375, 1594741212.715012, 1594741219.2596653, 1594741219.6432621, 1594741220.1296377, 1594741220.4793897, 1594741227.007621, 1594741227.3641877, 1594741227.8900855, 1594741228.2336743, 1594741234.8606179, 1594741235.2609055, 1594741235.7018824, 1594741236.0173986, 1594741242.6879165, 1594741243.0609853, 1594741243.4659014, 1594741243.8668573, 1594741250.4627755, 1594741250.9137187, 1594741251.516175, 1594741251.9058535, 1594741258.4511523, 1594741258.780576, 1594741259.2926967, 1594741259.683088, 1594741266.2835164, 1594741266.5870671, 1594741267.1545746, 1594741267.5147164, 1594741274.0478008, 1594741274.439444, 1594741275.046479, 1594741275.4146092, 1594741282.006641, 1594741282.3536794, 1594741282.7980542, 1594741283.161312, 1594741289.6456938, 1594741290.0068626, 1594741290.4546287, 1594741290.7890623, 1594741297.4248602, 1594741297.7453074, 1594741298.3173156, 1594741298.7089167, 1594741305.2755978, 1594741305.641254, 1594741306.1453247, 1594741306.5106797, 1594741312.9915771, 1594741313.3647056, 1594741313.8205776, 1594741314.1936762, 1594741320.6564672, 1594741320.9811993, 1594741321.5631967, 1594741321.9789667, 1594741328.4845784, 1594741328.8669949, 1594741329.2911367, 1594741329.6240494, 1594741336.2061908, 1594741336.5498145, 1594741337.0149233, 1594741337.3668432, 1594741344.0715055, 1594741344.4435487, 1594741344.8790007, 1594741345.2183692, 1594741351.714673, 1594741352.0684328, 1594741352.544341, 1594741352.9076514, 1594741359.4288042, 1594741359.7783477, 1594741360.2523568, 1594741360.6176538, 1594741367.2294946, 1594741367.5636492, 1594741368.076839, 1594741368.4051983, 1594741374.9873278, 1594741375.3335047, 1594741375.749986, 1594741376.152042, 1594741382.6151497, 1594741382.9592311, 1594741383.451602, 1594741383.8542056],