{"initial_reset_timestamp": 1594740610.2514205, "timestamps": [1594740610.63158, 1594740610.9428732, 1594740611.334593, 1594740611.6822655, 1594740618.6169696, 1594740618.9034278, 1594740619.3622909, 1594740619.723619, 1594740626.2851505, 1594740626.6649992, 1594740627.0530095, 1594740627.3794, 1594740633.9672244, 1594740634.3100855, 1594740634.7460396, 1594740635.0242474, 1594740641.6335328, 1594740641.9746368, 1594740642.4165454, 1594740642.7756462, 1594740649.38972, 1594740649.7392547, 1594740650.1893263, 1594740650.577264, 1594740657.1564813, 1594740657.543164, 1594740657.9910283, 1594740658.3501172, 1594740664.8969388, 1594740665.1913385, 1594740665.842105, 1594740666.17344, 1594740672.6929452, 1594740673.0321593, 1594740673.5121517, 1594740673.8716984, 1594740680.4304364, 1594740680.7995222, 1594740681.2019248, 1594740681.5791702, 1594740688.1113687, 1594740688.4750452, 1594740688.9780502, 1594740689.3740356, 1594740695.9664078, 1594740696.314853, 1594740696.726412, 1594740697.0888543, 1594740703.6227236, 1594740703.9923, 1594740704.4270172, 1594740704.8000162, 1594740711.2906024, 1594740711.6555295, 1594740712.2814262, 1594740712.6414025, 1594740719.1304874, 1594740719.5014238, 1594740720.0165746, 1594740720.38282, 1594740726.9838552, 1594740727.345405, 1594740727.7366168, 1594740728.1289418, 1594740734.837959, 1594740735.2091706, 1594740735.597859, 1594740735.94752, 1594740742.5848162, 1594740742.935723, 1594740743.3899446, 1594740743.7516735, 1594740750.2805817, 1594740750.671951, 1594740751.134874, 1594740751.4759405, 1594740758.155042, 1594740758.5034442, 1594740758.9693596, 1594740759.3056896, 1594740766.0870388, 1594740766.4330804, 1594740766.8722181, 1594740767.2490473, 1594740773.8513331, 1594740774.1919773, 1594740774.6838548, 1594740775.0246937, 1594740781.743072, 1594740782.1120405, 1594740782.4228535, 1594740782.7948313, 1594740789.4945045, 1594740789.8428032, 1594740790.2942502, 1594740790.6183288, 1594740797.153246, 1594740797.5260031, 1594740798.0059814, 1594740798.3474877, 1594740804.9586873, 1594740805.332897, 1594740805.8171253, 1594740806.1852748, 1594740812.7283158, 1594740813.111154, 1594740813.5530546, 1594740813.9319985, 1594740820.5204318, 1594740820.8939512, 1594740821.2985063, 1594740821.6794782, 1594740828.4024642, 1594740828.7883303, 1594740829.213568, 1594740829.5547552, 1594740836.1604586, 1594740836.53271, 1594740836.9817684, 1594740837.3539774, 1594740843.9949987, 1594740844.356541, 1594740844.8793118, 1594740845.2494526, 1594740851.9459596, 1594740852.2676136, 1594740852.6569755, 1594740852.9639838, 1594740859.658517, 1594740860.0031946, 1594740860.4735959, 1594740860.8269918, 1594740867.4466653, 1594740867.8326614, 1594740868.4158661, 1594740868.7809918, 1594740875.4144895, 1594740875.7725563, 1594740876.1309257, 1594740876.4613845, 1594740883.1472409, 1594740883.5331244, 1594740883.9515896, 1594740884.3234818, 1594740890.8589046, 1594740891.1852133, 1594740891.8153152, 1594740892.1829262, 1594740898.8185205, 1594740899.139726, 1594740899.592179, 1594740899.9280694, 1594740906.5751095, 1594740906.9566221, 1594740907.498589, 1594740907.8794558, 1594740914.3552759, 1594740914.7278502, 1594740915.293149, 1594740915.6484735, 1594740922.2003782, 1594740922.585393, 1594740923.0550306, 1594740923.5446525, 1594740930.1466737, 1594740930.5330534, 1594740930.9723544, 1594740931.318322, 1594740938.0788147, 1594740938.4048095, 1594740938.8418224, 1594740939.1934943, 1594740945.8111384, 1594740946.1984484, 1594740946.6228034, 1594740947.0254629, 1594740953.5862296, 1594740953.9598572, 1594740954.4355197, 1594740954.8032086, 1594740961.5715368, 1594740961.926244, 1594740962.3802302, 1594740962.746767, 1594740969.3964932, 1594740969.7545335, 1594740970.2039213, 1594740970.578209, 1594740977.2329922, 1594740977.6020148, 1594740977.9956017, 1594740978.3622146, 1594740985.0485528, 1594740985.3487525, 1594740985.828764, 1594740986.2029474, 1594740992.8199747, 1594740993.187579, 1594740993.6218374, 1594740993.9776433, 1594741000.7117286, 1594741001.037376, 1594741001.507587, 1594741001.8454978, 1594741008.557229, 1594741008.9380627, 1594741009.351053, 1594741009.7374198, 1594741016.2778065, 1594741016.64348, 1594741017.0858297, 1594741017.4501867, 1594741024.069531, 1594741024.39793, 1594741024.907959, 1594741025.2674165, 1594741031.9259715, 1594741032.2948298, 1594741032.746588, 1594741033.1429856, 1594741039.6645596, 1594741040.003172, 1594741040.4586008, 1594741040.812763, 1594741047.4726439, 1594741047.830167, 1594741048.4400861, 1594741048.8269792, 1594741055.368617, 1594741055.6877446, 1594741056.231907, 1594741056.570892, 1594741063.1578238, 1594741063.5089571, 1594741064.0422864, 1594741064.414422, 1594741070.985355, 1594741071.327987, 1594741071.8954334, 1594741072.2413359, 1594741078.850091, 1594741079.2113073, 1594741079.649344, 1594741079.9966097, 1594741086.4848018, 1594741086.940369, 1594741087.4321704, 1594741087.8010108, 1594741094.5285332, 1594741094.9053683, 1594741095.4868982, 1594741095.8323658, 1594741102.311702, 1594741102.6736815, 1594741103.1276617, 1594741103.517881, 1594741109.983603, 1594741110.316628, 1594741110.7849545, 1594741111.0999415, 1594741117.8185124, 1594741118.146717, 1594741118.7329223, 1594741119.0890048, 1594741125.6417809, 1594741125.973431, 1594741126.428926, 1594741126.8035195, 1594741133.4170177, 1594741133.8102114, 1594741134.238565, 1594741134.6000466, 1594741141.285335, 1594741141.6299505, 1594741142.0877433, 1594741142.488609, 1594741149.0059266, 1594741149.391188, 1594741149.8258626, 1594741150.233406, 1594741156.754868, 1594741157.1598737, 1594741157.6565268, 1594741158.0267808, 1594741164.632373, 1594741165.0107586, 1594741165.4205315, 1594741165.7533038, 1594741172.4338923, 1594741172.8083181, 1594741173.2248785, 1594741173.5964253, 1594741180.2108543, 1594741180.605813, 1594741181.0306876, 1594741181.4436262, 1594741188.0645037, 1594741188.4426024, 1594741188.9455311, 1594741189.3305182, 1594741195.869522, 1594741196.2278776, 1594741196.6339796, 1594741196.9840045, 1594741203.6211398, 1594741204.033153, 1594741204.4238837, 1594741204.79059, 1594741211.4579096, 1594741211.8155296, 1594741212.38082, 1594741212.6900394, 1594741219.2643526, 1594741219.6034935, 1594741220.0839667, 1594741220.4243717, 1594741227.0548897, 1594741227.416022, 1594741227.8023624, 1594741228.2098281, 1594741234.8948865, 1594741235.255246, 1594741235.7071757, 1594741236.040608, 1594741242.6776278, 1594741243.051993, 1594741243.502077, 1594741243.8660903, 1594741250.5524158, 1594741250.9274516, 1594741251.5242238, 1594741251.8797336, 1594741258.4519584, 1594741258.8051808, 1594741259.2764246, 1594741259.6573613, 1594741266.261346, 1594741266.6069636, 1594741267.1444783, 1594741267.5295794, 1594741274.0920305, 1594741274.4566712, 1594741275.0366676, 1594741275.3922958, 1594741281.9806032, 1594741282.3721032, 1594741282.7364774, 1594741283.0736551, 1594741289.6251037, 1594741290.0012476, 1594741290.4240441, 1594741290.7620704, 1594741297.3606973, 1594741297.7388074, 1594741298.3429933, 1594741298.677192, 1594741305.27501, 1594741305.6781268, 1594741306.079481, 1594741306.4163666, 1594741313.0455232, 1594741313.4042666, 1594741313.8219867, 1594741314.1256764, 1594741320.6799386, 1594741320.9928124, 1594741321.6703255, 1594741322.0120292, 1594741328.4727576, 1594741328.855618, 1594741329.2857523, 1594741329.673712, 1594741336.208102, 1594741336.6025524, 1594741337.040702, 1594741337.3692617, 1594741344.0553045, 1594741344.3983212, 1594741344.9094102, 1594741345.2429934, 1594741351.7491844, 1594741352.1106381, 1594741352.571248, 1594741352.9466486, 1594741359.48668, 1594741359.8247554, 1594741360.2471623, 1594741360.6231568, 1594741367.2795246, 1594741367.6355414, 1594741368.0761046, 1594741368.444647, 1594741374.9511986, 1594741375.3186617, 1594741375.748084, 1594741376.1405618, 1594741382.6882472, 1594741383.0407603, 1594741383.4337714, 1594741383.7846396],