{"initial_reset_timestamp": 1594740610.2518294, "timestamps": [1594740610.6052003, 1594740610.8958104, 1594740611.340235, 1594740611.6938958, 1594740618.5451448, 1594740618.8872268, 1594740619.364234, 1594740619.7015228, 1594740626.285204, 1594740626.6337583, 1594740627.097416, 1594740627.4373913, 1594740633.9698584, 1594740634.3335946, 1594740634.7276855, 1594740635.0923042, 1594740641.5879147, 1594740641.958056, 1594740642.4825447, 1594740642.8164926, 1594740649.3852093, 1594740649.760164, 1594740650.2143385, 1594740650.6144652, 1594740657.1730366, 1594740657.5259662, 1594740657.9787238, 1594740658.3185313, 1594740664.9077988, 1594740665.2817109, 1594740665.765197, 1594740666.1182039, 1594740672.671861, 1594740672.948832, 1594740673.4946733, 1594740673.8302484, 1594740680.4278877, 1594740680.7900908, 1594740681.2097602, 1594740681.557237, 1594740688.129378, 1594740688.4647095, 1594740689.0480418, 1594740689.3808932, 1594740695.968815, 1594740696.3340266, 1594740696.6989732, 1594740697.0776522, 1594740703.6412933, 1594740704.0151105, 1594740704.4688787, 1594740704.7929893, 1594740711.3173652, 1594740711.6799405, 1594740712.247774, 1594740712.5850112, 1594740719.2156303, 1594740719.5681725, 1594740719.9853315, 1594740720.3581665, 1594740726.9139771, 1594740727.3077793, 1594740727.7653344, 1594740728.1356924, 1594740734.8246706, 1594740735.230862, 1594740735.6795921, 1594740736.057816, 1594740742.615703, 1594740742.9759276, 1594740743.3886251, 1594740743.7577403, 1594740750.3008015, 1594740750.6747973, 1594740751.1153436, 1594740751.5230477, 1594740758.2377927, 1594740758.6047301, 1594740758.9740965, 1594740759.3596964, 1594740765.987851, 1594740766.442229, 1594740766.835667, 1594740767.1795206, 1594740773.8359206, 1594740774.2212162, 1594740774.6663773, 1594740775.019644, 1594740781.7043538, 1594740782.0317175, 1594740782.5784798, 1594740782.9356647, 1594740789.4847682, 1594740789.8487473, 1594740790.2509382, 1594740790.639954, 1594740797.161731, 1594740797.5236363, 1594740797.9490488, 1594740798.2897496, 1594740804.990316, 1594740805.328812, 1594740805.8435087, 1594740806.199887, 1594740812.717281, 1594740813.0736544, 1594740813.5085511, 1594740813.841634, 1594740820.5181324, 1594740820.888402, 1594740821.3647017, 1594740821.7336822, 1594740828.4204926, 1594740828.7618258, 1594740829.1967206, 1594740829.4979136, 1594740836.1505697, 1594740836.5435615, 1594740836.9500818, 1594740837.301648, 1594740843.9632246, 1594740844.3344574, 1594740844.840158, 1594740845.234345, 1594740851.8857014, 1594740852.2661018, 1594740852.7103786, 1594740853.052718, 1594740859.65983, 1594740859.990527, 1594740860.5018482, 1594740860.871235, 1594740867.4137619, 1594740867.8134887, 1594740868.439125, 1594740868.7919197, 1594740875.3508923, 1594740875.7384334, 1594740876.1913664, 1594740876.522259, 1594740883.1341596, 1594740883.541845, 1594740884.0118194, 1594740884.3558388, 1594740890.9358811, 1594740891.3044734, 1594740891.8885007, 1594740892.2226617, 1594740898.8413293, 1594740899.1912746, 1594740899.6805427, 1594740900.0369313, 1594740906.5398297, 1594740906.9616387, 1594740907.4619231, 1594740907.8416348, 1594740914.3699784, 1594740914.786922, 1594740915.2769153, 1594740915.626666, 1594740922.2546496, 1594740922.612712, 1594740923.0588744, 1594740923.437564, 1594740930.2003086, 1594740930.5611532, 1594740930.9482596, 1594740931.2975972, 1594740938.0057716, 1594740938.3724468, 1594740938.8350308, 1594740939.2263353, 1594740945.8510866, 1594740946.2327702, 1594740946.6520271, 1594740947.0505908, 1594740953.5935454, 1594740953.9543557, 1594740954.553741, 1594740954.8940084, 1594740961.6240728, 1594740961.9611847, 1594740962.4319227, 1594740962.8085222, 1594740969.3806188, 1594740969.7381458, 1594740970.2261386, 1594740970.6068926, 1594740977.2212074, 1594740977.5575252, 1594740977.961025, 1594740978.359591, 1594740985.0554802, 1594740985.414857, 1594740985.873415, 1594740986.2557867, 1594740992.8635452, 1594740993.2207747, 1594740993.6465614, 1594740994.0122352, 1594741000.6814544, 1594741001.0640256, 1594741001.5401113, 1594741001.8941612, 1594741008.6088994, 1594741008.949345, 1594741009.3536851, 1594741009.7150178, 1594741016.2787156, 1594741016.6604762, 1594741017.1259983, 1594741017.480574, 1594741024.0362778, 1594741024.407497, 1594741024.8425202, 1594741025.194239, 1594741031.9302323, 1594741032.293738, 1594741032.752961, 1594741033.1503117, 1594741039.6982381, 1594741040.079853, 1594741040.5220423, 1594741040.8708751, 1594741047.4503264, 1594741047.8097327, 1594741048.4470913, 1594741048.8056295, 1594741055.3261232, 1594741055.719342, 1594741056.2043684, 1594741056.606354, 1594741063.1803343, 1594741063.5449507, 1594741064.0123556, 1594741064.406998, 1594741071.0226963, 1594741071.3830543, 1594741071.894912, 1594741072.2484941, 1594741078.7530477, 1594741079.1045067, 1594741079.6197, 1594741080.0015776, 1594741086.545563, 1594741086.9191082, 1594741087.4412866, 1594741087.874297, 1594741094.4979146, 1594741094.8136215, 1594741095.4474547, 1594741095.838299, 1594741102.3734891, 1594741102.7418747, 1594741103.1389709, 1594741103.5185068, 1594741110.0268238, 1594741110.3761766, 1594741110.8034277, 1594741111.1441636, 1594741117.81824, 1594741118.183932, 1594741118.6850758, 1594741119.0449154, 1594741125.6480021, 1594741126.0157692, 1594741126.4086173, 1594741126.8196409, 1594741133.44029, 1594741133.7947178, 1594741134.2259402, 1594741134.6059062, 1594741141.2978814, 1594741141.656879, 1594741142.146309, 1594741142.4914489, 1594741149.0407186, 1594741149.4329877, 1594741149.879977, 1594741150.2232282, 1594741156.7121499, 1594741157.1125865, 1594741157.6067789, 1594741158.000091, 1594741164.654201, 1594741165.0029736, 1594741165.4403226, 1594741165.8147206, 1594741172.413411, 1594741172.8067577, 1594741173.2739673, 1594741173.6599004, 1594741180.2469718, 1594741180.614638, 1594741181.0919626, 1594741181.4648519, 1594741188.011178, 1594741188.3644795, 1594741188.9071593, 1594741189.2474165, 1594741195.8711083, 1594741196.2581596, 1594741196.6856806, 1594741197.0376306, 1594741203.6101773, 1594741204.0063543, 1594741204.4238193, 1594741204.7956, 1594741211.5570831, 1594741211.9289536, 1594741212.345728, 1594741212.7308168, 1594741219.2850053, 1594741219.6071646, 1594741220.1122437, 1594741220.4619, 1594741227.0244956, 1594741227.372685, 1594741227.8400884, 1594741228.2436328, 1594741234.8873575, 1594741235.2541685, 1594741235.7492366, 1594741236.1153483, 1594741242.6760375, 1594741243.0068088, 1594741243.4622881, 1594741243.81234, 1594741250.484642, 1594741250.9701943, 1594741251.541703, 1594741251.899402, 1594741258.487592, 1594741258.8767104, 1594741259.326008, 1594741259.6718147, 1594741266.3259244, 1594741266.7317388, 1594741267.0837305, 1594741267.4863336, 1594741274.0493999, 1594741274.411039, 1594741274.9954407, 1594741275.4029613, 1594741281.9189699, 1594741282.281721, 1594741282.7622414, 1594741283.1417048, 1594741289.6948485, 1594741290.0452378, 1594741290.4374564, 1594741290.793316, 1594741297.4151976, 1594741297.771372, 1594741298.3745034, 1594741298.7254672, 1594741305.271534, 1594741305.619684, 1594741306.0972538, 1594741306.4273267, 1594741313.0015075, 1594741313.3751378, 1594741313.8641772, 1594741314.1900983, 1594741320.7273054, 1594741321.0759792, 1594741321.6087651, 1594741321.9626336, 1594741328.495341, 1594741328.8348606, 1594741329.2607274, 1594741329.6420534, 1594741336.1616895, 1594741336.4956532, 1594741336.9605649, 1594741337.3287296, 1594741344.0497344, 1594741344.44172, 1594741344.9103942, 1594741345.2811954, 1594741351.7697494, 1594741352.1251614, 1594741352.5180223, 1594741352.9021606, 1594741359.43968, 1594741359.7962046, 1594741360.2948031, 1594741360.650739, 1594741367.2428887, 1594741367.5933452, 1594741368.0346248, 1594741368.4202487, 1594741374.9046938, 1594741375.269787, 1594741375.7540526, 1594741376.0860476, 1594741382.6767912, 1594741383.036052, 1594741383.4419177, 1594741383.8156228],