{"initial_reset_timestamp": 1594743562.0578303, "timestamps": [1594743563.053004, 1594743563.9302373, 1594743565.2837572, 1594743566.3059258, 1594743575.2326725, 1594743576.1982865, 1594743577.4309607, 1594743578.272489, 1594743586.7128096, 1594743587.6593661, 1594743588.9360955, 1594743589.9555824, 1594743598.3646543, 1594743599.42874, 1594743600.6600533, 1594743601.64425, 1594743610.1384547, 1594743611.1487627, 1594743612.2896109, 1594743613.350159, 1594743621.6986918, 1594743622.8303883, 1594743624.007548, 1594743624.8940094, 1594743633.5192716, 1594743634.6117506, 1594743635.756335, 1594743636.8072646, 1594743645.399535, 1594743646.4141855, 1594743647.650185, 1594743648.6800847, 1594743657.2510383, 1594743658.2651494, 1594743659.6612751, 1594743660.717904, 1594743669.2418656, 1594743670.2564142, 1594743671.6312299, 1594743672.7360103, 1594743681.3230612, 1594743682.3410013, 1594743683.454735, 1594743684.6517727, 1594743693.0678506, 1594743694.118922, 1594743695.4896665, 1594743696.5096347, 1594743705.027481, 1594743706.149554, 1594743707.3998988, 1594743708.542811, 1594743717.0514135, 1594743718.0976562, 1594743719.4976125, 1594743720.5614045, 1594743729.0388029, 1594743730.0750923, 1594743731.627743, 1594743732.706484, 1594743741.1604083, 1594743742.2767947, 1594743743.6546369, 1594743744.730892, 1594743753.2364135, 1594743754.3981955, 1594743755.7853403, 1594743756.924273, 1594743765.5533664, 1594743766.612816, 1594743767.7900953, 1594743768.8684828, 1594743777.6255195, 1594743778.6931593, 1594743779.8910391, 1594743781.028512, 1594743789.7964911, 1594743790.919852, 1594743792.2567382, 1594743793.306932, 1594743801.9526937, 1594743802.9960828, 1594743804.3651106, 1594743805.3681278, 1594743813.9825335, 1594743815.1564145, 1594743816.3330178, 1594743817.4673953, 1594743826.264564, 1594743827.284672, 1594743828.7199888, 1594743829.8202355, 1594743838.354115, 1594743839.2859442, 1594743840.6486714, 1594743841.656686, 1594743850.5302048, 1594743851.575345, 1594743852.8785248, 1594743853.9337072, 1594743862.4681284, 1594743863.5494642, 1594743865.0948684, 1594743866.2280002, 1594743874.912493, 1594743875.9470522, 1594743877.201244, 1594743878.2761588, 1594743887.3005037, 1594743888.4766452, 1594743889.549224, 1594743890.899166, 1594743899.5633216, 1594743900.5833495, 1594743901.8950748, 1594743902.8848197, 1594743911.7343411, 1594743912.8066814, 1594743914.2670567, 1594743915.4132667, 1594743924.2940729, 1594743925.2283812, 1594743926.7509296, 1594743927.7400181, 1594743936.3045187, 1594743937.4423745, 1594743939.016536, 1594743940.1289673, 1594743948.6930156, 1594743949.8041146, 1594743951.5169833, 1594743952.5930493, 1594743961.2112978, 1594743962.362742, 1594743963.5494733, 1594743964.7486413, 1594743973.2539024, 1594743974.2945728, 1594743975.825969, 1594743977.0349789, 1594743985.8323905, 1594743986.9877403, 1594743988.2709908, 1594743989.4475496, 1594743997.994823, 1594743999.1233852, 1594744000.4888546, 1594744001.7200713, 1594744010.2818172, 1594744011.3150358, 1594744012.6887126, 1594744013.8816223, 1594744022.675519, 1594744023.772898, 1594744025.221489, 1594744026.3062882, 1594744035.121971, 1594744036.2436395, 1594744037.705427, 1594744038.8450398, 1594744047.191026, 1594744048.2266777, 1594744049.9381278, 1594744051.1139219, 1594744059.808075, 1594744060.89142, 1594744062.287626, 1594744063.282811, 1594744072.1301825, 1594744073.1787336, 1594744074.5944169, 1594744075.7112541, 1594744084.5306287, 1594744085.7531776, 1594744087.0341702, 1594744088.0832047, 1594744096.757668, 1594744097.848622, 1594744099.2459874, 1594744100.3833315, 1594744109.0900428, 1594744110.3889837, 1594744111.7581255, 1594744113.043404, 1594744121.4371064, 1594744122.6798997, 1594744124.1580195, 1594744125.377852, 1594744134.086041, 1594744135.1137137, 1594744136.7522197, 1594744137.9367008, 1594744146.602719, 1594744147.8422973, 1594744149.2290027, 1594744150.4213278, 1594744159.0810094, 1594744160.369085, 1594744161.5231733, 1594744162.701336, 1594744171.6618102, 1594744172.7777398, 1594744174.0150282, 1594744175.1022565, 1594744184.0226912, 1594744185.1066387, 1594744186.4835806, 1594744187.6237524, 1594744196.1320803, 1594744197.3948843, 1594744198.7274632, 1594744200.0213332, 1594744208.7546308, 1594744209.8404891, 1594744211.4283175, 1594744212.594058, 1594744221.3175402, 1594744222.4720194, 1594744223.764288, 1594744225.113076, 1594744233.8617408, 1594744235.0152435, 1594744236.1203313, 1594744237.4025621, 1594744246.138791, 1594744247.3353508, 1594744248.8375793, 1594744250.1472158, 1594744258.6708207, 1594744259.8160634, 1594744261.4864597, 1594744262.5609033, 1594744271.247462, 1594744272.41154, 1594744273.787587, 1594744274.9008093, 1594744283.7278368, 1594744284.8942978, 1594744286.4053524, 1594744287.63275, 1594744296.2775495, 1594744297.391115, 1594744298.7760286, 1594744299.9625547, 1594744308.7648277, 1594744310.0054145, 1594744311.5750172, 1594744312.7133932, 1594744321.4786072, 1594744322.6845002, 1594744323.8367028, 1594744324.9987113, 1594744333.8277714, 1594744334.9357734, 1594744336.3585806, 1594744337.517879, 1594744346.211276, 1594744347.3431184, 1594744348.867584, 1594744350.014583, 1594744358.8618014, 1594744359.9953492, 1594744361.3475988, 1594744362.4755363, 1594744371.2570746, 1594744372.555502, 1594744373.9552402, 1594744375.1326861, 1594744383.8953702, 1594744385.006905, 1594744386.542299, 1594744387.6517115, 1594744396.349777, 1594744397.4967086, 1594744399.1107745, 1594744400.170367, 1594744408.9488418, 1594744410.0250015, 1594744411.7899272, 1594744412.9719946, 1594744422.1215427, 1594744423.2322721, 1594744424.596402, 1594744425.6153142, 1594744434.4379206, 1594744435.6631262, 1594744436.7640433, 1594744438.0549812, 1594744447.1230757, 1594744448.3178058, 1594744449.6179273, 1594744450.502372, 1594744459.524148, 1594744460.6817296, 1594744461.913045, 1594744463.0694146, 1594744471.8663259, 1594744473.0222673, 1594744474.3793747, 1594744475.5586061, 1594744484.21447, 1594744485.540568, 1594744486.8422923, 1594744488.0218463, 1594744496.8415098, 1594744497.900957, 1594744499.4063046, 1594744500.5591311, 1594744509.0754325, 1594744510.2593987, 1594744511.7386713, 1594744512.9895546, 1594744521.9595273, 1594744523.142637, 1594744524.520492, 1594744525.6530743, 1594744534.2968707, 1594744535.524787, 1594744536.9472725, 1594744538.1385853, 1594744547.1253982, 1594744548.1720393, 1594744549.8366146, 1594744550.922378, 1594744559.6359437, 1594744560.8025603, 1594744562.4489505, 1594744563.6044867, 1594744572.3016367, 1594744573.594206, 1594744574.7653692, 1594744575.7818537, 1594744584.8597505, 1594744586.1156394, 1594744587.373313, 1594744588.5933096, 1594744597.2904909, 1594744598.4475267, 1594744599.9908805, 1594744601.1989207, 1594744609.7295866, 1594744610.68375, 1594744612.4007297, 1594744613.624417, 1594744622.563701, 1594744623.7281387, 1594744624.9782062, 1594744626.1119497, 1594744634.6703174, 1594744635.735885, 1594744637.4457736, 1594744638.6759276, 1594744647.5944397, 1594744648.8051183, 1594744649.9804335, 1594744651.159847, 1594744659.9104373, 1594744661.1718197, 1594744662.5368123, 1594744663.760438, 1594744672.489113, 1594744673.666678, 1594744675.0894153, 1594744676.4415133, 1594744685.3560276, 1594744686.61561, 1594744687.8891444, 1594744689.0498333, 1594744697.7932932, 1594744699.0541596, 1594744700.5145543, 1594744701.7845473, 1594744710.4088128, 1594744711.4729211, 1594744713.457547, 1594744714.3785448, 1594744723.0953543, 1594744724.207187, 1594744726.0315597, 1594744727.200011, 1594744735.7676086, 1594744736.88698, 1594744738.333735, 1594744739.6045072, 1594744748.4876847, 1594744749.714526, 1594744750.9945996, 1594744752.127831, 1594744760.9489682, 1594744762.1743848, 1594744763.5409813, 1594744764.6202507, 1594744773.5068405, 1594744774.6018548, 1594744775.9563968, 1594744777.0990343, 1594744785.9725475, 1594744787.0200102, 1594744788.5945234, 1594744789.8606102],