{"initial_reset_timestamp": 1594743562.058292, "timestamps": [1594743563.017139, 1594743564.0529585, 1594743565.2719648, 1594743566.1772792, 1594743575.2687554, 1594743576.2423153, 1594743577.4126036, 1594743578.3794065, 1594743586.8016648, 1594743587.6757739, 1594743589.0226936, 1594743590.0629706, 1594743598.4097376, 1594743599.4325268, 1594743600.5440152, 1594743601.4238596, 1594743610.1767488, 1594743611.2339444, 1594743612.3926597, 1594743613.4177284, 1594743621.9033117, 1594743622.8284733, 1594743623.838382, 1594743624.7992632, 1594743633.6503096, 1594743634.5682542, 1594743635.8271375, 1594743636.800389, 1594743645.3358316, 1594743646.3528554, 1594743647.8006103, 1594743648.8539538, 1594743657.2862103, 1594743658.2710032, 1594743659.714615, 1594743660.7194097, 1594743669.3685718, 1594743670.5195153, 1594743671.697277, 1594743672.6749663, 1594743681.322029, 1594743682.4013395, 1594743683.5641856, 1594743684.618478, 1594743693.034704, 1594743694.2248273, 1594743695.5763059, 1594743696.6166947, 1594743705.1561887, 1594743706.2338388, 1594743707.5829196, 1594743708.6324964, 1594743717.067216, 1594743718.0884907, 1594743719.2441413, 1594743720.236782, 1594743729.1905305, 1594743730.2499194, 1594743731.7018445, 1594743732.7249823, 1594743741.231951, 1594743742.282255, 1594743743.4388278, 1594743744.5578156, 1594743753.293223, 1594743754.4028633, 1594743755.7100809, 1594743756.858572, 1594743765.2472155, 1594743766.2000506, 1594743767.7311468, 1594743768.9094474, 1594743777.583211, 1594743778.6784642, 1594743779.8760185, 1594743780.828798, 1594743789.7430127, 1594743790.6921065, 1594743792.4803057, 1594743793.458951, 1594743801.8891473, 1594743803.0514524, 1594743804.1315057, 1594743805.2458293, 1594743814.1194017, 1594743815.146365, 1594743816.499601, 1594743817.586142, 1594743825.9721262, 1594743827.0915432, 1594743828.6151478, 1594743829.5785623, 1594743838.3756773, 1594743839.4750676, 1594743840.734752, 1594743841.9280136, 1594743850.4162612, 1594743851.4707015, 1594743852.8172746, 1594743853.9385421, 1594743862.4769423, 1594743863.6751447, 1594743864.9949138, 1594743866.066444, 1594743874.810275, 1594743876.0098596, 1594743877.3458896, 1594743878.5318804, 1594743887.104124, 1594743888.2339282, 1594743889.7408788, 1594743890.863001, 1594743899.5801642, 1594743900.656211, 1594743901.9931712, 1594743903.0877209, 1594743911.8097653, 1594743912.8899708, 1594743914.2605877, 1594743915.4335926, 1594743924.110642, 1594743925.2529113, 1594743926.866743, 1594743927.965207, 1594743936.5854437, 1594743937.6083553, 1594743938.8954363, 1594743940.0574012, 1594743948.696065, 1594743949.7406175, 1594743951.528638, 1594743952.5487347, 1594743961.1073015, 1594743962.25431, 1594743963.5768898, 1594743964.7439017, 1594743973.288872, 1594743974.454484, 1594743975.8181684, 1594743976.884751, 1594743985.7881756, 1594743986.880333, 1594743988.2171388, 1594743989.3390934, 1594743998.0335176, 1594743999.0974007, 1594744000.5054293, 1594744001.577884, 1594744010.3337812, 1594744011.5473156, 1594744012.743934, 1594744013.920029, 1594744022.6727154, 1594744023.7755725, 1594744025.1645172, 1594744026.4121394, 1594744035.006473, 1594744036.2476273, 1594744037.2874317, 1594744038.5755246, 1594744047.3090465, 1594744048.5525002, 1594744049.9507496, 1594744051.0586264, 1594744059.6742873, 1594744060.948558, 1594744062.581607, 1594744063.579367, 1594744072.0581675, 1594744073.1242177, 1594744074.647972, 1594744075.6848235, 1594744084.5474956, 1594744085.8131926, 1594744086.974061, 1594744088.2633295, 1594744096.8352406, 1594744097.8707519, 1594744099.4603326, 1594744100.5491512, 1594744109.1473773, 1594744110.192388, 1594744111.738093, 1594744112.9137022, 1594744121.771796, 1594744122.8849282, 1594744124.048387, 1594744125.161795, 1594744133.9545076, 1594744135.1792054, 1594744136.8880951, 1594744138.018865, 1594744146.7190204, 1594744147.7868485, 1594744149.360721, 1594744150.3902888, 1594744159.1661446, 1594744160.333108, 1594744161.6416051, 1594744162.7920606, 1594744171.511679, 1594744172.620208, 1594744174.2958367, 1594744175.3862493, 1594744183.9684272, 1594744185.1909184, 1594744186.7272532, 1594744187.8062024, 1594744196.4320846, 1594744197.545333, 1594744198.7547185, 1594744200.03196, 1594744208.6683705, 1594744209.84239, 1594744211.450634, 1594744212.6103761, 1594744221.262609, 1594744222.4509726, 1594744223.883683, 1594744225.107894, 1594744233.827143, 1594744234.9492009, 1594744236.261718, 1594744237.5693223, 1594744246.0446231, 1594744247.2174218, 1594744248.9331565, 1594744250.0036776, 1594744258.5860925, 1594744259.7725058, 1594744261.1077416, 1594744262.2218401, 1594744271.1972177, 1594744272.374271, 1594744273.7806501, 1594744275.0583477, 1594744283.950721, 1594744285.0535476, 1594744286.3385677, 1594744287.578227, 1594744296.2537687, 1594744297.4775543, 1594744298.8904998, 1594744300.0186253, 1594744308.6712358, 1594744309.7740154, 1594744311.4643083, 1594744312.5534437, 1594744321.4238465, 1594744322.6095395, 1594744323.9984684, 1594744325.0889084, 1594744333.777517, 1594744335.0747266, 1594744336.3801222, 1594744337.579329, 1594744346.159185, 1594744347.3894174, 1594744348.8416245, 1594744350.1368136, 1594744358.8197107, 1594744359.9732704, 1594744361.2595277, 1594744362.49265, 1594744371.1345274, 1594744372.296424, 1594744373.6569633, 1594744374.9380274, 1594744383.8015878, 1594744385.0162485, 1594744386.4203424, 1594744387.430249, 1594744396.2377217, 1594744397.472344, 1594744399.141297, 1594744400.2428238, 1594744409.0563934, 1594744410.1946328, 1594744411.8944585, 1594744413.0747147, 1594744421.5756521, 1594744422.5640259, 1594744424.4853597, 1594744425.6538012, 1594744434.2305205, 1594744435.497694, 1594744436.8792038, 1594744437.904141, 1594744447.0741923, 1594744448.273984, 1594744449.516983, 1594744450.5661063, 1594744459.5641186, 1594744460.7037988, 1594744462.0390913, 1594744463.210949, 1594744471.824911, 1594744472.9007752, 1594744474.355534, 1594744475.2647574, 1594744484.1006763, 1594744485.2583833, 1594744486.7697794, 1594744487.9799628, 1594744496.6012962, 1594744497.8121383, 1594744499.508387, 1594744500.6041727, 1594744509.258168, 1594744510.508229, 1594744511.7993028, 1594744512.852423, 1594744521.808303, 1594744522.924105, 1594744524.54171, 1594744525.6731107, 1594744534.4613996, 1594744535.6918073, 1594744536.9265592, 1594744538.306494, 1594744546.9117744, 1594744548.0756466, 1594744549.6165445, 1594744550.7388453, 1594744559.7816393, 1594744560.991364, 1594744562.4570463, 1594744563.5912433, 1594744572.3667657, 1594744573.4908466, 1594744575.221391, 1594744576.2886765, 1594744584.886068, 1594744586.053804, 1594744587.6385698, 1594744588.7830932, 1594744597.33432, 1594744598.4512284, 1594744599.9508884, 1594744601.116429, 1594744609.7668514, 1594744610.977982, 1594744612.3586822, 1594744613.5779512, 1594744622.4479291, 1594744623.6866314, 1594744624.9867234, 1594744626.1751816, 1594744634.8950686, 1594744636.0528235, 1594744637.297843, 1594744638.3889222, 1594744647.44641, 1594744648.5647495, 1594744650.069369, 1594744651.1821415, 1594744659.8939114, 1594744661.1180012, 1594744662.5776865, 1594744663.8747666, 1594744672.7637389, 1594744673.9441636, 1594744675.1372747, 1594744676.4603214, 1594744685.4094784, 1594744686.680426, 1594744688.07202, 1594744689.290847, 1594744697.9816847, 1594744699.2507184, 1594744700.504935, 1594744701.5165648, 1594744710.3843405, 1594744711.5222647, 1594744713.205611, 1594744714.380822, 1594744722.9114544, 1594744724.1934612, 1594744725.8341584, 1594744727.071597, 1594744735.9035366, 1594744736.967516, 1594744738.2360985, 1594744739.4521492, 1594744748.3689334, 1594744749.5862656, 1594744750.979645, 1594744752.212909, 1594744760.927983, 1594744762.097122, 1594744763.31411, 1594744764.6274035, 1594744773.3490493, 1594744774.5996475, 1594744775.9956715, 1594744777.2717094, 1594744785.913963, 1594744787.1943488, 1594744788.6523266, 1594744789.7166307],