{"initial_reset_timestamp": 1594743562.0579073, "timestamps": [1594743563.021444, 1594743564.032964, 1594743565.2036693, 1594743566.14281, 1594743575.3456018, 1594743576.3670602, 1594743577.4349818, 1594743578.3839386, 1594743586.8088722, 1594743587.8125086, 1594743589.0308347, 1594743590.036423, 1594743598.4283504, 1594743599.4492476, 1594743600.6391687, 1594743601.7102208, 1594743610.1977572, 1594743611.2518117, 1594743612.4446595, 1594743613.3800216, 1594743621.8097582, 1594743622.8551514, 1594743624.0073419, 1594743624.9754412, 1594743633.602263, 1594743634.6251366, 1594743635.6759946, 1594743636.7295518, 1594743645.5253131, 1594743646.562264, 1594743647.6699436, 1594743648.6686397, 1594743657.3138585, 1594743658.3876991, 1594743659.7469532, 1594743660.8646991, 1594743669.364461, 1594743670.4550946, 1594743671.669318, 1594743672.6985943, 1594743681.273356, 1594743682.3839703, 1594743683.6211357, 1594743684.710288, 1594743693.0792758, 1594743694.1105711, 1594743695.5896692, 1594743696.7187762, 1594743705.1146913, 1594743706.1930833, 1594743707.3699334, 1594743708.491297, 1594743717.0682766, 1594743718.0858417, 1594743719.3527153, 1594743720.425111, 1594743729.043537, 1594743730.1746595, 1594743731.4932191, 1594743732.5588036, 1594743741.138454, 1594743742.3390472, 1594743743.5824823, 1594743744.701937, 1594743753.3323836, 1594743754.3722713, 1594743755.5494103, 1594743756.6197033, 1594743765.4040265, 1594743766.390663, 1594743767.649389, 1594743768.816154, 1594743777.5958533, 1594743778.71858, 1594743779.8707497, 1594743780.7777636, 1594743789.7876852, 1594743790.809933, 1594743792.345021, 1594743793.4322312, 1594743802.0623674, 1594743803.1087356, 1594743804.491962, 1594743805.4966197, 1594743814.0518677, 1594743815.0279803, 1594743816.349424, 1594743817.4022098, 1594743826.254766, 1594743827.3687959, 1594743828.5863533, 1594743829.825828, 1594743838.2336748, 1594743839.499167, 1594743840.6415637, 1594743841.638125, 1594743850.3244011, 1594743851.398199, 1594743852.7742085, 1594743853.9308693, 1594743862.5149388, 1594743863.6320794, 1594743865.0852463, 1594743866.1704128, 1594743874.9456363, 1594743876.1315804, 1594743877.276861, 1594743878.4107006, 1594743887.180289, 1594743888.2445416, 1594743889.821163, 1594743890.9840982, 1594743899.4907136, 1594743900.5418954, 1594743901.8521779, 1594743903.0372458, 1594743911.6591241, 1594743912.7407072, 1594743914.2751484, 1594743915.4618108, 1594743924.2055805, 1594743925.3351812, 1594743926.6925032, 1594743927.773753, 1594743936.4740908, 1594743937.5712254, 1594743939.0367317, 1594743940.178612, 1594743948.7466335, 1594743949.8197637, 1594743951.3991714, 1594743952.518922, 1594743960.8988588, 1594743962.0777848, 1594743963.6350443, 1594743964.6610355, 1594743973.231201, 1594743974.4319224, 1594743975.7054236, 1594743976.9553838, 1594743985.838101, 1594743986.9893277, 1594743988.0147274, 1594743989.1395702, 1594743998.0009792, 1594743998.970739, 1594744000.5579717, 1594744001.6869302, 1594744010.2186556, 1594744011.363141, 1594744012.672977, 1594744013.8922188, 1594744022.5357506, 1594744023.6698117, 1594744025.1126864, 1594744026.173144, 1594744035.1675289, 1594744036.2301736, 1594744037.42896, 1594744038.6246374, 1594744047.339403, 1594744048.5736818, 1594744049.9534035, 1594744050.9916546, 1594744059.8044426, 1594744060.9192767, 1594744062.2575812, 1594744063.3247592, 1594744072.1729114, 1594744073.3357496, 1594744074.7639372, 1594744075.8340204, 1594744084.2678843, 1594744085.5410202, 1594744086.9653378, 1594744088.0964231, 1594744096.933021, 1594744098.109316, 1594744099.308619, 1594744100.4350886, 1594744109.2485402, 1594744110.3801105, 1594744111.6434164, 1594744112.6679757, 1594744121.6746297, 1594744122.8487902, 1594744124.174558, 1594744125.3391175, 1594744134.068573, 1594744135.193949, 1594744136.8613324, 1594744138.0769932, 1594744146.6647205, 1594744147.856374, 1594744149.306433, 1594744150.5063565, 1594744159.0914304, 1594744160.2983496, 1594744161.7307339, 1594744162.842529, 1594744171.5696003, 1594744172.822914, 1594744173.999226, 1594744175.244677, 1594744184.0790658, 1594744185.22542, 1594744186.5053577, 1594744187.5253801, 1594744196.3410614, 1594744197.6168382, 1594744198.9246612, 1594744200.2201173, 1594744208.7339008, 1594744209.9081588, 1594744211.3260164, 1594744212.5413465, 1594744221.2842302, 1594744222.5167265, 1594744223.8579419, 1594744224.8609924, 1594744233.7800379, 1594744234.9090247, 1594744236.1797144, 1594744237.4109654, 1594744246.2082646, 1594744247.4070268, 1594744248.77708, 1594744249.988965, 1594744258.8302498, 1594744259.9719691, 1594744261.1989253, 1594744262.4633145, 1594744271.0961199, 1594744272.3348224, 1594744274.0025153, 1594744275.0657198, 1594744283.7297971, 1594744284.8886468, 1594744286.3826003, 1594744287.5228102, 1594744296.344245, 1594744297.5090141, 1594744298.765998, 1594744299.8516123, 1594744308.7807405, 1594744309.9758897, 1594744311.496111, 1594744312.7316542, 1594744321.576308, 1594744322.728638, 1594744324.07179, 1594744325.2476916, 1594744333.8468614, 1594744334.851358, 1594744336.3605993, 1594744337.3394349, 1594744346.2999866, 1594744347.4651875, 1594744348.9008646, 1594744350.101848, 1594744358.8340204, 1594744360.0718002, 1594744361.5156887, 1594744362.718456, 1594744371.25907, 1594744372.5411098, 1594744373.8238058, 1594744374.8477054, 1594744383.944698, 1594744385.1430326, 1594744386.6564035, 1594744387.8028488, 1594744396.5151439, 1594744397.643165, 1594744399.1594672, 1594744400.3998058, 1594744409.2277017, 1594744410.4226356, 1594744411.816276, 1594744413.2206542, 1594744421.8004928, 1594744423.1046104, 1594744424.5096555, 1594744425.6707938, 1594744434.3454497, 1594744435.4920557, 1594744437.0097823, 1594744438.131443, 1594744447.0367548, 1594744448.2464807, 1594744449.6390107, 1594744450.8467991, 1594744459.2389944, 1594744460.483204, 1594744461.7682574, 1594744462.8453345, 1594744471.9461968, 1594744473.0246835, 1594744474.2770355, 1594744475.34253, 1594744484.2684355, 1594744485.4140399, 1594744486.7038069, 1594744487.8863816, 1594744496.6349373, 1594744497.6180592, 1594744499.311227, 1594744500.3709548, 1594744509.1457763, 1594744510.2867782, 1594744512.0473738, 1594744513.191784, 1594744521.8649857, 1594744523.1199381, 1594744524.5323446, 1594744525.706829, 1594744534.407032, 1594744535.5825524, 1594744536.8385992, 1594744538.2649882, 1594744547.131386, 1594744548.310601, 1594744549.7023995, 1594744550.9163852, 1594744559.6269858, 1594744560.852345, 1594744562.4247665, 1594744563.6822033, 1594744572.2695875, 1594744573.436425, 1594744575.1614044, 1594744576.3391445, 1594744584.9516594, 1594744586.2587023, 1594744587.594932, 1594744588.7639177, 1594744597.4768436, 1594744598.674388, 1594744599.9218574, 1594744601.0787158, 1594744609.6971183, 1594744610.9444256, 1594744612.5245898, 1594744613.646137, 1594744622.273473, 1594744623.3942103, 1594744624.941425, 1594744626.0321183, 1594744634.6863039, 1594744635.9032319, 1594744637.2972336, 1594744638.3713362, 1594744647.626988, 1594744648.767009, 1594744650.1730983, 1594744651.2334208, 1594744659.8933878, 1594744660.8437684, 1594744662.7218983, 1594744664.064738, 1594744672.5713336, 1594744673.7215126, 1594744675.3287363, 1594744676.5721278, 1594744685.45663, 1594744686.5771909, 1594744688.1202092, 1594744689.2086828, 1594744697.9758608, 1594744699.0688715, 1594744700.3957362, 1594744701.6259117, 1594744710.3450062, 1594744711.6346695, 1594744713.201414, 1594744714.4062462, 1594744722.970545, 1594744724.2103214, 1594744726.026719, 1594744727.1877563, 1594744735.8975778, 1594744736.9849632, 1594744738.3205774, 1594744739.4792662, 1594744748.395529, 1594744749.4597874, 1594744750.9268358, 1594744752.029646, 1594744760.8571978, 1594744761.8706782, 1594744763.5562496, 1594744764.7727447, 1594744773.4658089, 1594744774.659173, 1594744775.9125848, 1594744777.1079838, 1594744785.9053836, 1594744787.2237496, 1594744788.5013444, 1594744789.8479466],