{"initial_reset_timestamp": 1594743562.0574927, "timestamps": [1594743563.1122217, 1594743564.0989213, 1594743565.4278548, 1594743566.2719843, 1594743575.2569022, 1594743576.266317, 1594743577.347458, 1594743578.303954, 1594743586.7293153, 1594743587.7597249, 1594743588.9710822, 1594743589.9528131, 1594743598.3837028, 1594743599.491581, 1594743600.6774826, 1594743601.6107304, 1594743610.1833122, 1594743611.1029854, 1594743612.3501742, 1594743613.360234, 1594743621.8613935, 1594743622.9333482, 1594743624.215051, 1594743625.1430786, 1594743633.5881083, 1594743634.697718, 1594743635.9138958, 1594743636.9435291, 1594743645.5397143, 1594743646.5550325, 1594743647.5342047, 1594743648.5030239, 1594743657.331814, 1594743658.319718, 1594743659.6623402, 1594743660.796578, 1594743669.4203196, 1594743670.4405708, 1594743671.6922731, 1594743672.6962528, 1594743681.3388877, 1594743682.420695, 1594743683.562731, 1594743684.611157, 1594743693.202302, 1594743694.1555202, 1594743695.5198467, 1594743696.470546, 1594743705.294312, 1594743706.3441105, 1594743707.286182, 1594743708.3072019, 1594743717.1741307, 1594743718.0243, 1594743719.3585784, 1594743720.4796727, 1594743729.224758, 1594743730.3185692, 1594743731.4744627, 1594743732.6609979, 1594743741.1965058, 1594743742.1586962, 1594743743.5535276, 1594743744.7308643, 1594743753.1039836, 1594743754.2050858, 1594743755.6538162, 1594743756.8352585, 1594743765.5879688, 1594743766.5954995, 1594743767.7164035, 1594743768.8207443, 1594743777.4885418, 1594743778.5746944, 1594743779.9842873, 1594743781.12532, 1594743789.8168437, 1594743790.972172, 1594743792.4887393, 1594743793.4526017, 1594743801.908443, 1594743802.900641, 1594743804.372555, 1594743805.4837532, 1594743813.9558172, 1594743815.054116, 1594743816.2127647, 1594743817.1714728, 1594743826.2608821, 1594743827.4012117, 1594743828.7720401, 1594743829.8495238, 1594743838.3414125, 1594743839.446296, 1594743840.878085, 1594743841.8799415, 1594743850.3715231, 1594743851.4616387, 1594743852.8515596, 1594743853.8809674, 1594743862.7249594, 1594743863.7880611, 1594743865.0309858, 1594743866.2648456, 1594743874.6010354, 1594743875.5583155, 1594743877.3691487, 1594743878.424701, 1594743887.3793771, 1594743888.494191, 1594743889.6569955, 1594743890.6583781, 1594743899.55796, 1594743900.7320476, 1594743901.8961344, 1594743902.962838, 1594743911.6802676, 1594743912.8517785, 1594743914.1333091, 1594743915.2765543, 1594743924.2956681, 1594743925.396954, 1594743926.7840648, 1594743927.8825955, 1594743936.4406207, 1594743937.401355, 1594743939.0176144, 1594743940.056064, 1594743948.9199026, 1594743949.940651, 1594743951.3214185, 1594743952.4186125, 1594743960.9529111, 1594743961.993506, 1594743963.6103163, 1594743964.7073803, 1594743973.36968, 1594743974.5005426, 1594743975.7717113, 1594743977.0112627, 1594743985.6588347, 1594743986.584145, 1594743988.2017038, 1594743989.4289937, 1594743998.0235631, 1594743999.2274718, 1594744000.3687701, 1594744001.4432478, 1594744010.3024368, 1594744011.3713336, 1594744012.8611016, 1594744013.9608898, 1594744022.6444993, 1594744023.6241157, 1594744025.203602, 1594744026.402624, 1594744035.0076604, 1594744035.9895236, 1594744037.3889015, 1594744038.4321246, 1594744047.4498703, 1594744048.6092043, 1594744049.8388283, 1594744051.0764241, 1594744059.854419, 1594744060.9162471, 1594744062.204935, 1594744063.4530976, 1594744072.1240604, 1594744073.2704318, 1594744074.679505, 1594744075.818967, 1594744084.5240374, 1594744085.6413255, 1594744086.981978, 1594744088.017824, 1594744096.8831341, 1594744098.0510077, 1594744099.4281316, 1594744100.6125884, 1594744109.1138098, 1594744110.2698455, 1594744111.8282015, 1594744112.9044042, 1594744121.6104558, 1594744122.826531, 1594744124.2134151, 1594744125.5049508, 1594744134.135313, 1594744135.4671423, 1594744136.675109, 1594744137.802923, 1594744146.7379742, 1594744147.9592578, 1594744149.3740413, 1594744150.615776, 1594744159.119018, 1594744160.2941258, 1594744161.6537313, 1594744162.881203, 1594744171.5363398, 1594744172.7128794, 1594744174.0298035, 1594744175.2235847, 1594744184.0367296, 1594744185.2343326, 1594744186.4758527, 1594744187.6787152, 1594744196.2325222, 1594744197.4819639, 1594744198.9402754, 1594744200.0965734, 1594744208.6710775, 1594744209.8636134, 1594744211.4585938, 1594744212.6117458, 1594744221.1747785, 1594744222.2660565, 1594744223.700099, 1594744224.8049767, 1594744233.6193209, 1594744234.7160544, 1594744236.224998, 1594744237.3948, 1594744246.0898523, 1594744247.1484685, 1594744248.8368003, 1594744249.8657522, 1594744258.7055542, 1594744259.946756, 1594744261.3047383, 1594744262.4291275, 1594744271.1896372, 1594744272.4610515, 1594744273.8901238, 1594744275.016607, 1594744283.8105261, 1594744284.9623969, 1594744286.3957508, 1594744287.554147, 1594744296.2655654, 1594744297.5215623, 1594744298.613747, 1594744299.9313881, 1594744308.7349584, 1594744309.8765166, 1594744311.393277, 1594744312.7200625, 1594744321.4848745, 1594744322.6492505, 1594744323.8879228, 1594744325.1649761, 1594744333.9780009, 1594744335.0210662, 1594744336.3038726, 1594744337.4878607, 1594744345.9692528, 1594744347.1068006, 1594744348.9854307, 1594744350.1753, 1594744358.8129401, 1594744360.0894382, 1594744361.16054, 1594744362.422582, 1594744371.4434955, 1594744372.5041082, 1594744373.839433, 1594744374.971696, 1594744383.8798952, 1594744385.1460083, 1594744386.6777139, 1594744387.8054914, 1594744396.4504092, 1594744397.7387931, 1594744399.0671926, 1594744400.3570917, 1594744409.0948882, 1594744410.3955588, 1594744411.9251883, 1594744413.1453464, 1594744421.9414136, 1594744422.8847744, 1594744424.4913294, 1594744425.6069977, 1594744434.3111124, 1594744435.6260087, 1594744436.9813533, 1594744438.1664815, 1594744447.1250744, 1594744448.1920094, 1594744449.6547618, 1594744450.7948031, 1594744459.4131181, 1594744460.6258357, 1594744462.121773, 1594744463.257692, 1594744471.851614, 1594744473.0221312, 1594744474.428703, 1594744475.4893208, 1594744484.3237724, 1594744485.5641575, 1594744486.7803905, 1594744487.9480646, 1594744496.701117, 1594744497.8378017, 1594744499.3911476, 1594744500.6322222, 1594744509.3262825, 1594744510.303889, 1594744512.1799743, 1594744513.319122, 1594744522.019949, 1594744523.1383467, 1594744524.5615435, 1594744525.8094459, 1594744534.569488, 1594744535.7468877, 1594744536.8728464, 1594744538.07624, 1594744547.2172058, 1594744548.4306052, 1594744549.8564954, 1594744550.9658139, 1594744559.6712527, 1594744560.8416626, 1594744562.4162438, 1594744563.6350982, 1594744572.1963065, 1594744573.3888984, 1594744574.8737285, 1594744576.1248999, 1594744584.9440525, 1594744586.156229, 1594744587.3835402, 1594744588.4924607, 1594744597.4346578, 1594744598.4866714, 1594744599.9746354, 1594744601.1429906, 1594744609.7438095, 1594744610.9828649, 1594744612.5247407, 1594744613.7974868, 1594744622.3692474, 1594744623.5602021, 1594744625.06522, 1594744626.1726475, 1594744634.615633, 1594744635.9200358, 1594744637.3456924, 1594744638.646917, 1594744647.4247148, 1594744648.7385733, 1594744649.8736699, 1594744651.0574083, 1594744660.122753, 1594744661.3008835, 1594744662.5892243, 1594744663.775532, 1594744672.65965, 1594744673.8317444, 1594744675.3301394, 1594744676.4739294, 1594744685.5337849, 1594744686.7718263, 1594744687.8697743, 1594744689.0380237, 1594744698.0613644, 1594744699.1931763, 1594744700.3747075, 1594744701.5925004, 1594744710.4948235, 1594744711.7061284, 1594744713.2909691, 1594744714.522447, 1594744723.0006835, 1594744724.1471007, 1594744725.8623693, 1594744727.1378372, 1594744735.7752752, 1594744736.8927853, 1594744738.373247, 1594744739.6688712, 1594744748.4167976, 1594744749.4796095, 1594744751.09787, 1594744752.249851, 1594744760.8189023, 1594744762.0371945, 1594744763.3930986, 1594744764.6398265, 1594744773.4367714, 1594744774.6728592, 1594744776.0766354, 1594744777.2625804, 1594744786.0919557, 1594744787.261356, 1594744788.6628826, 1594744789.94328],