{"initial_reset_timestamp": 1594743562.0579734, "timestamps": [1594743563.0372744, 1594743564.0405846, 1594743565.232629, 1594743566.299475, 1594743575.2358756, 1594743576.2935631, 1594743577.3421361, 1594743578.2350094, 1594743586.6866183, 1594743587.7198884, 1594743589.0146334, 1594743590.0270514, 1594743598.4428306, 1594743599.4696584, 1594743600.6258936, 1594743601.6372705, 1594743610.0802786, 1594743611.181519, 1594743612.1549911, 1594743613.1642854, 1594743621.833207, 1594743622.7859566, 1594743623.9480963, 1594743624.9590325, 1594743633.6169145, 1594743634.413742, 1594743635.824905, 1594743636.7946844, 1594743645.3758228, 1594743646.4185405, 1594743647.6841402, 1594743648.6188564, 1594743657.3236666, 1594743658.3945549, 1594743659.7428434, 1594743660.7224975, 1594743669.4182036, 1594743670.45573, 1594743671.6529157, 1594743672.6645296, 1594743681.2245698, 1594743682.0965796, 1594743683.4677947, 1594743684.5642242, 1594743693.0741317, 1594743694.1384256, 1594743695.6695197, 1594743696.7250063, 1594743705.187473, 1594743706.2035382, 1594743707.4806595, 1594743708.437051, 1594743716.9420733, 1594743718.0150826, 1594743719.1980877, 1594743720.194739, 1594743728.9716713, 1594743729.9841707, 1594743731.5922363, 1594743732.6355681, 1594743741.1329029, 1594743742.0581725, 1594743743.5400667, 1594743744.67113, 1594743753.295841, 1594743754.1498015, 1594743755.5756807, 1594743756.6356018, 1594743765.4693563, 1594743766.5887268, 1594743767.740354, 1594743768.882638, 1594743777.4735036, 1594743778.5796726, 1594743779.9699364, 1594743781.0271616, 1594743789.753157, 1594743790.9154012, 1594743792.3137121, 1594743793.445955, 1594743801.9617593, 1594743803.1042178, 1594743804.4113727, 1594743805.53047, 1594743813.995737, 1594743815.0508573, 1594743816.440553, 1594743817.385055, 1594743826.2312376, 1594743827.3574967, 1594743828.6162176, 1594743829.7575812, 1594743838.3620696, 1594743839.555066, 1594743840.7352905, 1594743841.8576884, 1594743850.4868226, 1594743851.6142967, 1594743852.961309, 1594743854.0309005, 1594743862.5054162, 1594743863.6982634, 1594743865.0733995, 1594743866.1668074, 1594743874.8240297, 1594743875.9204197, 1594743877.2929072, 1594743878.4277225, 1594743887.0849466, 1594743888.1867259, 1594743889.6506848, 1594743890.705463, 1594743899.592366, 1594743900.6594517, 1594743901.894004, 1594743903.1590016, 1594743911.8742998, 1594743913.0023131, 1594743914.211418, 1594743915.3232574, 1594743924.2436025, 1594743925.2645924, 1594743926.7381337, 1594743927.8815246, 1594743936.641089, 1594743937.7545474, 1594743938.7803338, 1594743939.9604068, 1594743948.794529, 1594743949.8159623, 1594743951.3059397, 1594743952.5377784, 1594743961.0526905, 1594743962.1828218, 1594743963.4365096, 1594743964.5933683, 1594743973.2849858, 1594743974.5185423, 1594743975.8391855, 1594743976.948036, 1594743985.4657505, 1594743986.7254207, 1594743988.159948, 1594743989.2530718, 1594743997.842344, 1594743998.9699972, 1594744000.5068433, 1594744001.5887983, 1594744010.3279443, 1594744011.5588043, 1594744012.6286044, 1594744013.7803404, 1594744022.7429051, 1594744023.870988, 1594744025.1113238, 1594744026.2388966, 1594744034.9928844, 1594744036.1096215, 1594744037.4625244, 1594744038.683545, 1594744047.4019573, 1594744048.4424214, 1594744049.8973348, 1594744051.0508645, 1594744059.7214272, 1594744060.8285084, 1594744062.2608593, 1594744063.361624, 1594744072.138068, 1594744073.3347101, 1594744074.592473, 1594744075.8218052, 1594744084.5129416, 1594744085.6187344, 1594744086.9669771, 1594744088.2575781, 1594744096.5914223, 1594744097.8028846, 1594744099.2329633, 1594744100.4958239, 1594744109.269062, 1594744110.3967354, 1594744111.8897479, 1594744112.9911468, 1594744121.6499426, 1594744122.747501, 1594744124.2570696, 1594744125.4308507, 1594744133.9302316, 1594744135.1893716, 1594744136.6535258, 1594744137.7834542, 1594744146.6464453, 1594744147.7339344, 1594744149.2943099, 1594744150.484062, 1594744159.1293075, 1594744160.360805, 1594744161.7999024, 1594744162.9377987, 1594744171.6091278, 1594744172.7917123, 1594744174.114826, 1594744175.2037733, 1594744184.0310798, 1594744185.1648784, 1594744186.5148125, 1594744187.6956582, 1594744196.283753, 1594744197.3482232, 1594744198.916197, 1594744200.0846288, 1594744208.687212, 1594744209.7536914, 1594744211.3896148, 1594744212.4977481, 1594744221.2481668, 1594744222.3253284, 1594744223.742676, 1594744224.9851, 1594744233.8384688, 1594744234.8856769, 1594744236.306619, 1594744237.5360663, 1594744246.0870278, 1594744247.3748112, 1594744248.8947065, 1594744250.0348651, 1594744258.8442743, 1594744259.9215345, 1594744261.4152694, 1594744262.550983, 1594744271.292929, 1594744272.4451535, 1594744273.7935257, 1594744274.973842, 1594744283.7900007, 1594744284.8789866, 1594744286.319887, 1594744287.596859, 1594744296.2553875, 1594744297.3022358, 1594744298.7335265, 1594744299.9909883, 1594744308.824718, 1594744310.0080442, 1594744311.5079632, 1594744312.7193012, 1594744321.4452398, 1594744322.6546645, 1594744323.9793828, 1594744325.1935942, 1594744333.9683316, 1594744334.9957466, 1594744336.548849, 1594744337.6721897, 1594744346.0663576, 1594744347.2030966, 1594744348.9923637, 1594744350.0774684, 1594744358.9165006, 1594744359.840595, 1594744361.3169036, 1594744362.4494236, 1594744371.189304, 1594744372.0483596, 1594744373.8699307, 1594744375.2055953, 1594744383.8126273, 1594744385.1444197, 1594744386.4828618, 1594744387.7314765, 1594744396.3846402, 1594744397.6412864, 1594744399.2593672, 1594744400.2633922, 1594744409.0538626, 1594744410.2720284, 1594744411.846903, 1594744413.0750172, 1594744421.817836, 1594744423.0247972, 1594744424.4626915, 1594744425.6350293, 1594744434.3864582, 1594744435.4902542, 1594744436.6898189, 1594744437.885483, 1594744446.803649, 1594744448.087487, 1594744449.6235359, 1594744450.8069825, 1594744459.412116, 1594744460.5943713, 1594744462.028426, 1594744463.1849976, 1594744471.7119398, 1594744472.997535, 1594744474.1851904, 1594744475.4555538, 1594744484.293928, 1594744485.495066, 1594744486.9169705, 1594744488.015236, 1594744496.6366074, 1594744497.8657703, 1594744499.3086097, 1594744500.5853753, 1594744509.201674, 1594744510.3197165, 1594744511.9358432, 1594744513.153998, 1594744521.7549512, 1594744522.919441, 1594744524.7073126, 1594744525.8474214, 1594744534.4221225, 1594744535.7366757, 1594744537.0401947, 1594744538.2418318, 1594744547.0671294, 1594744548.350448, 1594744549.5058184, 1594744550.786507, 1594744559.5977654, 1594744560.7770398, 1594744562.2342825, 1594744563.3647964, 1594744572.3454537, 1594744573.4660003, 1594744574.9968405, 1594744576.0662148, 1594744584.9035494, 1594744586.1295948, 1594744587.7205806, 1594744588.774643, 1594744597.4509654, 1594744598.701691, 1594744599.9386415, 1594744601.2659428, 1594744609.718165, 1594744610.884803, 1594744612.3661304, 1594744613.6855986, 1594744622.3259082, 1594744623.5580938, 1594744624.9933717, 1594744626.2532823, 1594744634.730736, 1594744635.9188452, 1594744637.2938526, 1594744638.4537868, 1594744647.3195713, 1594744648.4778492, 1594744650.1370287, 1594744651.280008, 1594744659.8970647, 1594744660.9807749, 1594744662.760424, 1594744663.7405865, 1594744672.4815743, 1594744673.647491, 1594744675.202606, 1594744676.410162, 1594744685.282499, 1594744686.3132586, 1594744687.9189553, 1594744689.2433584, 1594744697.9336596, 1594744699.080486, 1594744700.4193048, 1594744701.6318192, 1594744710.4951098, 1594744711.6605468, 1594744713.2245598, 1594744714.3799908, 1594744722.9433584, 1594744723.91017, 1594744725.8435938, 1594744727.1638024, 1594744735.656822, 1594744736.8990011, 1594744738.6471543, 1594744739.6831975, 1594744748.3762176, 1594744749.4097476, 1594744751.0303323, 1594744752.1617393, 1594744760.9518986, 1594744761.9951558, 1594744763.2793357, 1594744764.4945383, 1594744773.454381, 1594744774.674676, 1594744775.8799021, 1594744777.2087722, 1594744786.129995, 1594744787.1448975, 1594744788.614919, 1594744789.9182518],