{"initial_reset_timestamp": 1594743562.057625, "timestamps": [1594743563.140046, 1594743564.0763586, 1594743565.275692, 1594743566.227849, 1594743575.1755676, 1594743576.1655445, 1594743577.2987483, 1594743578.307347, 1594743586.6869278, 1594743587.6822932, 1594743588.9931583, 1594743589.9185941, 1594743598.3621423, 1594743599.2767568, 1594743600.7371945, 1594743601.7933154, 1594743610.1940396, 1594743611.16432, 1594743612.2347329, 1594743613.260653, 1594743621.7859778, 1594743622.643057, 1594743623.8658252, 1594743624.8400233, 1594743633.6478913, 1594743634.708174, 1594743635.8417106, 1594743636.893701, 1594743645.3542101, 1594743646.3520129, 1594743647.7673438, 1594743648.734789, 1594743657.379867, 1594743658.4627402, 1594743659.6408405, 1594743660.6774132, 1594743669.3140082, 1594743670.1474319, 1594743671.6735537, 1594743672.6622436, 1594743681.3158917, 1594743682.2015257, 1594743683.4976907, 1594743684.6529272, 1594743693.1905587, 1594743694.3321614, 1594743695.554392, 1594743696.6045911, 1594743705.1670167, 1594743706.2795606, 1594743707.431464, 1594743708.463429, 1594743717.100256, 1594743718.1084855, 1594743719.361404, 1594743720.5065114, 1594743729.1734364, 1594743730.1602652, 1594743731.4865727, 1594743732.6304915, 1594743741.039069, 1594743742.1280134, 1594743743.740139, 1594743744.742899, 1594743753.4060698, 1594743754.3688178, 1594743755.7402563, 1594743756.774189, 1594743765.3454707, 1594743766.4844646, 1594743767.8487616, 1594743768.8891258, 1594743777.573027, 1594743778.654863, 1594743780.0074327, 1594743781.0600595, 1594743789.8476722, 1594743790.9865322, 1594743792.3968158, 1594743793.4547257, 1594743801.84169, 1594743802.8390613, 1594743804.1745687, 1594743805.3732257, 1594743813.9581332, 1594743814.9578657, 1594743816.3426647, 1594743817.3314831, 1594743826.2475407, 1594743827.3267262, 1594743828.7312713, 1594743829.8715541, 1594743838.505014, 1594743839.5476775, 1594743840.7173805, 1594743841.8010883, 1594743850.5565255, 1594743851.5172405, 1594743852.821302, 1594743854.036823, 1594743862.5583456, 1594743863.6778672, 1594743864.799781, 1594743865.9959965, 1594743874.714223, 1594743875.9127522, 1594743877.3800228, 1594743878.4210467, 1594743886.997671, 1594743888.057881, 1594743889.8195257, 1594743890.9524946, 1594743899.532342, 1594743900.5877771, 1594743901.9135141, 1594743903.0933347, 1594743911.8329558, 1594743912.9276617, 1594743914.3145957, 1594743915.3541987, 1594743924.056495, 1594743925.104625, 1594743926.603099, 1594743927.824582, 1594743936.3918116, 1594743937.6017025, 1594743938.872693, 1594743939.917065, 1594743948.613794, 1594743949.6462934, 1594743951.285782, 1594743952.4997315, 1594743961.1276867, 1594743962.1878092, 1594743963.456808, 1594743964.5465183, 1594743973.2702396, 1594743974.4107969, 1594743975.7420993, 1594743976.8289871, 1594743985.7050557, 1594743986.780643, 1594743988.1288228, 1594743989.2328453, 1594743998.1463013, 1594743999.247735, 1594744000.4439723, 1594744001.5648727, 1594744010.243274, 1594744011.3929334, 1594744012.7544653, 1594744013.8857503, 1594744022.6701577, 1594744023.7593358, 1594744025.326386, 1594744026.4525821, 1594744034.9878447, 1594744036.0800788, 1594744037.4253879, 1594744038.5545163, 1594744047.4063818, 1594744048.5025887, 1594744049.93895, 1594744051.1366472, 1594744059.789501, 1594744060.942752, 1594744062.331304, 1594744063.4639566, 1594744071.9809585, 1594744073.0719593, 1594744074.5457056, 1594744075.7159352, 1594744084.4785361, 1594744085.6398523, 1594744087.1002424, 1594744088.2007976, 1594744096.812701, 1594744097.900363, 1594744099.5197644, 1594744100.577632, 1594744109.101267, 1594744110.213878, 1594744111.6579003, 1594744112.8510976, 1594744121.5136533, 1594744122.799997, 1594744124.1300197, 1594744125.2528603, 1594744134.0684857, 1594744135.2171092, 1594744136.699007, 1594744137.9643133, 1594744146.7594666, 1594744147.92919, 1594744149.171932, 1594744150.4531937, 1594744159.1447308, 1594744160.2717242, 1594744161.571534, 1594744162.82941, 1594744171.6402485, 1594744172.7695315, 1594744173.91933, 1594744175.0621512, 1594744184.0375803, 1594744185.1955788, 1594744186.4510758, 1594744187.479381, 1594744196.257626, 1594744197.357382, 1594744198.7093196, 1594744199.6974633, 1594744208.6063635, 1594744209.7506928, 1594744211.1999178, 1594744212.4785154, 1594744221.2628393, 1594744222.42038, 1594744223.6933327, 1594744224.8595936, 1594744233.892292, 1594744234.9679422, 1594744236.2011716, 1594744237.353902, 1594744246.1755483, 1594744247.376913, 1594744249.0147855, 1594744250.1621506, 1594744258.6733603, 1594744259.7811332, 1594744261.3745544, 1594744262.3304448, 1594744271.1638708, 1594744272.335503, 1594744273.880693, 1594744274.8814197, 1594744283.9252617, 1594744285.097049, 1594744286.2777941, 1594744287.4665055, 1594744296.0803337, 1594744297.4999235, 1594744298.739534, 1594744299.8517034, 1594744308.7550058, 1594744309.9592657, 1594744311.4221025, 1594744312.7326777, 1594744321.5263052, 1594744322.5136044, 1594744324.0633395, 1594744324.986187, 1594744333.9246325, 1594744335.0537565, 1594744336.3503819, 1594744337.4221916, 1594744346.136574, 1594744347.2018347, 1594744348.9684267, 1594744350.1514742, 1594744358.7882702, 1594744360.0160153, 1594744361.3535366, 1594744362.4513881, 1594744371.2919219, 1594744372.3945715, 1594744373.9836574, 1594744375.1957865, 1594744383.9258423, 1594744385.0479841, 1594744386.5111248, 1594744387.6029274, 1594744396.4295292, 1594744397.6738915, 1594744399.1120236, 1594744400.2742603, 1594744409.2108219, 1594744410.2724097, 1594744411.8544366, 1594744413.056354, 1594744422.002011, 1594744423.10969, 1594744424.4313269, 1594744425.6942313, 1594744434.3199553, 1594744435.3555286, 1594744436.8727713, 1594744438.0619948, 1594744446.7523627, 1594744447.9766874, 1594744449.530176, 1594744450.7696686, 1594744459.3591824, 1594744460.6685681, 1594744462.1275501, 1594744463.2220457, 1594744471.815726, 1594744473.0029993, 1594744474.2851174, 1594744475.4204812, 1594744484.2095156, 1594744485.4242573, 1594744487.0233731, 1594744488.1129248, 1594744496.6985703, 1594744497.8683465, 1594744499.3101966, 1594744500.4517367, 1594744509.3731139, 1594744510.5440233, 1594744511.8325694, 1594744512.882932, 1594744521.8955834, 1594744523.1579416, 1594744524.5037642, 1594744525.6212513, 1594744534.502303, 1594744535.6994855, 1594744536.8823273, 1594744538.1383734, 1594744547.1117806, 1594744548.340921, 1594744549.8637626, 1594744551.0582771, 1594744559.5292702, 1594744560.6009526, 1594744562.4361038, 1594744563.575547, 1594744572.3365538, 1594744573.5593352, 1594744575.0158017, 1594744576.285978, 1594744584.9920661, 1594744586.067953, 1594744587.7275994, 1594744588.9269295, 1594744597.3193877, 1594744598.508972, 1594744599.8425426, 1594744601.0618923, 1594744609.7321732, 1594744610.9097383, 1594744612.4383264, 1594744613.6186779, 1594744622.499108, 1594744623.6665587, 1594744624.8678446, 1594744625.9551823, 1594744634.9331145, 1594744636.0633264, 1594744637.2907326, 1594744638.476747, 1594744647.4419825, 1594744648.7631397, 1594744650.079779, 1594744651.2001476, 1594744659.96041, 1594744661.1467905, 1594744662.7168932, 1594744663.9077694, 1594744672.6662035, 1594744673.7920802, 1594744675.2914343, 1594744676.5197809, 1594744685.3775382, 1594744686.6167448, 1594744688.1021395, 1594744689.2611856, 1594744697.9960818, 1594744699.1905653, 1594744700.4923298, 1594744701.7167192, 1594744710.4235253, 1594744711.6963394, 1594744713.3274534, 1594744714.471195, 1594744723.0026076, 1594744724.2272124, 1594744725.855995, 1594744727.0764508, 1594744735.6564429, 1594744736.846864, 1594744738.2999685, 1594744739.5620182, 1594744748.5646162, 1594744749.7221656, 1594744750.864639, 1594744752.0454812, 1594744760.7863235, 1594744762.0384953, 1594744763.3670115, 1594744764.454591, 1594744773.1710124, 1594744774.389031, 1594744776.0628755, 1594744777.2179945, 1594744786.0241368, 1594744787.3439853, 1594744788.7772284, 1594744789.849092],