{"initial_reset_timestamp": 1594742415.1932762, "timestamps": [1594742415.9929934, 1594742416.6384442, 1594742417.552471, 1594742418.2262468, 1594742426.7672443, 1594742427.5250978, 1594742428.340269, 1594742428.9692664, 1594742436.9153466, 1594742437.627164, 1594742438.5079916, 1594742439.3065178, 1594742447.2102244, 1594742447.9287994, 1594742448.9531975, 1594742449.687692, 1594742457.421655, 1594742458.237822, 1594742459.1520638, 1594742459.931939, 1594742467.7807577, 1594742468.5568576, 1594742469.5421677, 1594742470.294395, 1594742478.046976, 1594742478.8857648, 1594742479.9506755, 1594742480.7374396, 1594742488.675774, 1594742489.5021808, 1594742490.342365, 1594742491.1760333, 1594742499.1457446, 1594742499.9202192, 1594742501.018016, 1594742501.8340855, 1594742509.5272722, 1594742510.31027, 1594742511.6789463, 1594742512.4057915, 1594742520.2984746, 1594742521.1384363, 1594742522.0877442, 1594742522.9223871, 1594742530.8607814, 1594742531.720539, 1594742532.5867643, 1594742533.5238123, 1594742541.7166853, 1594742542.54969, 1594742543.6360958, 1594742544.4389725, 1594742552.536751, 1594742553.284232, 1594742554.3221917, 1594742555.1394088, 1594742562.9996393, 1594742563.8338232, 1594742564.6697612, 1594742565.5958254, 1594742573.6313007, 1594742574.5148957, 1594742575.6810398, 1594742576.5590458, 1594742584.4037018, 1594742585.2250624, 1594742586.376863, 1594742587.1878352, 1594742594.8996508, 1594742595.7040763, 1594742597.1236248, 1594742597.955229, 1594742605.86122, 1594742606.6740863, 1594742607.5735276, 1594742608.4389384, 1594742616.3840919, 1594742617.1348786, 1594742618.3297353, 1594742619.2078466, 1594742627.1394596, 1594742627.9318666, 1594742629.2276254, 1594742630.1115775, 1594742638.1041079, 1594742638.93083, 1594742639.9359431, 1594742640.781972, 1594742648.6711373, 1594742649.4739223, 1594742650.7074404, 1594742651.5151532, 1594742659.5113995, 1594742660.423757, 1594742661.4810252, 1594742662.3542821, 1594742670.1191318, 1594742671.1362562, 1594742672.3555243, 1594742673.202865, 1594742680.9716856, 1594742681.9519694, 1594742682.9170837, 1594742683.8698926, 1594742691.8536742, 1594742692.697498, 1594742693.6575272, 1594742694.471812, 1594742702.3867095, 1594742703.2588556, 1594742704.275414, 1594742705.0725446, 1594742713.2667274, 1594742714.075612, 1594742715.4240417, 1594742716.2087748, 1594742724.0495703, 1594742724.9832032, 1594742726.1409895, 1594742727.039448, 1594742734.8254297, 1594742735.7978504, 1594742736.7578974, 1594742737.6182988, 1594742745.5708277, 1594742746.3461905, 1594742747.6987617, 1594742748.5060616, 1594742756.6004434, 1594742757.5053163, 1594742758.51114, 1594742759.4232428, 1594742767.3526618, 1594742768.2435198, 1594742769.3481731, 1594742770.225568, 1594742778.3759253, 1594742779.2808118, 1594742780.2288167, 1594742781.104004, 1594742789.0711398, 1594742789.9301426, 1594742791.1760352, 1594742792.0837407, 1594742800.0942602, 1594742800.9829683, 1594742802.0254292, 1594742802.995666, 1594742811.0800533, 1594742811.9995818, 1594742812.976538, 1594742813.778067, 1594742822.102904, 1594742822.928052, 1594742823.9855945, 1594742824.7969358, 1594742833.0320427, 1594742833.8410714, 1594742834.8866353, 1594742835.7618876, 1594742843.655859, 1594742844.4814637, 1594742845.7570908, 1594742846.5843744, 1594742854.6503165, 1594742855.469877, 1594742856.4528155, 1594742857.3572245, 1594742865.43551, 1594742866.2894287, 1594742867.4669702, 1594742868.4536035, 1594742876.3045146, 1594742877.2175748, 1594742878.4848027, 1594742879.3867898, 1594742887.2994258, 1594742888.1413057, 1594742889.1079402, 1594742890.0252764, 1594742898.2171118, 1594742899.174834, 1594742900.2194233, 1594742901.1447847, 1594742909.0944486, 1594742910.0179837, 1594742910.9824576, 1594742911.7340636, 1594742919.773472, 1594742920.6605227, 1594742921.965803, 1594742922.9555337, 1594742930.8680956, 1594742931.8626902, 1594742932.758989, 1594742933.7395163, 1594742941.8059428, 1594742942.7144804, 1594742943.7892468, 1594742944.7358572, 1594742952.6992176, 1594742953.5513608, 1594742954.6850388, 1594742955.4308534, 1594742963.7045622, 1594742964.6130714, 1594742965.766505, 1594742966.698075, 1594742974.4790895, 1594742975.4427197, 1594742976.6614952, 1594742977.5595195, 1594742985.7648828, 1594742986.6400394, 1594742987.6481235, 1594742988.4893436, 1594742996.4717734, 1594742997.4104, 1594742998.5115237, 1594742999.355402, 1594743007.534046, 1594743008.4470296, 1594743009.4865782, 1594743010.455449, 1594743018.6026058, 1594743019.4831152, 1594743020.461767, 1594743021.3980565, 1594743029.3882747, 1594743030.2173483, 1594743031.32967, 1594743032.220345, 1594743040.3196304, 1594743041.2370667, 1594743042.556152, 1594743043.341208, 1594743051.1743777, 1594743052.057739, 1594743053.2951186, 1594743054.2319708, 1594743062.076808, 1594743063.009678, 1594743064.057421, 1594743064.961848, 1594743073.0395613, 1594743073.8743486, 1594743075.017812, 1594743075.9257545, 1594743083.9261203, 1594743084.8562136, 1594743086.2303271, 1594743087.1031199, 1594743094.9595425, 1594743095.8756642, 1594743097.0243044, 1594743097.89586, 1594743105.8975918, 1594743106.8572378, 1594743107.9844785, 1594743108.8846338, 1594743116.652877, 1594743117.5429573, 1594743118.9428203, 1594743119.7629561, 1594743127.660648, 1594743128.5121956, 1594743129.4818685, 1594743130.3026085, 1594743138.7217338, 1594743139.5529385, 1594743140.7331438, 1594743141.6568396, 1594743149.5704253, 1594743150.562853, 1594743151.5571165, 1594743152.4683552, 1594743160.49257, 1594743161.3814352, 1594743162.7496054, 1594743163.6404572, 1594743171.5153918, 1594743172.3497262, 1594743173.5039115, 1594743174.5170624, 1594743182.52173, 1594743183.486039, 1594743184.5800908, 1594743185.5001698, 1594743193.411824, 1594743194.2902093, 1594743195.6366494, 1594743196.4966078, 1594743204.2811213, 1594743205.1160688, 1594743206.3431945, 1594743207.247236, 1594743215.243787, 1594743216.155864, 1594743217.4374964, 1594743218.303133, 1594743226.5376933, 1594743227.4679842, 1594743228.6981344, 1594743229.5700767, 1594743237.4288175, 1594743238.3807468, 1594743239.5250885, 1594743240.437874, 1594743248.3011754, 1594743249.2447464, 1594743250.403697, 1594743251.2100382, 1594743259.4270384, 1594743260.348798, 1594743261.369732, 1594743262.2806902, 1594743270.3761816, 1594743271.251366, 1594743272.2592926, 1594743273.1320906, 1594743281.0490565, 1594743281.9323275, 1594743283.328703, 1594743284.2182815, 1594743292.1461601, 1594743292.9985251, 1594743294.2164352, 1594743295.1334167, 1594743302.8506868, 1594743303.7481081, 1594743304.9628878, 1594743305.901234, 1594743313.7774134, 1594743314.7308166, 1594743315.895591, 1594743316.8066127, 1594743324.8351138, 1594743325.7018292, 1594743326.8366628, 1594743327.7641425, 1594743335.656796, 1594743336.5864727, 1594743337.7288337, 1594743338.5722384, 1594743346.6058795, 1594743347.5769598, 1594743348.5557704, 1594743349.631925, 1594743357.6139798, 1594743358.5861979, 1594743359.8236692, 1594743360.850967, 1594743368.6728282, 1594743369.6553113, 1594743370.7677584, 1594743371.7427819, 1594743379.7046723, 1594743380.4430735, 1594743381.8072548, 1594743382.7175367, 1594743390.7945166, 1594743391.7465107, 1594743392.7866015, 1594743393.6327486, 1594743401.5063066, 1594743402.5236008, 1594743403.6592207, 1594743404.5112996, 1594743412.495387, 1594743413.4143865, 1594743414.4648716, 1594743415.292261, 1594743423.3407536, 1594743424.3701656, 1594743425.4473674, 1594743426.3386388, 1594743434.4089463, 1594743435.211786, 1594743436.3640323, 1594743437.3425207, 1594743445.3722565, 1594743446.1771166, 1594743447.2647629, 1594743448.1529117, 1594743456.2099183, 1594743457.167254, 1594743458.128802, 1594743459.0623655, 1594743467.4303906, 1594743468.225509, 1594743469.2419002, 1594743470.16786, 1594743478.1348884, 1594743479.0714593, 1594743480.165342, 1594743481.0771592, 1594743488.942379, 1594743489.992536, 1594743491.163733, 1594743491.9092715],