{"initial_reset_timestamp": 1594742415.1945517, "timestamps": [1594742415.9743466, 1594742416.754291, 1594742417.6281357, 1594742418.3332007, 1594742426.7019763, 1594742427.491811, 1594742428.3503811, 1594742429.0442922, 1594742436.89878, 1594742437.7074645, 1594742438.5996864, 1594742439.3525188, 1594742447.1055307, 1594742447.8424385, 1594742448.832339, 1594742449.6105855, 1594742457.420311, 1594742458.2675672, 1594742459.14739, 1594742459.870608, 1594742467.6986244, 1594742468.5584445, 1594742469.3389742, 1594742470.1412644, 1594742478.1902642, 1594742478.9938865, 1594742479.9568717, 1594742480.7766292, 1594742488.629764, 1594742489.5553052, 1594742490.470624, 1594742491.2453375, 1594742499.189772, 1594742499.9648423, 1594742500.9169903, 1594742501.835008, 1594742509.6011114, 1594742510.43652, 1594742511.6182206, 1594742512.499201, 1594742520.2914877, 1594742521.0337205, 1594742522.2211049, 1594742523.0446854, 1594742530.76315, 1594742531.662905, 1594742532.6664839, 1594742533.5926743, 1594742541.495622, 1594742542.4421105, 1594742543.6706731, 1594742544.5031316, 1594742552.4659355, 1594742553.2929747, 1594742554.2508247, 1594742555.034003, 1594742562.873517, 1594742563.7202053, 1594742564.9144154, 1594742565.707455, 1594742573.664424, 1594742574.4897482, 1594742575.6097236, 1594742576.4623427, 1594742584.3221154, 1594742585.2828734, 1594742586.448291, 1594742587.2977817, 1594742595.142669, 1594742595.945484, 1594742597.0267658, 1594742597.874301, 1594742605.681189, 1594742606.6895103, 1594742607.6258729, 1594742608.5709243, 1594742616.475476, 1594742617.3056588, 1594742618.2620952, 1594742619.233643, 1594742627.1451814, 1594742628.047244, 1594742629.1455588, 1594742629.9909327, 1594742637.9671633, 1594742638.894202, 1594742639.7810454, 1594742640.7009072, 1594742648.6322703, 1594742649.5434787, 1594742650.6160774, 1594742651.359977, 1594742659.4996326, 1594742660.3671455, 1594742661.5563571, 1594742662.384917, 1594742670.1500566, 1594742670.9740906, 1594742672.222316, 1594742673.090256, 1594742680.9476302, 1594742681.8767133, 1594742682.8977354, 1594742683.7181072, 1594742691.8467836, 1594742692.6375074, 1594742693.681439, 1594742694.4989588, 1594742702.4798212, 1594742703.3254032, 1594742704.4049056, 1594742705.2563016, 1594742713.3017414, 1594742714.1425953, 1594742715.425442, 1594742716.268854, 1594742724.0929828, 1594742725.1018083, 1594742726.065693, 1594742726.954171, 1594742734.8654618, 1594742735.669349, 1594742736.7330735, 1594742737.5457413, 1594742745.6394153, 1594742746.5015316, 1594742747.8382318, 1594742748.723073, 1594742756.505891, 1594742757.504099, 1594742758.5323467, 1594742759.4765527, 1594742767.5205514, 1594742768.342359, 1594742769.4539137, 1594742770.3636658, 1594742778.3752387, 1594742779.330393, 1594742780.2787998, 1594742781.28755, 1594742789.1265538, 1594742790.0697443, 1594742790.9962668, 1594742791.8971353, 1594742800.0740783, 1594742800.92019, 1594742801.9555154, 1594742802.8335905, 1594742810.8918703, 1594742811.9292793, 1594742812.9863286, 1594742813.9795077, 1594742822.0126643, 1594742822.8848937, 1594742824.0945606, 1594742824.9367151, 1594742833.0002806, 1594742833.8256104, 1594742834.8475063, 1594742835.7349746, 1594742843.6981401, 1594742844.5936744, 1594742845.6888528, 1594742846.5958707, 1594742854.4745731, 1594742855.3786848, 1594742856.5525625, 1594742857.4907622, 1594742865.1812344, 1594742866.113854, 1594742867.5242496, 1594742868.4295752, 1594742876.2573, 1594742877.2453356, 1594742878.2104034, 1594742879.1566374, 1594742887.3328078, 1594742888.2431917, 1594742889.2613773, 1594742890.1640015, 1594742898.2921436, 1594742899.1642053, 1594742900.291367, 1594742901.127145, 1594742909.0026798, 1594742909.906312, 1594742910.988913, 1594742911.8502786, 1594742919.9783056, 1594742920.8831682, 1594742921.857602, 1594742922.7005236, 1594742930.896422, 1594742931.8032787, 1594742932.878119, 1594742933.7193265, 1594742941.6347685, 1594742942.5845528, 1594742943.6790078, 1594742944.6443713, 1594742952.6377962, 1594742953.5744514, 1594742954.9416509, 1594742955.8388605, 1594742963.8594847, 1594742964.683229, 1594742965.8045208, 1594742966.6642768, 1594742974.505411, 1594742975.4488292, 1594742976.453728, 1594742977.2200046, 1594742985.5399623, 1594742986.4403677, 1594742987.7379997, 1594742988.6163318, 1594742996.566905, 1594742997.4836824, 1594742998.5146158, 1594742999.3664975, 1594743007.2676153, 1594743008.1762087, 1594743009.5036273, 1594743010.4268994, 1594743018.5974667, 1594743019.4567823, 1594743020.5603337, 1594743021.501861, 1594743029.3808043, 1594743030.3429024, 1594743031.37924, 1594743032.3633165, 1594743040.340349, 1594743041.30329, 1594743042.4278405, 1594743043.3078785, 1594743051.263396, 1594743052.066939, 1594743053.1523333, 1594743054.142381, 1594743062.1677527, 1594743063.080014, 1594743064.076931, 1594743064.994976, 1594743072.9246495, 1594743073.8425355, 1594743075.0078802, 1594743075.7448325, 1594743084.1170948, 1594743085.0255098, 1594743085.9835188, 1594743086.7827501, 1594743094.9212549, 1594743095.9469242, 1594743096.9189236, 1594743097.8653123, 1594743106.0054147, 1594743106.8886597, 1594743108.0044239, 1594743108.8779051, 1594743116.879658, 1594743117.79906, 1594743118.770368, 1594743119.7758658, 1594743127.681734, 1594743128.622366, 1594743129.588386, 1594743130.53785, 1594743138.6427372, 1594743139.5217934, 1594743140.6084664, 1594743141.5801156, 1594743149.4875576, 1594743150.438201, 1594743151.6610456, 1594743152.527758, 1594743160.6041307, 1594743161.3373227, 1594743162.7254739, 1594743163.656664, 1594743171.6703851, 1594743172.561106, 1594743173.579434, 1594743174.498728, 1594743182.5238712, 1594743183.4478803, 1594743184.4124875, 1594743185.3741438, 1594743193.4492857, 1594743194.3465183, 1594743195.4703314, 1594743196.3856301, 1594743204.5100923, 1594743205.3771496, 1594743206.451351, 1594743207.4461598, 1594743215.492772, 1594743216.4408908, 1594743217.254785, 1594743218.0126069, 1594743226.6793518, 1594743227.4820771, 1594743228.5760167, 1594743229.4237237, 1594743237.432297, 1594743238.3588502, 1594743239.5954401, 1594743240.5144875, 1594743248.347446, 1594743249.2649024, 1594743250.3675075, 1594743251.2203844, 1594743259.3824453, 1594743260.1399794, 1594743261.4692242, 1594743262.4129744, 1594743270.4254644, 1594743271.2385764, 1594743272.3726587, 1594743273.327963, 1594743281.1503725, 1594743282.058859, 1594743283.2776632, 1594743284.2891288, 1594743292.1914327, 1594743293.1400826, 1594743294.2389345, 1594743295.0793464, 1594743303.0106773, 1594743303.9063065, 1594743304.9704516, 1594743305.9113765, 1594743313.9452436, 1594743314.7970622, 1594743315.779582, 1594743316.8213398, 1594743324.8112447, 1594743325.6912162, 1594743326.6795673, 1594743327.5690575, 1594743335.6460698, 1594743336.5375576, 1594743337.7398255, 1594743338.7005587, 1594743346.6422899, 1594743347.6289449, 1594743348.888151, 1594743349.734502, 1594743357.730515, 1594743358.5730636, 1594743359.743915, 1594743360.6566048, 1594743368.878084, 1594743369.8340108, 1594743370.8799958, 1594743371.8441932, 1594743379.9878185, 1594743380.8261304, 1594743381.5331647, 1594743382.3812807, 1594743390.6661162, 1594743391.5497818, 1594743392.8966901, 1594743393.7109094, 1594743401.4736032, 1594743402.4323146, 1594743403.4899805, 1594743404.5851636, 1594743412.5581462, 1594743413.45264, 1594743414.4550953, 1594743415.3083408, 1594743423.3432288, 1594743424.360093, 1594743425.4012787, 1594743426.3239114, 1594743434.2242217, 1594743435.1741593, 1594743436.4259336, 1594743437.3935893, 1594743445.1463926, 1594743445.9921505, 1594743447.4438543, 1594743448.2536376, 1594743456.345302, 1594743457.2081902, 1594743458.084657, 1594743458.9258816, 1594743467.2465856, 1594743468.1780696, 1594743469.2412298, 1594743470.1936228, 1594743478.0743873, 1594743478.9889636, 1594743480.2308695, 1594743481.1363184, 1594743489.0438848, 1594743490.010946, 1594743491.1507452, 1594743492.0242064],