{"initial_reset_timestamp": 1594742415.193004, "timestamps": [1594742416.0280755, 1594742416.755819, 1594742417.6189704, 1594742418.3208487, 1594742426.6827855, 1594742427.5055692, 1594742428.346472, 1594742429.115894, 1594742436.9313352, 1594742437.6971753, 1594742438.399073, 1594742439.22334, 1594742447.1612391, 1594742447.9923418, 1594742448.8777719, 1594742449.6359677, 1594742457.405084, 1594742458.156715, 1594742459.1961432, 1594742459.8912592, 1594742467.624164, 1594742468.468676, 1594742469.450266, 1594742470.234074, 1594742478.0307627, 1594742478.8452826, 1594742480.037077, 1594742480.7840245, 1594742488.765638, 1594742489.5627089, 1594742490.4852352, 1594742491.3450632, 1594742499.1571414, 1594742499.9346995, 1594742501.0205002, 1594742501.822104, 1594742509.7064667, 1594742510.5479167, 1594742511.5925055, 1594742512.3767235, 1594742520.2534082, 1594742521.0359974, 1594742522.1737754, 1594742522.9268548, 1594742530.7996936, 1594742531.742409, 1594742532.9057698, 1594742533.7200825, 1594742541.6686442, 1594742542.513579, 1594742543.6497226, 1594742544.5517516, 1594742552.473639, 1594742553.2574487, 1594742554.2550914, 1594742555.1582716, 1594742562.983537, 1594742563.8509157, 1594742564.937546, 1594742565.8023226, 1594742573.7559872, 1594742574.6016881, 1594742575.6091855, 1594742576.4745152, 1594742584.4551334, 1594742585.375057, 1594742586.3513627, 1594742587.2860546, 1594742595.0555062, 1594742595.9784396, 1594742597.0744112, 1594742597.9644983, 1594742605.8223577, 1594742606.6270344, 1594742607.7088277, 1594742608.5815413, 1594742616.311355, 1594742617.1918428, 1594742618.4388773, 1594742619.3374684, 1594742627.1950142, 1594742628.0591066, 1594742629.1122518, 1594742629.9298902, 1594742637.909437, 1594742638.832802, 1594742639.8617244, 1594742640.5823174, 1594742648.7838209, 1594742649.6976678, 1594742650.5329175, 1594742651.5122578, 1594742659.6643596, 1594742660.4969633, 1594742661.484707, 1594742662.17885, 1594742670.2608297, 1594742671.1633239, 1594742672.0234287, 1594742672.8195965, 1594742681.009156, 1594742681.9233131, 1594742682.8469176, 1594742683.804126, 1594742691.882815, 1594742692.7150269, 1594742693.6986792, 1594742694.5249047, 1594742702.4810188, 1594742703.3279524, 1594742704.5775142, 1594742705.4427845, 1594742713.2556963, 1594742714.0521111, 1594742715.2319984, 1594742716.083655, 1594742724.115309, 1594742725.0134559, 1594742726.100095, 1594742727.005161, 1594742735.000447, 1594742735.8601036, 1594742736.7350605, 1594742737.7148721, 1594742745.7192605, 1594742746.6274705, 1594742747.714078, 1594742748.5786088, 1594742756.42893, 1594742757.29116, 1594742758.5967453, 1594742759.3678486, 1594742767.4589152, 1594742768.276197, 1594742769.3974507, 1594742770.2452278, 1594742778.3357797, 1594742779.2096796, 1594742780.3433375, 1594742781.2236238, 1594742789.0098004, 1594742789.910228, 1594742791.0558238, 1594742791.9828446, 1594742800.1836412, 1594742801.0608528, 1594742802.0084596, 1594742802.9367847, 1594742811.1985595, 1594742812.113217, 1594742813.0914555, 1594742814.0265357, 1594742822.0043483, 1594742822.9726362, 1594742824.1002965, 1594742824.9657283, 1594742832.8686993, 1594742833.707817, 1594742834.952453, 1594742835.8268192, 1594742843.7253053, 1594742844.7005272, 1594742845.717824, 1594742846.634624, 1594742854.4341028, 1594742855.4124646, 1594742856.5540452, 1594742857.4064922, 1594742865.374538, 1594742866.2688258, 1594742867.474681, 1594742868.3788188, 1594742876.5209382, 1594742877.3720574, 1594742878.2415528, 1594742879.2472966, 1594742887.4310093, 1594742888.314904, 1594742889.3497026, 1594742890.2246447, 1594742898.3129666, 1594742899.1627896, 1594742900.2804718, 1594742901.2465, 1594742909.1236498, 1594742909.9082363, 1594742911.0738337, 1594742911.9883714, 1594742919.9048347, 1594742920.7896256, 1594742921.9438515, 1594742922.886617, 1594742930.9289808, 1594742931.8634992, 1594742932.912703, 1594742933.791668, 1594742941.7415047, 1594742942.734349, 1594742943.7777603, 1594742944.625734, 1594742952.716522, 1594742953.573005, 1594742954.8818285, 1594742955.705594, 1594742963.5847206, 1594742964.4491775, 1594742965.6212142, 1594742966.408784, 1594742974.6187968, 1594742975.4927979, 1594742976.5743532, 1594742977.5119274, 1594742985.5677636, 1594742986.5076683, 1594742987.675586, 1594742988.4974236, 1594742996.654344, 1594742997.503955, 1594742998.6084383, 1594742999.5519717, 1594743007.4423466, 1594743008.2924645, 1594743009.4613233, 1594743010.3185077, 1594743018.4110372, 1594743019.3820999, 1594743020.51371, 1594743021.496354, 1594743029.3573916, 1594743030.1969728, 1594743031.3351946, 1594743032.3556693, 1594743040.2931027, 1594743041.129537, 1594743042.371478, 1594743043.2737253, 1594743051.3364599, 1594743052.2297614, 1594743053.2253115, 1594743054.1984377, 1594743062.2476227, 1594743063.0046554, 1594743064.1004636, 1594743065.0587103, 1594743072.9709837, 1594743073.803046, 1594743075.067946, 1594743076.091503, 1594743083.9500828, 1594743084.796106, 1594743086.1763043, 1594743087.0142064, 1594743094.873985, 1594743095.8517652, 1594743096.949225, 1594743097.8873851, 1594743105.9355457, 1594743106.8383372, 1594743107.9527917, 1594743108.8975945, 1594743116.9014707, 1594743117.8527024, 1594743118.8600678, 1594743119.7217894, 1594743127.7596211, 1594743128.6939733, 1594743129.699237, 1594743130.5988193, 1594743138.734118, 1594743139.5756445, 1594743140.782773, 1594743141.578223, 1594743149.559544, 1594743150.5066586, 1594743151.6574256, 1594743152.5882685, 1594743160.3132126, 1594743161.2535484, 1594743162.646887, 1594743163.5711331, 1594743171.607108, 1594743172.5715463, 1594743173.5777638, 1594743174.5013492, 1594743182.402588, 1594743183.3143744, 1594743184.644301, 1594743185.426606, 1594743193.4784582, 1594743194.3956513, 1594743195.4579148, 1594743196.4242895, 1594743204.278628, 1594743205.289386, 1594743206.3369882, 1594743207.2548468, 1594743215.3890564, 1594743216.338625, 1594743217.273535, 1594743218.2205896, 1594743226.6397347, 1594743227.5206184, 1594743228.6031215, 1594743229.4815888, 1594743237.3167298, 1594743238.2085524, 1594743239.4140866, 1594743240.3259115, 1594743248.383526, 1594743249.2874181, 1594743250.3487308, 1594743251.2855392, 1594743259.5312498, 1594743260.4403467, 1594743261.5526915, 1594743262.428356, 1594743270.401408, 1594743271.268173, 1594743272.2955453, 1594743273.2076015, 1594743281.2326694, 1594743282.11351, 1594743283.4105058, 1594743284.212293, 1594743292.1432688, 1594743293.1726527, 1594743294.1457965, 1594743295.1438153, 1594743302.9895039, 1594743303.8858418, 1594743304.926977, 1594743305.860831, 1594743313.8032558, 1594743314.6714816, 1594743315.89037, 1594743316.8205376, 1594743324.7920299, 1594743325.7167752, 1594743326.7783427, 1594743327.6501007, 1594743335.6201952, 1594743336.534535, 1594743337.8081682, 1594743338.6151044, 1594743346.8973792, 1594743347.6861606, 1594743348.6733618, 1594743349.7364702, 1594743357.6846654, 1594743358.6201959, 1594743359.8444061, 1594743360.7477798, 1594743368.9591095, 1594743369.7148247, 1594743370.7713497, 1594743371.5559633, 1594743379.8441088, 1594743380.7692807, 1594743381.8875172, 1594743382.7368515, 1594743390.6906815, 1594743391.6584578, 1594743392.7700558, 1594743393.6613858, 1594743401.5599735, 1594743402.5293698, 1594743403.587258, 1594743404.6427746, 1594743412.4533179, 1594743413.3940544, 1594743414.5930457, 1594743415.4725676, 1594743423.273463, 1594743424.2376375, 1594743425.5117817, 1594743426.3780823, 1594743434.4414902, 1594743435.3381317, 1594743436.3306785, 1594743437.3063414, 1594743445.443638, 1594743446.378747, 1594743447.280914, 1594743448.2896075, 1594743456.0586064, 1594743456.9130034, 1594743458.2378345, 1594743459.1874864, 1594743467.1272588, 1594743467.9977338, 1594743469.3532565, 1594743470.3061326, 1594743478.1455178, 1594743479.0944173, 1594743480.2475955, 1594743481.204618, 1594743489.2739344, 1594743490.1772234, 1594743491.0805035, 1594743492.141176],