{"initial_reset_timestamp": 1594742415.1949487, "timestamps": [1594742415.9604526, 1594742416.6837966, 1594742417.5345862, 1594742418.2490187, 1594742426.8122578, 1594742427.523241, 1594742428.472472, 1594742429.2369335, 1594742436.9816175, 1594742437.7770882, 1594742438.6859303, 1594742439.4561243, 1594742447.061154, 1594742447.857912, 1594742448.780375, 1594742449.5605228, 1594742457.4295242, 1594742458.237282, 1594742459.1692424, 1594742459.9314024, 1594742467.7834775, 1594742468.556708, 1594742469.4834056, 1594742470.2572153, 1594742478.0754473, 1594742478.8203292, 1594742479.9809523, 1594742480.7254426, 1594742488.5719671, 1594742489.4005072, 1594742490.3397107, 1594742491.127322, 1594742499.1486437, 1594742500.0832713, 1594742501.0603652, 1594742501.8618684, 1594742509.6328533, 1594742510.4713008, 1594742511.525743, 1594742512.3336358, 1594742520.2726474, 1594742521.1156359, 1594742522.1617496, 1594742522.975035, 1594742530.8611755, 1594742531.6525505, 1594742532.7074428, 1594742533.6248307, 1594742541.753675, 1594742542.5266318, 1594742543.615216, 1594742544.3866365, 1594742552.414916, 1594742553.2961416, 1594742554.3079576, 1594742555.0704722, 1594742562.8645587, 1594742563.7832634, 1594742564.9469495, 1594742565.8015492, 1594742573.6706033, 1594742574.6454315, 1594742575.66893, 1594742576.5296195, 1594742584.4113798, 1594742585.265483, 1594742586.3335288, 1594742587.1683755, 1594742595.0111718, 1594742595.9525864, 1594742597.0676823, 1594742597.9615202, 1594742605.771638, 1594742606.716147, 1594742607.7658653, 1594742608.5771036, 1594742616.3525035, 1594742617.2328963, 1594742618.313202, 1594742619.1553872, 1594742627.2336392, 1594742628.0448408, 1594742629.2140665, 1594742630.0071352, 1594742637.9248285, 1594742638.7739763, 1594742639.8192272, 1594742640.7270956, 1594742648.7231045, 1594742649.5491598, 1594742650.699939, 1594742651.5514338, 1594742659.5303473, 1594742660.3496623, 1594742661.3374434, 1594742662.159662, 1594742670.1144106, 1594742671.140034, 1594742672.0456262, 1594742672.953461, 1594742680.9043875, 1594742681.589657, 1594742682.8844144, 1594742683.6883116, 1594742691.6297688, 1594742692.5862787, 1594742693.6942213, 1594742694.4538238, 1594742702.4144213, 1594742703.283233, 1594742704.364249, 1594742705.3269951, 1594742713.205449, 1594742714.0030355, 1594742715.281524, 1594742716.0624826, 1594742724.0461037, 1594742724.9041219, 1594742726.0280726, 1594742726.9604356, 1594742734.8721187, 1594742735.6458871, 1594742736.8805685, 1594742737.776235, 1594742745.5635757, 1594742746.4814932, 1594742747.6907208, 1594742748.464256, 1594742756.5970757, 1594742757.53566, 1594742758.5549793, 1594742759.4133399, 1594742767.309196, 1594742768.121092, 1594742769.3306637, 1594742770.3003786, 1594742778.4201143, 1594742779.2906933, 1594742780.4253259, 1594742781.317017, 1594742789.0824625, 1594742790.0260692, 1594742791.1609323, 1594742792.0121164, 1594742799.95566, 1594742800.8475626, 1594742801.9986815, 1594742802.7632437, 1594742810.9902184, 1594742811.984091, 1594742813.0730035, 1594742813.9520218, 1594742821.9316006, 1594742822.8568034, 1594742824.1350524, 1594742825.0019858, 1594742832.933303, 1594742833.8131273, 1594742834.8824542, 1594742835.680632, 1594742843.556463, 1594742844.4949527, 1594742845.6340954, 1594742846.501517, 1594742854.5136528, 1594742855.310301, 1594742856.3796864, 1594742857.3574364, 1594742865.4912474, 1594742866.3324506, 1594742867.617185, 1594742868.465657, 1594742876.3666167, 1594742877.1909232, 1594742878.4170249, 1594742879.275098, 1594742887.262848, 1594742888.1031415, 1594742889.1924672, 1594742890.0963223, 1594742898.2243314, 1594742899.0948417, 1594742900.093556, 1594742900.985007, 1594742909.086874, 1594742909.982622, 1594742910.9145353, 1594742911.8393378, 1594742919.7145526, 1594742920.776693, 1594742921.981951, 1594742922.9113357, 1594742930.8154588, 1594742931.665266, 1594742932.7490113, 1594742933.5744832, 1594742941.7224112, 1594742942.503384, 1594742943.8461118, 1594742944.784534, 1594742952.7908518, 1594742953.6934733, 1594742954.6700256, 1594742955.52058, 1594742963.8389542, 1594742964.7435088, 1594742965.7344747, 1594742966.584296, 1594742974.5529172, 1594742975.388851, 1594742976.6203501, 1594742977.5167184, 1594742985.6583216, 1594742986.6407065, 1594742987.4405737, 1594742988.4606748, 1594742996.55983, 1594742997.454272, 1594742998.4766135, 1594742999.3938422, 1594743007.4496484, 1594743008.497784, 1594743009.4784653, 1594743010.3803117, 1594743018.5271134, 1594743019.3710306, 1594743020.4625304, 1594743021.466535, 1594743029.3925507, 1594743030.185701, 1594743031.2123768, 1594743032.1899512, 1594743040.0805113, 1594743040.8227081, 1594743042.328695, 1594743043.3254151, 1594743051.3297796, 1594743052.2712743, 1594743053.2191844, 1594743054.1345763, 1594743062.1966357, 1594743063.0840628, 1594743064.0076818, 1594743064.9980478, 1594743072.9802685, 1594743073.8456266, 1594743075.0836117, 1594743075.9768806, 1594743083.9436946, 1594743084.8627822, 1594743086.1890886, 1594743087.0943887, 1594743094.9913597, 1594743095.9309554, 1594743096.8732169, 1594743097.7071412, 1594743105.9036174, 1594743106.806114, 1594743108.0021305, 1594743108.8546522, 1594743116.9657464, 1594743117.8528857, 1594743118.8929198, 1594743119.8168213, 1594743127.7049994, 1594743128.6435826, 1594743129.7562296, 1594743130.661286, 1594743138.7196128, 1594743139.6786234, 1594743140.6527824, 1594743141.5775313, 1594743149.516109, 1594743150.3071005, 1594743151.5701814, 1594743152.392117, 1594743160.5249462, 1594743161.5100486, 1594743162.6932304, 1594743163.6309626, 1594743171.554328, 1594743172.381588, 1594743173.6105218, 1594743174.49933, 1594743182.412914, 1594743183.4522445, 1594743184.4365895, 1594743185.450358, 1594743193.3498602, 1594743194.362974, 1594743195.364466, 1594743196.2007952, 1594743204.5097055, 1594743205.3621016, 1594743206.3429952, 1594743207.1893957, 1594743215.2877855, 1594743216.1938236, 1594743217.4422112, 1594743218.3137598, 1594743226.757755, 1594743227.645031, 1594743228.7280016, 1594743229.6552496, 1594743237.563852, 1594743238.5453966, 1594743239.607614, 1594743240.5083964, 1594743248.3106163, 1594743249.339555, 1594743250.410879, 1594743251.3181465, 1594743259.516914, 1594743260.3639083, 1594743261.3562849, 1594743262.223341, 1594743270.3118641, 1594743271.2019503, 1594743272.279961, 1594743273.1414332, 1594743281.2155845, 1594743282.1702042, 1594743283.1538775, 1594743283.9171445, 1594743292.282232, 1594743293.0010078, 1594743294.1636875, 1594743295.1132264, 1594743302.9122026, 1594743303.8514972, 1594743305.0751107, 1594743305.9165158, 1594743313.8303463, 1594743314.7524855, 1594743315.8467937, 1594743316.7506936, 1594743324.796505, 1594743325.711305, 1594743326.9030328, 1594743327.778223, 1594743335.6012099, 1594743336.420671, 1594743337.7045496, 1594743338.7110078, 1594743346.7584043, 1594743347.6871955, 1594743348.6951516, 1594743349.6161761, 1594743357.78544, 1594743358.8082058, 1594743359.6796017, 1594743360.7381763, 1594743368.6649566, 1594743369.485921, 1594743370.8128347, 1594743371.7341967, 1594743379.8201811, 1594743380.6823947, 1594743381.9645598, 1594743382.8364615, 1594743390.6884625, 1594743391.6073866, 1594743392.78006, 1594743393.702789, 1594743401.44351, 1594743402.3599155, 1594743403.6298096, 1594743404.4190457, 1594743412.5414917, 1594743413.4010282, 1594743414.371582, 1594743415.3001611, 1594743423.3041475, 1594743424.072919, 1594743425.4065495, 1594743426.3448951, 1594743434.3466167, 1594743435.2673807, 1594743436.3912044, 1594743437.3546705, 1594743445.2662451, 1594743446.098967, 1594743447.4393163, 1594743448.221305, 1594743456.1810188, 1594743457.1353817, 1594743458.2704172, 1594743459.08165, 1594743467.175732, 1594743468.0874324, 1594743469.2883532, 1594743470.2195754, 1594743478.0970488, 1594743479.0573256, 1594743480.3074348, 1594743481.1424968, 1594743489.084535, 1594743489.945156, 1594743491.0270915, 1594743492.1157928],