{"initial_reset_timestamp": 1594742415.1942785, "timestamps": [1594742415.9808722, 1594742416.7348819, 1594742417.586248, 1594742418.2637436, 1594742426.6454346, 1594742427.424958, 1594742428.3271317, 1594742429.036397, 1594742436.8587182, 1594742437.7208002, 1594742438.6840274, 1594742439.4332724, 1594742447.1488438, 1594742447.865887, 1594742448.7917998, 1594742449.6044853, 1594742457.4887314, 1594742458.262678, 1594742459.2133427, 1594742459.950868, 1594742467.7748342, 1594742468.5847907, 1594742469.4540982, 1594742470.1905396, 1594742477.9803185, 1594742478.839714, 1594742479.8893378, 1594742480.7131557, 1594742488.617622, 1594742489.428243, 1594742490.4106536, 1594742491.2482383, 1594742499.2447724, 1594742500.0045753, 1594742500.9971092, 1594742501.794109, 1594742509.8309407, 1594742510.554606, 1594742511.6592596, 1594742512.5025132, 1594742520.2266164, 1594742521.034807, 1594742522.175611, 1594742523.0206337, 1594742530.8057885, 1594742531.6965673, 1594742532.5618184, 1594742533.533199, 1594742541.6432428, 1594742542.4400237, 1594742543.578345, 1594742544.4384918, 1594742552.3862011, 1594742553.2182622, 1594742554.2417634, 1594742555.0124853, 1594742562.9337795, 1594742563.8550453, 1594742564.926143, 1594742565.8089237, 1594742573.6759324, 1594742574.6059847, 1594742575.4753184, 1594742576.338349, 1594742584.416729, 1594742585.2995172, 1594742586.2545896, 1594742587.1529343, 1594742595.0600264, 1594742595.9075854, 1594742597.1529343, 1594742597.97795, 1594742605.7311778, 1594742606.6281252, 1594742607.6289365, 1594742608.5649557, 1594742616.457662, 1594742617.3892102, 1594742618.3786683, 1594742619.2021945, 1594742627.0668218, 1594742627.8565516, 1594742629.202555, 1594742630.0413256, 1594742637.9164217, 1594742638.5303729, 1594742639.8069017, 1594742640.698677, 1594742648.7304666, 1594742649.671869, 1594742650.7378545, 1594742651.5715363, 1594742659.5804067, 1594742660.419748, 1594742661.4515686, 1594742662.3330548, 1594742670.1366444, 1594742670.9637437, 1594742672.2169566, 1594742673.1225147, 1594742681.0171914, 1594742681.9219291, 1594742682.9281955, 1594742683.654675, 1594742691.707054, 1594742692.6809025, 1594742693.6684299, 1594742694.539222, 1594742702.4765832, 1594742703.2836318, 1594742704.436014, 1594742705.3776855, 1594742713.2953951, 1594742714.1590972, 1594742715.2705252, 1594742716.1422584, 1594742724.0869365, 1594742724.948606, 1594742726.0867436, 1594742726.963965, 1594742734.9128692, 1594742735.7648377, 1594742736.7722933, 1594742737.735885, 1594742745.561017, 1594742746.4794111, 1594742747.8087173, 1594742748.647025, 1594742756.415112, 1594742757.288991, 1594742758.5131128, 1594742759.3948836, 1594742767.2730691, 1594742768.13787, 1594742769.4034219, 1594742770.2549329, 1594742778.2835195, 1594742779.2445173, 1594742780.2954373, 1594742781.150401, 1594742789.0364048, 1594742789.9965582, 1594742791.118036, 1594742792.0083184, 1594742800.120731, 1594742800.959434, 1594742801.980338, 1594742802.9130485, 1594742811.0740893, 1594742812.0561104, 1594742813.1582396, 1594742814.0346901, 1594742821.9766333, 1594742822.8563426, 1594742824.1218743, 1594742825.0471, 1594742832.8836846, 1594742833.7777088, 1594742834.920017, 1594742835.8424575, 1594742843.82191, 1594742844.6454322, 1594742845.770095, 1594742846.629405, 1594742854.5170813, 1594742855.3983915, 1594742856.3814132, 1594742857.3213463, 1594742865.2748413, 1594742866.1940067, 1594742867.4264963, 1594742868.3130085, 1594742876.3058217, 1594742877.3235936, 1594742878.301876, 1594742879.1859233, 1594742887.1734781, 1594742888.1575475, 1594742889.3776996, 1594742890.261701, 1594742898.1632366, 1594742899.0112965, 1594742900.1957402, 1594742901.1594453, 1594742909.0612407, 1594742909.8360333, 1594742911.1630507, 1594742912.0549793, 1594742919.8002279, 1594742920.825185, 1594742921.9999778, 1594742922.804386, 1594742930.803019, 1594742931.7692628, 1594742932.7513738, 1594742933.6550593, 1594742941.6860802, 1594742942.58541, 1594742943.5888937, 1594742944.5725002, 1594742952.814339, 1594742953.696374, 1594742954.688129, 1594742955.6723697, 1594742963.7145407, 1594742964.681447, 1594742965.6930406, 1594742966.556215, 1594742974.5080144, 1594742975.4187884, 1594742976.6558967, 1594742977.5870464, 1594742985.588047, 1594742986.5338166, 1594742987.5466244, 1594742988.341092, 1594742996.5258431, 1594742997.3649938, 1594742998.507767, 1594742999.4080772, 1594743007.4778807, 1594743008.3746665, 1594743009.5135987, 1594743010.436307, 1594743018.6190162, 1594743019.4482746, 1594743020.5368624, 1594743021.3883593, 1594743029.3099787, 1594743030.282574, 1594743031.3041372, 1594743032.1488025, 1594743040.3042903, 1594743041.1637287, 1594743042.3700032, 1594743043.3695202, 1594743051.282416, 1594743052.1382642, 1594743053.315616, 1594743054.2328987, 1594743062.1205788, 1594743062.9381344, 1594743064.1214356, 1594743065.0025122, 1594743073.0957668, 1594743073.9384966, 1594743075.0100095, 1594743075.9076965, 1594743084.0972733, 1594743084.989901, 1594743086.0856788, 1594743086.962494, 1594743095.0007894, 1594743095.9448178, 1594743096.9120219, 1594743097.7851768, 1594743105.8662157, 1594743106.7962492, 1594743107.9983952, 1594743108.850342, 1594743116.867134, 1594743117.6471372, 1594743118.8663623, 1594743119.6819391, 1594743127.5843446, 1594743128.5727224, 1594743129.7289457, 1594743130.67009, 1594743138.6868367, 1594743139.5772612, 1594743140.5138772, 1594743141.3852267, 1594743149.6430943, 1594743150.5543892, 1594743151.4853466, 1594743152.403033, 1594743160.422922, 1594743161.2366638, 1594743162.5721586, 1594743163.525775, 1594743171.441013, 1594743172.4213123, 1594743173.5216131, 1594743174.4144793, 1594743182.450063, 1594743183.3657117, 1594743184.4422884, 1594743185.3430352, 1594743193.3008018, 1594743194.1300976, 1594743195.4713402, 1594743196.4127698, 1594743204.3484178, 1594743205.1724434, 1594743206.3126984, 1594743207.2241766, 1594743215.2447593, 1594743216.213575, 1594743217.4540424, 1594743218.352671, 1594743226.5532947, 1594743227.4309716, 1594743228.7008297, 1594743229.5281093, 1594743237.5599768, 1594743238.481215, 1594743239.5188878, 1594743240.4996016, 1594743248.449845, 1594743249.3575444, 1594743250.5294673, 1594743251.3027585, 1594743259.3808823, 1594743260.3357487, 1594743261.510764, 1594743262.3634622, 1594743270.404404, 1594743271.2689486, 1594743272.2646704, 1594743273.0666027, 1594743281.216578, 1594743282.0931273, 1594743283.275984, 1594743284.0863838, 1594743292.0469422, 1594743293.0112486, 1594743294.1996472, 1594743295.0484304, 1594743303.0911872, 1594743303.9250746, 1594743305.067371, 1594743305.8698866, 1594743313.7990189, 1594743314.5945532, 1594743315.9448476, 1594743316.7577221, 1594743324.832389, 1594743325.7525027, 1594743326.7116017, 1594743327.6273713, 1594743335.6320078, 1594743336.525854, 1594743337.5390549, 1594743338.5012631, 1594743346.592376, 1594743347.4446678, 1594743348.722098, 1594743349.639488, 1594743357.6650882, 1594743358.626788, 1594743359.8324778, 1594743360.7845855, 1594743368.7948823, 1594743369.6651278, 1594743370.7268124, 1594743371.5816345, 1594743379.8846745, 1594743380.7607527, 1594743381.776205, 1594743382.6465397, 1594743390.6893349, 1594743391.529784, 1594743392.7416875, 1594743393.6726172, 1594743401.472321, 1594743402.3312361, 1594743403.6022787, 1594743404.3808808, 1594743412.442736, 1594743413.2572956, 1594743414.466678, 1594743415.295449, 1594743423.274087, 1594743424.3272977, 1594743425.3666718, 1594743426.2890925, 1594743434.3578331, 1594743435.3351035, 1594743436.5834816, 1594743437.5059273, 1594743445.3071527, 1594743446.165335, 1594743447.4386742, 1594743448.3677282, 1594743456.245533, 1594743457.085063, 1594743458.2223945, 1594743459.0205421, 1594743467.1241205, 1594743468.1383345, 1594743469.182469, 1594743470.0497942, 1594743478.2397177, 1594743479.1596346, 1594743480.1829262, 1594743481.1852608, 1594743489.0403237, 1594743489.938294, 1594743491.1195455, 1594743492.1515713],