{"initial_reset_timestamp": 1594742415.1935673, "timestamps": [1594742415.8200223, 1594742416.565783, 1594742417.6391673, 1594742418.3739064, 1594742426.7256923, 1594742427.4126406, 1594742428.2649248, 1594742429.0057082, 1594742437.0251122, 1594742437.6758065, 1594742438.565115, 1594742439.3076048, 1594742447.0798645, 1594742447.947174, 1594742448.8098755, 1594742449.5143545, 1594742457.5738795, 1594742458.3191838, 1594742459.1629612, 1594742459.855852, 1594742467.7324438, 1594742468.5547082, 1594742469.4424436, 1594742470.1567776, 1594742478.1407526, 1594742478.8711166, 1594742480.0103178, 1594742480.8528428, 1594742488.6004682, 1594742489.4163876, 1594742490.3846798, 1594742491.2536354, 1594742499.005308, 1594742499.842122, 1594742501.0147772, 1594742501.898098, 1594742509.7132094, 1594742510.4838092, 1594742511.505732, 1594742512.2257242, 1594742520.3204308, 1594742521.1198952, 1594742522.105937, 1594742522.9570322, 1594742530.8856907, 1594742531.7045388, 1594742532.7006547, 1594742533.7489944, 1594742541.643164, 1594742542.449501, 1594742543.4724174, 1594742544.29007, 1594742552.4221063, 1594742553.2563045, 1594742554.146948, 1594742554.9966786, 1594742562.947638, 1594742563.8247044, 1594742564.860338, 1594742565.6193273, 1594742573.7834926, 1594742574.5294547, 1594742575.6281288, 1594742576.574409, 1594742584.4922006, 1594742585.337073, 1594742586.3526156, 1594742587.2228785, 1594742595.048229, 1594742595.8935418, 1594742597.0480974, 1594742597.8824227, 1594742605.748187, 1594742606.5288112, 1594742607.5921729, 1594742608.4028049, 1594742616.462509, 1594742617.411951, 1594742618.290936, 1594742619.15372, 1594742627.1266694, 1594742627.996837, 1594742629.2349672, 1594742630.019396, 1594742637.974594, 1594742638.8828099, 1594742639.8248463, 1594742640.7563186, 1594742648.7979274, 1594742649.6026337, 1594742650.6757283, 1594742651.5796444, 1594742659.5440102, 1594742660.3793242, 1594742661.494591, 1594742662.4054782, 1594742670.051591, 1594742670.9508657, 1594742672.1702561, 1594742673.0189059, 1594742680.917432, 1594742681.7814994, 1594742682.9480217, 1594742683.759177, 1594742691.6830344, 1594742692.5643497, 1594742693.5522637, 1594742694.4328053, 1594742702.3310218, 1594742703.191169, 1594742704.3367944, 1594742705.2131848, 1594742713.2025692, 1594742714.1631835, 1594742715.273069, 1594742716.1949422, 1594742724.0939026, 1594742725.0306518, 1594742725.982109, 1594742726.8755064, 1594742734.8952978, 1594742735.7365294, 1594742736.7893655, 1594742737.6353004, 1594742745.5981526, 1594742746.518816, 1594742747.7797232, 1594742748.645516, 1594742756.5590563, 1594742757.3837347, 1594742758.5742166, 1594742759.3820548, 1594742767.4207618, 1594742768.362629, 1594742769.4013534, 1594742770.3467886, 1594742778.2276137, 1594742779.2281308, 1594742780.2142649, 1594742781.1171155, 1594742789.231529, 1594742790.1320674, 1594742790.9976556, 1594742791.9024515, 1594742800.0601525, 1594742801.0276673, 1594742801.9552758, 1594742802.8227587, 1594742811.0349834, 1594742812.0005565, 1594742813.1660516, 1594742814.0368862, 1594742822.0525784, 1594742823.0438392, 1594742824.0631545, 1594742824.9085834, 1594742832.9137025, 1594742833.776386, 1594742834.9833221, 1594742835.7900562, 1594742843.6558297, 1594742844.647088, 1594742845.6141534, 1594742846.5317187, 1594742854.5107872, 1594742855.4079235, 1594742856.3908079, 1594742857.1966898, 1594742865.3726878, 1594742866.2401345, 1594742867.3923504, 1594742868.3526034, 1594742876.2121441, 1594742877.0709465, 1594742878.424726, 1594742879.3221753, 1594742887.1597707, 1594742887.9925807, 1594742889.3261056, 1594742890.2840126, 1594742898.1924043, 1594742899.1232288, 1594742900.2091463, 1594742901.0182579, 1594742909.1135578, 1594742909.969313, 1594742910.8616064, 1594742911.798443, 1594742919.8244157, 1594742920.7877529, 1594742921.9709032, 1594742922.8742266, 1594742930.7231522, 1594742931.5661175, 1594742932.855302, 1594742933.745447, 1594742941.7375486, 1594742942.6985204, 1594742943.7130115, 1594742944.6984773, 1594742952.5583909, 1594742953.3744364, 1594742954.693255, 1594742955.601884, 1594742963.6731734, 1594742964.565227, 1594742965.6904616, 1594742966.5486124, 1594742974.4944134, 1594742975.408282, 1594742976.5969744, 1594742977.525571, 1594742985.7033346, 1594742986.6316483, 1594742987.6934443, 1594742988.587104, 1594742996.524059, 1594742997.3397613, 1594742998.6859689, 1594742999.5953047, 1594743007.5222616, 1594743008.4144912, 1594743009.6347048, 1594743010.4412155, 1594743018.4460163, 1594743019.51048, 1594743020.521754, 1594743021.353315, 1594743029.3736064, 1594743030.299805, 1594743031.373334, 1594743032.2496974, 1594743040.1322706, 1594743040.9000227, 1594743042.510462, 1594743043.3960712, 1594743051.2878563, 1594743052.1622138, 1594743053.256905, 1594743054.164119, 1594743062.201002, 1594743063.0503206, 1594743064.1885684, 1594743065.0594897, 1594743072.9569256, 1594743073.8195796, 1594743075.0541685, 1594743075.9702911, 1594743084.011421, 1594743084.961274, 1594743086.1502457, 1594743086.9076834, 1594743095.0259569, 1594743095.9113624, 1594743096.936395, 1594743097.9255698, 1594743105.9924877, 1594743106.949731, 1594743107.9974957, 1594743108.9729855, 1594743116.7406452, 1594743117.7035284, 1594743118.7731822, 1594743119.522597, 1594743127.7340388, 1594743128.6404252, 1594743129.6440597, 1594743130.5456305, 1594743138.838094, 1594743139.6967168, 1594743140.6659229, 1594743141.5941045, 1594743149.4966052, 1594743150.207954, 1594743151.4356055, 1594743152.3761792, 1594743160.4693608, 1594743161.443923, 1594743162.5657382, 1594743163.6004813, 1594743171.5551238, 1594743172.3310876, 1594743173.488381, 1594743174.424872, 1594743182.3319273, 1594743183.2750814, 1594743184.4005544, 1594743185.2743475, 1594743193.260085, 1594743194.199275, 1594743195.533392, 1594743196.542215, 1594743204.2598991, 1594743205.047389, 1594743206.4938724, 1594743207.4051356, 1594743215.1961546, 1594743216.2264256, 1594743217.385657, 1594743218.4494147, 1594743226.5636437, 1594743227.4945638, 1594743228.67324, 1594743229.6122425, 1594743237.5201347, 1594743238.5255342, 1594743239.5683038, 1594743240.4837942, 1594743248.4424107, 1594743249.2875593, 1594743250.3070197, 1594743251.2562637, 1594743259.5386667, 1594743260.3834968, 1594743261.5160468, 1594743262.4123075, 1594743270.424565, 1594743271.3463037, 1594743272.3849823, 1594743273.3076231, 1594743281.0811076, 1594743282.0658293, 1594743283.2673676, 1594743284.2136602, 1594743292.1402946, 1594743293.0719538, 1594743294.1933398, 1594743294.9865572, 1594743302.9151654, 1594743303.6364949, 1594743305.0588706, 1594743305.9405522, 1594743313.7288206, 1594743314.569566, 1594743315.952532, 1594743316.9078562, 1594743324.7671475, 1594743325.673432, 1594743326.664074, 1594743327.5967557, 1594743335.6919749, 1594743336.6333926, 1594743337.6712337, 1594743338.6571229, 1594743346.693073, 1594743347.475386, 1594743348.7557418, 1594743349.724413, 1594743357.6809878, 1594743358.638128, 1594743359.760376, 1594743360.8145652, 1594743368.7145278, 1594743369.6078815, 1594743370.7555206, 1594743371.6467025, 1594743379.7963808, 1594743380.7364593, 1594743381.8673577, 1594743382.6934288, 1594743390.7142308, 1594743391.630368, 1594743392.5669496, 1594743393.4878943, 1594743401.6744432, 1594743402.47787, 1594743403.5629184, 1594743404.4707386, 1594743412.4482644, 1594743413.421387, 1594743414.5581336, 1594743415.4548943, 1594743423.4085217, 1594743424.2193284, 1594743425.5160089, 1594743426.4334505, 1594743434.2154467, 1594743435.1248794, 1594743436.523608, 1594743437.4333367, 1594743445.2641232, 1594743446.2360537, 1594743447.2620823, 1594743448.2317293, 1594743456.223535, 1594743457.0751083, 1594743458.0702274, 1594743458.8419895, 1594743467.3102732, 1594743468.24151, 1594743469.1572485, 1594743470.161991, 1594743478.3500633, 1594743479.2134457, 1594743480.1987016, 1594743481.0598953, 1594743489.0982964, 1594743489.9093063, 1594743491.1249025, 1594743492.2181573],