{"initial_reset_timestamp": 1594742415.1955113, "timestamps": [1594742415.9569247, 1594742416.7211366, 1594742417.6441684, 1594742418.357965, 1594742426.6500094, 1594742427.3303783, 1594742428.4048493, 1594742429.1566236, 1594742436.9605367, 1594742437.6977258, 1594742438.6221693, 1594742439.3678155, 1594742447.0744631, 1594742447.8847501, 1594742448.8008628, 1594742449.535671, 1594742457.3916845, 1594742458.0832977, 1594742459.1107316, 1594742459.8804812, 1594742467.730032, 1594742468.4251592, 1594742469.4967692, 1594742470.2273712, 1594742478.0829873, 1594742478.8666568, 1594742479.9733117, 1594742480.6587834, 1594742488.7486749, 1594742489.5266924, 1594742490.416201, 1594742491.204044, 1594742499.203226, 1594742500.0137033, 1594742500.9266381, 1594742501.7978053, 1594742509.7616663, 1594742510.5536392, 1594742511.5282373, 1594742512.4156654, 1594742520.2579284, 1594742521.0509684, 1594742522.0755286, 1594742522.8848891, 1594742530.8387043, 1594742531.6687763, 1594742532.7150862, 1594742533.6787796, 1594742541.808964, 1594742542.6979675, 1594742543.6558867, 1594742544.5179732, 1594742552.2061596, 1594742553.009801, 1594742554.2219453, 1594742555.0945578, 1594742562.9629247, 1594742563.8329687, 1594742564.8274841, 1594742565.6712065, 1594742573.7520747, 1594742574.6876917, 1594742575.6597047, 1594742576.5077996, 1594742584.5247357, 1594742585.4161816, 1594742586.360476, 1594742587.245401, 1594742595.0738578, 1594742595.9593797, 1594742597.0538723, 1594742597.8545802, 1594742605.8072221, 1594742606.7014227, 1594742607.7235215, 1594742608.608086, 1594742616.431468, 1594742617.3011642, 1594742618.3958104, 1594742619.2556374, 1594742627.2031412, 1594742628.1247926, 1594742629.0640483, 1594742630.0272462, 1594742637.861291, 1594742638.678203, 1594742639.7913625, 1594742640.7024379, 1594742648.705986, 1594742649.6082234, 1594742650.6003175, 1594742651.553262, 1594742659.474041, 1594742660.322157, 1594742661.493694, 1594742662.3670278, 1594742670.2462118, 1594742671.1043048, 1594742672.2839189, 1594742673.1669416, 1594742681.0328794, 1594742681.9213269, 1594742682.857458, 1594742683.7235844, 1594742691.813344, 1594742692.5778415, 1594742693.684324, 1594742694.670522, 1594742702.4451632, 1594742703.3408709, 1594742704.5245566, 1594742705.3416421, 1594742713.2674549, 1594742714.1720495, 1594742715.2490702, 1594742716.1454344, 1594742723.9903913, 1594742724.7692702, 1594742726.1981702, 1594742726.984685, 1594742734.809925, 1594742735.7225008, 1594742736.7993095, 1594742737.5954275, 1594742745.7295957, 1594742746.5022893, 1594742747.6298225, 1594742748.470894, 1594742756.5773232, 1594742757.3097448, 1594742758.6103134, 1594742759.524765, 1594742767.4279711, 1594742768.279818, 1594742769.2925515, 1594742770.1331787, 1594742778.2597132, 1594742779.260384, 1594742780.2844472, 1594742781.1140616, 1594742789.1519747, 1594742790.0861762, 1594742791.0694697, 1594742792.0095062, 1594742799.9437659, 1594742800.9339466, 1594742802.0872645, 1594742802.9530325, 1594742811.1506245, 1594742812.0643983, 1594742813.0190215, 1594742813.897221, 1594742821.9217374, 1594742822.8719873, 1594742823.9729226, 1594742824.8919065, 1594742832.9172938, 1594742833.7323554, 1594742834.7641926, 1594742835.5550487, 1594742843.7064629, 1594742844.5786798, 1594742845.6396675, 1594742846.522356, 1594742854.6110222, 1594742855.4893377, 1594742856.5027492, 1594742857.2906785, 1594742865.275996, 1594742866.1277194, 1594742867.598088, 1594742868.432354, 1594742876.4048524, 1594742877.2296515, 1594742878.371209, 1594742879.1562257, 1594742887.3419182, 1594742888.1081138, 1594742889.2751596, 1594742890.0726771, 1594742898.3303595, 1594742899.1812532, 1594742900.0889902, 1594742901.0316317, 1594742909.0545704, 1594742909.9847665, 1594742910.9257145, 1594742911.6732812, 1594742919.9479148, 1594742920.8200862, 1594742922.0631049, 1594742922.9384718, 1594742930.8475242, 1594742931.777046, 1594742932.8395975, 1594742933.7260723, 1594742941.6085596, 1594742942.6026204, 1594742943.9225883, 1594742944.782009, 1594742952.6928096, 1594742953.5692306, 1594742954.8107023, 1594742955.7050552, 1594742963.7711694, 1594742964.6504903, 1594742965.6901412, 1594742966.5286202, 1594742974.5966306, 1594742975.5413775, 1594742976.618766, 1594742977.6309836, 1594742985.6211717, 1594742986.5596073, 1594742987.583117, 1594742988.4301696, 1594742996.5298069, 1594742997.3708918, 1594742998.5256152, 1594742999.5209484, 1594743007.4829805, 1594743008.329216, 1594743009.4556687, 1594743010.3421571, 1594743018.5474687, 1594743019.5182643, 1594743020.3464606, 1594743021.2144527, 1594743029.3832133, 1594743030.2203643, 1594743031.2689466, 1594743032.131728, 1594743040.176835, 1594743041.2280517, 1594743042.3310945, 1594743043.3654516, 1594743051.201282, 1594743051.998585, 1594743053.2724915, 1594743054.1840107, 1594743062.1819322, 1594743063.091937, 1594743064.1567295, 1594743064.9636865, 1594743072.9733613, 1594743073.835485, 1594743075.0191195, 1594743075.822015, 1594743084.0773807, 1594743084.9557478, 1594743086.13143, 1594743087.0222795, 1594743094.9184647, 1594743095.8926709, 1594743096.9506028, 1594743097.8668284, 1594743105.92451, 1594743106.8613691, 1594743107.9000404, 1594743108.8081114, 1594743116.7721114, 1594743117.6694212, 1594743118.8482673, 1594743119.7416375, 1594743127.593936, 1594743128.4053202, 1594743129.629624, 1594743130.6211972, 1594743138.7272713, 1594743139.69084, 1594743140.7370403, 1594743141.6603851, 1594743149.521727, 1594743150.3889453, 1594743151.5215673, 1594743152.4349082, 1594743160.5063455, 1594743161.506642, 1594743162.7224243, 1594743163.6050053, 1594743171.4609706, 1594743172.396371, 1594743173.426593, 1594743174.3616385, 1594743182.2905617, 1594743183.2365592, 1594743184.5398915, 1594743185.458201, 1594743193.3978825, 1594743194.2905285, 1594743195.4823346, 1594743196.44791, 1594743204.3162663, 1594743205.306803, 1594743206.3055873, 1594743207.2380939, 1594743215.3960822, 1594743216.3383145, 1594743217.5560317, 1594743218.3093808, 1594743226.6132512, 1594743227.5367472, 1594743228.5382009, 1594743229.574234, 1594743237.5683646, 1594743238.51916, 1594743239.4558232, 1594743240.2933214, 1594743248.335024, 1594743249.2907696, 1594743250.5580914, 1594743251.417949, 1594743259.3503916, 1594743260.2260535, 1594743261.4415104, 1594743262.2995272, 1594743270.4163117, 1594743271.289759, 1594743272.371822, 1594743273.2813778, 1594743281.2651052, 1594743282.0897415, 1594743283.216558, 1594743284.0797017, 1594743292.1056194, 1594743292.932843, 1594743294.1018329, 1594743295.0321236, 1594743302.9919453, 1594743303.9493287, 1594743304.9148707, 1594743305.7868807, 1594743313.80804, 1594743314.8018665, 1594743315.8940217, 1594743316.8176844, 1594743324.7128532, 1594743325.6787448, 1594743326.711379, 1594743327.7101932, 1594743335.718251, 1594743336.5540934, 1594743337.719965, 1594743338.5809278, 1594743346.709087, 1594743347.6053267, 1594743348.7269113, 1594743349.8059855, 1594743357.689533, 1594743358.6461887, 1594743359.8434346, 1594743360.7393637, 1594743368.7292595, 1594743369.5580494, 1594743370.7316885, 1594743371.571305, 1594743379.782943, 1594743380.55205, 1594743381.833185, 1594743382.8136966, 1594743390.5243816, 1594743391.5502021, 1594743392.712469, 1594743393.6265326, 1594743401.5391207, 1594743402.3857794, 1594743403.60253, 1594743404.4913094, 1594743412.5180306, 1594743413.420942, 1594743414.509558, 1594743415.3473806, 1594743423.353087, 1594743424.4147983, 1594743425.4024327, 1594743426.2902117, 1594743434.304714, 1594743435.2673392, 1594743436.2646565, 1594743437.2007728, 1594743445.3830206, 1594743446.2455661, 1594743447.292597, 1594743448.2166333, 1594743456.2769134, 1594743457.0678093, 1594743458.1508322, 1594743459.122489, 1594743467.0966015, 1594743468.0547576, 1594743469.1691098, 1594743470.070554, 1594743478.136659, 1594743478.9402218, 1594743480.1134815, 1594743480.975905, 1594743489.0209286, 1594743489.9240248, 1594743491.2559047, 1594743492.2145424],