{"initial_reset_timestamp": 1594743562.058308, "timestamps": [1594743563.0544665, 1594743564.0247986, 1594743565.0335732, 1594743566.0540435, 1594743575.3986268, 1594743576.287851, 1594743577.5113213, 1594743578.414995, 1594743586.888809, 1594743587.8530998, 1594743588.9221296, 1594743589.928087, 1594743598.3261156, 1594743599.2005222, 1594743600.7424114, 1594743601.8110409, 1594743610.2166183, 1594743611.288202, 1594743612.32965, 1594743613.261705, 1594743621.6939847, 1594743622.6502032, 1594743624.0827687, 1594743625.0216396, 1594743633.6805935, 1594743634.727889, 1594743635.8499103, 1594743636.7752059, 1594743645.3595035, 1594743646.457853, 1594743647.640902, 1594743648.616224, 1594743657.3142192, 1594743658.2870164, 1594743659.7544284, 1594743660.7484314, 1594743669.4172606, 1594743670.4078722, 1594743671.704643, 1594743672.7081773, 1594743681.2685804, 1594743682.3240545, 1594743683.572073, 1594743684.6545956, 1594743693.0520737, 1594743694.121281, 1594743695.650481, 1594743696.628499, 1594743705.2191973, 1594743706.2005234, 1594743707.50914, 1594743708.5241253, 1594743716.999334, 1594743718.0903027, 1594743719.3633928, 1594743720.350365, 1594743729.131726, 1594743730.2587729, 1594743731.6013598, 1594743732.7003505, 1594743741.2717848, 1594743742.2487137, 1594743743.4841223, 1594743744.5014586, 1594743753.313947, 1594743754.2910297, 1594743755.7615163, 1594743756.8933141, 1594743765.3639734, 1594743766.4636862, 1594743767.766328, 1594743768.8971195, 1594743777.6880312, 1594743778.7457106, 1594743779.9174168, 1594743780.9011266, 1594743789.8535974, 1594743790.9567604, 1594743792.2036743, 1594743793.1466594, 1594743801.9829142, 1594743803.0959826, 1594743804.429807, 1594743805.454792, 1594743814.001022, 1594743815.092253, 1594743816.337354, 1594743817.4447372, 1594743826.2292671, 1594743827.3748686, 1594743828.6167226, 1594743829.7774374, 1594743838.2434802, 1594743839.4442139, 1594743840.6264133, 1594743841.692017, 1594743850.3759263, 1594743851.5693114, 1594743852.9053073, 1594743853.9618657, 1594743862.4829776, 1594743863.536369, 1594743864.9960573, 1594743866.125894, 1594743874.899013, 1594743875.97578, 1594743877.146661, 1594743878.2381885, 1594743887.2607477, 1594743888.3196514, 1594743889.7594244, 1594743890.9533339, 1594743899.4764948, 1594743900.68884, 1594743902.0481827, 1594743903.1775858, 1594743911.7264276, 1594743912.7140362, 1594743914.166466, 1594743915.2137408, 1594743924.3149261, 1594743925.491645, 1594743926.73537, 1594743927.9193845, 1594743936.481003, 1594743937.589673, 1594743939.0718124, 1594743940.1050172, 1594743948.585373, 1594743949.6995258, 1594743951.1137118, 1594743952.2987435, 1594743961.0471025, 1594743962.2202122, 1594743963.645134, 1594743964.786445, 1594743973.3603919, 1594743974.4497418, 1594743975.5521197, 1594743976.5230162, 1594743985.8168116, 1594743986.872336, 1594743988.1579661, 1594743989.3080328, 1594743997.8759592, 1594743999.138872, 1594744000.5230913, 1594744001.7531013, 1594744010.150121, 1594744011.1748204, 1594744012.8765233, 1594744013.988643, 1594744022.681901, 1594744023.939436, 1594744025.2458067, 1594744026.2588432, 1594744035.0238972, 1594744036.1569579, 1594744037.4879096, 1594744038.5537689, 1594744047.2445095, 1594744048.594321, 1594744050.0232306, 1594744051.1633081, 1594744059.7740152, 1594744060.923921, 1594744062.2424662, 1594744063.2646751, 1594744071.8670242, 1594744072.8626635, 1594744074.517772, 1594744075.6769576, 1594744084.4630203, 1594744085.7282186, 1594744087.0476184, 1594744088.253064, 1594744096.9770644, 1594744098.1468236, 1594744099.389813, 1594744100.6723258, 1594744108.9329178, 1594744110.2383184, 1594744111.6321318, 1594744112.7845984, 1594744121.5985446, 1594744122.6265743, 1594744124.0519664, 1594744125.2895205, 1594744134.237494, 1594744135.4095623, 1594744136.4388025, 1594744137.6465802, 1594744146.7292576, 1594744147.9266975, 1594744149.2522671, 1594744150.2414005, 1594744159.1652987, 1594744160.2247534, 1594744161.6856904, 1594744162.8435204, 1594744171.4994867, 1594744172.7513194, 1594744173.9569662, 1594744175.0916736, 1594744184.1184478, 1594744185.1989982, 1594744186.467638, 1594744187.6448326, 1594744196.1925771, 1594744197.2816179, 1594744198.9653156, 1594744200.0729036, 1594744208.690387, 1594744209.8860369, 1594744211.274915, 1594744212.3504355, 1594744221.2928996, 1594744222.5588224, 1594744223.7937202, 1594744224.974388, 1594744233.8288295, 1594744234.9853394, 1594744236.1884766, 1594744237.3709412, 1594744246.2470813, 1594744247.4566746, 1594744248.98772, 1594744250.035393, 1594744258.5763733, 1594744259.8732538, 1594744261.3879404, 1594744262.600261, 1594744271.2333617, 1594744272.4826827, 1594744273.8781004, 1594744275.1379213, 1594744283.8107781, 1594744284.89068, 1594744286.291179, 1594744287.5377758, 1594744296.099017, 1594744297.268585, 1594744298.8881245, 1594744300.0500011, 1594744308.6331956, 1594744309.8784912, 1594744311.6663826, 1594744312.8836186, 1594744321.3802872, 1594744322.58834, 1594744323.7014742, 1594744324.877333, 1594744333.8028424, 1594744335.154062, 1594744336.1824782, 1594744337.3215878, 1594744346.2484503, 1594744347.5077553, 1594744349.061504, 1594744350.2266133, 1594744358.6341136, 1594744359.848845, 1594744361.3342254, 1594744362.5708137, 1594744371.3850992, 1594744372.5131698, 1594744373.8632681, 1594744375.0678117, 1594744383.7521234, 1594744385.0522346, 1594744386.5167873, 1594744387.6791997, 1594744396.497084, 1594744397.592579, 1594744398.9987307, 1594744400.331438, 1594744409.0179977, 1594744410.2088938, 1594744411.776828, 1594744412.9741457, 1594744421.7354815, 1594744423.0065827, 1594744424.676501, 1594744425.7601116, 1594744434.3072448, 1594744435.5801234, 1594744437.1581914, 1594744438.258595, 1594744447.0348709, 1594744448.1026268, 1594744449.6422274, 1594744450.74133, 1594744459.5398176, 1594744460.684815, 1594744462.030263, 1594744463.2331529, 1594744471.6970012, 1594744472.8862906, 1594744474.3408206, 1594744475.514219, 1594744484.2960067, 1594744485.465465, 1594744486.8313334, 1594744488.093306, 1594744496.6905382, 1594744497.7862613, 1594744499.160818, 1594744500.4424229, 1594744509.2854106, 1594744510.4694884, 1594744511.8816063, 1594744513.1374826, 1594744521.8632283, 1594744523.0451224, 1594744524.6285667, 1594744525.856042, 1594744534.4855597, 1594744535.5436819, 1594744536.9629223, 1594744537.9769473, 1594744547.2650523, 1594744548.4054286, 1594744549.6870923, 1594744550.9768174, 1594744559.7249823, 1594744560.948425, 1594744562.0325232, 1594744563.1232145, 1594744572.350477, 1594744573.4400842, 1594744575.2022786, 1594744576.3472776, 1594744585.0487936, 1594744585.9778407, 1594744587.3611538, 1594744588.4191933, 1594744597.533832, 1594744598.709055, 1594744599.9520295, 1594744601.2746367, 1594744609.5529957, 1594744610.9275486, 1594744612.5009701, 1594744613.7058198, 1594744622.5110579, 1594744623.7225068, 1594744625.0247467, 1594744626.1602755, 1594744634.8615572, 1594744635.9589758, 1594744637.225037, 1594744638.4199874, 1594744647.5494742, 1594744648.6779957, 1594744650.124654, 1594744651.3264227, 1594744659.691624, 1594744660.8983502, 1594744662.7620418, 1594744663.9778316, 1594744672.763897, 1594744673.8408446, 1594744675.2186882, 1594744676.5417793, 1594744685.5164907, 1594744686.7251384, 1594744688.1733003, 1594744689.3767831, 1594744698.0072298, 1594744699.147576, 1594744700.656599, 1594744701.7729883, 1594744710.545574, 1594744711.7514195, 1594744713.199358, 1594744714.3992665, 1594744723.3718276, 1594744724.57236, 1594744725.801187, 1594744726.8413177, 1594744735.6366923, 1594744736.8313415, 1594744738.2926106, 1594744739.4932194, 1594744748.2972066, 1594744749.5048323, 1594744750.8393962, 1594744752.0667782, 1594744760.8960092, 1594744762.1618383, 1594744763.470256, 1594744764.6673815, 1594744773.418187, 1594744774.6393526, 1594744776.2424214, 1594744777.4457357, 1594744786.0450482, 1594744787.3716574, 1594744788.6917384, 1594744789.789657],