{"initial_reset_timestamp": 1594743562.0578372, "timestamps": [1594743562.9894445, 1594743563.982298, 1594743565.2388277, 1594743566.1980498, 1594743575.2728214, 1594743576.2246568, 1594743577.4830303, 1594743578.4613981, 1594743586.7606213, 1594743587.7504058, 1594743588.863309, 1594743589.6749873, 1594743598.4171565, 1594743599.3933876, 1594743600.6585836, 1594743601.644695, 1594743610.038928, 1594743611.011019, 1594743612.243415, 1594743613.1776357, 1594743621.8482413, 1594743622.8543158, 1594743624.0756245, 1594743625.0047016, 1594743633.7214856, 1594743634.7653792, 1594743635.859637, 1594743636.7574837, 1594743645.3327389, 1594743646.399808, 1594743647.6937356, 1594743648.7926047, 1594743657.2708309, 1594743658.2310326, 1594743659.6442478, 1594743660.6987603, 1594743669.3246202, 1594743670.3661993, 1594743671.6362236, 1594743672.5604544, 1594743681.103351, 1594743682.127922, 1594743683.4662728, 1594743684.5249214, 1594743692.9851925, 1594743693.832546, 1594743695.6655746, 1594743696.71946, 1594743705.1969898, 1594743706.3324766, 1594743707.362776, 1594743708.4313424, 1594743717.003683, 1594743717.972116, 1594743719.3408067, 1594743720.4281733, 1594743729.228702, 1594743730.310181, 1594743731.497573, 1594743732.591305, 1594743741.16136, 1594743742.1716816, 1594743743.4320679, 1594743744.5808725, 1594743753.1833649, 1594743754.3125224, 1594743755.7621562, 1594743756.767792, 1594743765.4687033, 1594743766.4887834, 1594743767.8273635, 1594743768.8979294, 1594743777.4828253, 1594743778.6105614, 1594743779.8436954, 1594743780.9098332, 1594743789.747073, 1594743790.9074802, 1594743792.2414525, 1594743793.4614873, 1594743801.888449, 1594743802.937317, 1594743804.2650816, 1594743805.262836, 1594743813.9441183, 1594743815.0777776, 1594743816.2362275, 1594743817.3057895, 1594743826.2653904, 1594743827.4269724, 1594743828.5187707, 1594743829.634745, 1594743838.4023535, 1594743839.3879597, 1594743840.6758049, 1594743841.7058322, 1594743850.4075959, 1594743851.5505152, 1594743852.8491914, 1594743853.875335, 1594743862.52409, 1594743863.6729507, 1594743864.861832, 1594743865.9854887, 1594743874.656374, 1594743875.7593172, 1594743877.2200482, 1594743878.3355474, 1594743887.1998334, 1594743888.2751603, 1594743889.6532931, 1594743890.9014497, 1594743899.5187151, 1594743900.7105134, 1594743901.7871377, 1594743902.8728077, 1594743911.6817012, 1594743912.9384818, 1594743914.17168, 1594743915.2784383, 1594743924.300872, 1594743925.4295757, 1594743926.7046952, 1594743927.8135796, 1594743936.378169, 1594743937.6288424, 1594743939.0792212, 1594743940.2231877, 1594743948.824869, 1594743949.944186, 1594743951.2765336, 1594743952.3866735, 1594743961.1886117, 1594743962.2740293, 1594743963.4528425, 1594743964.5119383, 1594743973.4055161, 1594743974.5151079, 1594743975.928396, 1594743977.0545964, 1594743985.7482657, 1594743986.85366, 1594743988.1707773, 1594743989.3838503, 1594743998.0309281, 1594743999.1867876, 1594744000.5486188, 1594744001.6772246, 1594744010.2623014, 1594744011.2689724, 1594744012.7232685, 1594744013.8259325, 1594744022.7031317, 1594744023.807889, 1594744025.214696, 1594744026.2703047, 1594744035.1244004, 1594744036.270453, 1594744037.6418352, 1594744038.7114546, 1594744047.5166821, 1594744048.6469114, 1594744049.9116986, 1594744050.9414055, 1594744059.7984123, 1594744060.947021, 1594744062.2560022, 1594744063.3795233, 1594744072.1742673, 1594744073.3284452, 1594744074.6434212, 1594744075.7621572, 1594744084.4419281, 1594744085.4489496, 1594744087.256131, 1594744088.3405025, 1594744096.9294915, 1594744097.9969323, 1594744099.3481503, 1594744100.534735, 1594744109.1622329, 1594744110.3210466, 1594744111.7879028, 1594744112.9698737, 1594744121.5067997, 1594744122.6286135, 1594744124.166425, 1594744125.3708353, 1594744134.072225, 1594744135.1988163, 1594744136.7160957, 1594744137.9078536, 1594744146.7182426, 1594744147.80213, 1594744149.302191, 1594744150.4907856, 1594744159.0716865, 1594744160.1562176, 1594744161.6834447, 1594744162.7787633, 1594744171.6626365, 1594744172.7362535, 1594744174.2511997, 1594744175.375303, 1594744184.0491292, 1594744185.1869466, 1594744186.4360929, 1594744187.6734774, 1594744196.2942414, 1594744197.4097295, 1594744198.7713408, 1594744199.7953951, 1594744208.750996, 1594744209.8777654, 1594744211.313514, 1594744212.3996959, 1594744221.18099, 1594744222.396205, 1594744223.690945, 1594744224.8354213, 1594744233.694829, 1594744234.8997488, 1594744236.3830335, 1594744237.5654316, 1594744246.047289, 1594744247.3181736, 1594744249.0002015, 1594744250.1768253, 1594744258.7094686, 1594744259.9254084, 1594744261.4790747, 1594744262.5903835, 1594744271.1461787, 1594744272.3589337, 1594744273.9776294, 1594744275.1685343, 1594744283.8678029, 1594744285.0484715, 1594744286.1727352, 1594744287.315407, 1594744296.3044508, 1594744297.5258274, 1594744298.702993, 1594744299.8739197, 1594744308.7833447, 1594744309.9286802, 1594744311.6835537, 1594744312.7822158, 1594744321.396635, 1594744322.5885828, 1594744323.846547, 1594744325.0519958, 1594744333.7086742, 1594744334.9667401, 1594744336.4474523, 1594744337.6719248, 1594744346.2657588, 1594744347.3565874, 1594744348.7697911, 1594744349.9435008, 1594744358.8426383, 1594744359.9852872, 1594744361.4703434, 1594744362.5701458, 1594744371.4894848, 1594744372.5741186, 1594744373.96892, 1594744375.2025492, 1594744383.8804595, 1594744385.034507, 1594744386.4370089, 1594744387.5619226, 1594744396.4149764, 1594744397.447815, 1594744399.0603712, 1594744400.199767, 1594744409.0591302, 1594744410.284481, 1594744411.807979, 1594744412.8938358, 1594744422.148351, 1594744423.1584194, 1594744424.4684803, 1594744425.6427689, 1594744434.50778, 1594744435.6598926, 1594744436.9591985, 1594744437.9858534, 1594744447.0355833, 1594744448.2010357, 1594744449.6169922, 1594744450.6826103, 1594744459.403884, 1594744460.5812876, 1594744461.9149115, 1594744463.0570667, 1594744471.7087598, 1594744472.7854848, 1594744474.1779728, 1594744475.3634398, 1594744484.2621722, 1594744485.199466, 1594744486.8500953, 1594744488.0059192, 1594744496.6999123, 1594744497.8480594, 1594744499.2505221, 1594744500.396765, 1594744509.216465, 1594744510.3083534, 1594744512.0439272, 1594744513.1488845, 1594744521.874419, 1594744523.1663225, 1594744524.4935615, 1594744525.704615, 1594744534.4746468, 1594744535.6289048, 1594744536.8387077, 1594744538.1036427, 1594744547.0978577, 1594744548.3889534, 1594744549.7107453, 1594744550.6554346, 1594744559.7935698, 1594744560.9598498, 1594744562.3622935, 1594744563.5504513, 1594744572.3482625, 1594744573.6044714, 1594744575.0735784, 1594744576.1612704, 1594744584.9475613, 1594744586.1530178, 1594744587.5422323, 1594744588.637611, 1594744597.2004647, 1594744598.2581995, 1594744599.9768355, 1594744601.2375126, 1594744609.8320618, 1594744610.9200816, 1594744612.4651213, 1594744613.6321561, 1594744622.3344553, 1594744623.3901024, 1594744624.9706864, 1594744626.107369, 1594744634.9464486, 1594744636.0910187, 1594744637.3175368, 1594744638.4539504, 1594744647.5712972, 1594744648.6946092, 1594744649.992978, 1594744651.1210568, 1594744659.8580744, 1594744660.7887514, 1594744662.57131, 1594744663.720208, 1594744672.6201477, 1594744673.890539, 1594744675.1786318, 1594744676.3963063, 1594744685.4142916, 1594744686.5372643, 1594744687.9169943, 1594744688.9608264, 1594744697.7623746, 1594744698.9201882, 1594744700.4630039, 1594744701.665962, 1594744710.4836004, 1594744711.7561936, 1594744713.2258072, 1594744714.3848772, 1594744723.2179174, 1594744724.3517277, 1594744726.0449548, 1594744727.221965, 1594744735.7681885, 1594744736.908647, 1594744738.3205862, 1594744739.483627, 1594744748.3469226, 1594744749.5496728, 1594744750.7474701, 1594744751.7615774, 1594744760.9464552, 1594744762.0556886, 1594744763.3469498, 1594744764.5306919, 1594744773.360952, 1594744774.5694292, 1594744776.1643157, 1594744777.3399758, 1594744786.0352721, 1594744787.2560964, 1594744788.5280282, 1594744789.9192443],