{"initial_reset_timestamp": 1594743562.0573552, "timestamps": [1594743563.0201306, 1594743563.9723322, 1594743565.170773, 1594743566.1569958, 1594743575.206029, 1594743576.1691265, 1594743577.4821482, 1594743578.4667106, 1594743586.8303409, 1594743587.8885627, 1594743588.9732027, 1594743589.9023554, 1594743598.4518144, 1594743599.492625, 1594743600.565613, 1594743601.5644953, 1594743610.0830321, 1594743611.0420496, 1594743612.4013784, 1594743613.3954232, 1594743621.8853917, 1594743622.8646197, 1594743624.024116, 1594743625.0750766, 1594743633.6612258, 1594743634.7274501, 1594743635.888608, 1594743636.8798633, 1594743645.4649405, 1594743646.2716553, 1594743647.567169, 1594743648.6507888, 1594743657.1770673, 1594743658.2463484, 1594743659.7578475, 1594743660.7937725, 1594743669.2685912, 1594743670.3718505, 1594743671.6644387, 1594743672.7505553, 1594743681.3024037, 1594743682.4106941, 1594743683.5068119, 1594743684.5084665, 1594743693.120907, 1594743694.2511852, 1594743695.5464118, 1594743696.6034708, 1594743705.2358286, 1594743706.265514, 1594743707.5052226, 1594743708.4797602, 1594743717.0200393, 1594743718.0474148, 1594743719.302631, 1594743720.3980658, 1594743729.2971206, 1594743730.404487, 1594743731.6862216, 1594743732.672191, 1594743741.1613495, 1594743742.15882, 1594743743.6863081, 1594743744.7822547, 1594743753.3901803, 1594743754.3820913, 1594743755.687317, 1594743756.835889, 1594743765.3456597, 1594743766.3279562, 1594743767.797864, 1594743768.9036179, 1594743777.389546, 1594743778.5405047, 1594743779.9409945, 1594743781.0721664, 1594743789.8442752, 1594743791.0759442, 1594743792.122242, 1594743793.2542896, 1594743801.9621801, 1594743803.14629, 1594743804.255266, 1594743805.3123872, 1594743813.808403, 1594743814.9680698, 1594743816.4721992, 1594743817.550002, 1594743826.0482595, 1594743827.102085, 1594743828.551875, 1594743829.6364262, 1594743838.2937293, 1594743839.4241817, 1594743840.7376306, 1594743841.9039378, 1594743850.2359357, 1594743851.356029, 1594743852.8617377, 1594743853.9859428, 1594743862.4777355, 1594743863.5653336, 1594743864.9606535, 1594743866.1483083, 1594743874.8141358, 1594743875.8356202, 1594743877.1598403, 1594743878.437075, 1594743887.0268948, 1594743888.0486887, 1594743889.6994889, 1594743890.7393684, 1594743899.3238306, 1594743900.4644582, 1594743901.8275023, 1594743903.036439, 1594743911.6406293, 1594743912.707555, 1594743914.2398233, 1594743915.5124998, 1594743924.0276868, 1594743925.219216, 1594743926.491674, 1594743927.5850527, 1594743936.5051959, 1594743937.5756435, 1594743938.8950925, 1594743940.094164, 1594743948.687978, 1594743949.828817, 1594743951.2434783, 1594743952.3866403, 1594743961.104311, 1594743962.2992952, 1594743963.4998972, 1594743964.76333, 1594743973.2870448, 1594743974.4859972, 1594743975.6155424, 1594743976.8310523, 1594743985.8343756, 1594743986.8818243, 1594743988.2940938, 1594743989.4055347, 1594743997.9633555, 1594743998.9762864, 1594744000.6121433, 1594744001.6691666, 1594744010.2698905, 1594744011.5090692, 1594744012.7268038, 1594744013.8658364, 1594744022.8146055, 1594744023.862532, 1594744025.2281215, 1594744026.4228544, 1594744034.9803588, 1594744036.078819, 1594744037.4065583, 1594744038.7653906, 1594744047.2313817, 1594744048.4098685, 1594744050.0641525, 1594744051.2716725, 1594744059.850805, 1594744060.941811, 1594744062.2623153, 1594744063.4492805, 1594744072.1957843, 1594744073.1850753, 1594744074.5577676, 1594744075.6674824, 1594744084.6509285, 1594744085.7978086, 1594744087.1681838, 1594744088.278316, 1594744096.9201343, 1594744098.0532694, 1594744099.2407992, 1594744100.4000158, 1594744109.1145926, 1594744110.3614347, 1594744111.896534, 1594744113.0353847, 1594744121.5912163, 1594744122.8217442, 1594744124.009827, 1594744125.1069765, 1594744134.1282604, 1594744135.2939608, 1594744136.792652, 1594744137.948522, 1594744146.709601, 1594744147.8539937, 1594744149.2975264, 1594744150.2358594, 1594744159.2974107, 1594744160.375277, 1594744161.6280599, 1594744162.8951557, 1594744171.4032986, 1594744172.646461, 1594744174.0436828, 1594744175.3230796, 1594744184.0038984, 1594744185.1191437, 1594744186.4500356, 1594744187.6121418, 1594744196.3496902, 1594744197.5781415, 1594744198.8976011, 1594744200.0030448, 1594744208.8309932, 1594744210.00433, 1594744211.2557812, 1594744212.2925572, 1594744221.1387975, 1594744222.2792456, 1594744223.808106, 1594744224.9474893, 1594744233.5646074, 1594744234.7191973, 1594744236.3404443, 1594744237.4334755, 1594744246.1080515, 1594744247.24374, 1594744248.8818614, 1594744250.0686169, 1594744258.745577, 1594744259.8587327, 1594744261.264465, 1594744262.420916, 1594744271.1697023, 1594744272.4264014, 1594744273.768616, 1594744274.8207178, 1594744283.7181153, 1594744284.9083755, 1594744286.2460473, 1594744287.4245431, 1594744296.07361, 1594744297.3641706, 1594744298.978447, 1594744300.187009, 1594744308.8861725, 1594744310.1261475, 1594744311.567713, 1594744312.599322, 1594744321.5110207, 1594744322.567127, 1594744324.1346729, 1594744325.245434, 1594744333.7967262, 1594744335.0124726, 1594744336.5041196, 1594744337.6240208, 1594744346.1973588, 1594744347.357395, 1594744348.9064038, 1594744350.056592, 1594744358.8491895, 1594744359.9604886, 1594744361.3672554, 1594744362.53956, 1594744371.1931484, 1594744372.3716128, 1594744373.7207875, 1594744374.967631, 1594744383.9618225, 1594744385.2150168, 1594744386.5294294, 1594744387.6858456, 1594744396.5562983, 1594744397.6778777, 1594744399.2370033, 1594744400.4824698, 1594744408.9910738, 1594744410.2572374, 1594744411.8609316, 1594744413.143073, 1594744421.7156212, 1594744422.9394643, 1594744424.3827899, 1594744425.63963, 1594744434.4488869, 1594744435.648583, 1594744436.910183, 1594744438.1761336, 1594744446.9860365, 1594744448.1061697, 1594744449.526788, 1594744450.671184, 1594744459.457576, 1594744460.5962386, 1594744461.955418, 1594744463.0641499, 1594744471.7431514, 1594744473.0699801, 1594744474.3585162, 1594744475.5650089, 1594744484.4726064, 1594744485.5781686, 1594744486.7814465, 1594744487.8098438, 1594744496.7185764, 1594744497.6525695, 1594744499.229438, 1594744500.4143312, 1594744509.2405455, 1594744510.232504, 1594744511.7613702, 1594744513.091331, 1594744521.7973843, 1594744523.067593, 1594744524.6679623, 1594744525.9476266, 1594744534.3504987, 1594744535.542671, 1594744537.19351, 1594744538.2951014, 1594744547.1266224, 1594744548.16974, 1594744549.7156057, 1594744551.0574183, 1594744559.6362617, 1594744560.882307, 1594744562.3566527, 1594744563.6431408, 1594744572.383649, 1594744573.5147195, 1594744574.9872458, 1594744576.3141851, 1594744584.9880064, 1594744586.082926, 1594744587.4340813, 1594744588.5830846, 1594744597.52439, 1594744598.7199078, 1594744599.905115, 1594744601.1842754, 1594744609.7579417, 1594744610.9226532, 1594744612.688995, 1594744613.758594, 1594744622.4925976, 1594744623.609474, 1594744624.9960248, 1594744626.137407, 1594744634.6893244, 1594744635.936852, 1594744637.2773516, 1594744638.5077603, 1594744647.520732, 1594744648.6526828, 1594744650.0747616, 1594744651.2827237, 1594744659.928075, 1594744661.1881473, 1594744662.6966958, 1594744663.8144662, 1594744672.415521, 1594744673.597076, 1594744675.2745957, 1594744676.5077767, 1594744685.504856, 1594744686.582638, 1594744688.0341356, 1594744689.2322311, 1594744697.945536, 1594744699.0167325, 1594744700.6584566, 1594744701.8730965, 1594744710.3590598, 1594744711.5506408, 1594744712.996707, 1594744714.12158, 1594744723.1002405, 1594744724.231654, 1594744725.7620866, 1594744727.1100347, 1594744735.7799428, 1594744736.89699, 1594744738.3938215, 1594744739.6644974, 1594744748.3882155, 1594744749.5401251, 1594744750.9005082, 1594744752.095952, 1594744760.949969, 1594744762.07037, 1594744763.3922555, 1594744764.628747, 1594744773.4359307, 1594744774.5616736, 1594744776.0876956, 1594744777.3401, 1594744785.9648206, 1594744787.1482322, 1594744788.5612378, 1594744789.7284327],