{"initial_reset_timestamp": 1594743562.057892, "timestamps": [1594743563.0934784, 1594743564.0642533, 1594743565.2706034, 1594743566.2711165, 1594743575.24139, 1594743576.2110813, 1594743577.5132816, 1594743578.42256, 1594743586.8354633, 1594743587.748864, 1594743588.8425324, 1594743589.9545698, 1594743598.3445578, 1594743599.351465, 1594743600.7522595, 1594743601.6957507, 1594743610.1882412, 1594743611.1286955, 1594743612.1860087, 1594743613.2859666, 1594743621.740279, 1594743622.8048434, 1594743624.0073416, 1594743625.0372431, 1594743633.7270627, 1594743634.6442788, 1594743635.7499802, 1594743636.7566683, 1594743645.2948868, 1594743646.3690674, 1594743647.6621313, 1594743648.744469, 1594743657.2728338, 1594743658.3720906, 1594743659.7078812, 1594743660.5451875, 1594743669.4270577, 1594743670.5116346, 1594743671.604016, 1594743672.670162, 1594743681.1775856, 1594743682.1149805, 1594743683.5337007, 1594743684.6142814, 1594743693.2335496, 1594743694.170806, 1594743695.5698564, 1594743696.5700316, 1594743705.165931, 1594743706.2524269, 1594743707.5818157, 1594743708.6069922, 1594743717.2221932, 1594743718.2168303, 1594743719.1759088, 1594743720.1439896, 1594743729.1251318, 1594743730.1775575, 1594743731.3656368, 1594743732.461907, 1594743741.2763119, 1594743742.2877493, 1594743743.5377803, 1594743744.5543356, 1594743753.1953506, 1594743754.37094, 1594743755.6747313, 1594743756.8315387, 1594743765.5317206, 1594743766.4781227, 1594743767.8078423, 1594743768.8485954, 1594743777.474155, 1594743778.5909967, 1594743779.9330301, 1594743781.0739067, 1594743789.7758873, 1594743790.7214198, 1594743792.3104577, 1594743793.3976853, 1594743801.900762, 1594743802.9707024, 1594743804.3995216, 1594743805.5315316, 1594743813.995984, 1594743815.031481, 1594743816.2198346, 1594743817.3341005, 1594743826.283343, 1594743827.2732332, 1594743828.660751, 1594743829.83917, 1594743838.4924471, 1594743839.515984, 1594743840.6134038, 1594743841.5302007, 1594743850.3835452, 1594743851.5217, 1594743852.9236875, 1594743854.0140066, 1594743862.6819906, 1594743863.7128153, 1594743865.0842443, 1594743866.260922, 1594743874.8043456, 1594743875.8617885, 1594743877.292724, 1594743878.488988, 1594743887.0904183, 1594743888.192288, 1594743889.7913504, 1594743890.9245121, 1594743899.5367754, 1594743900.592317, 1594743901.8856885, 1594743903.0429602, 1594743911.5756097, 1594743912.8426697, 1594743914.1752176, 1594743915.4117956, 1594743923.9807017, 1594743925.134616, 1594743926.6792984, 1594743927.8121705, 1594743936.3766356, 1594743937.3611653, 1594743939.0298648, 1594743940.1650033, 1594743948.8708954, 1594743950.0078285, 1594743951.3092659, 1594743952.2615333, 1594743961.1397247, 1594743962.259373, 1594743963.4586155, 1594743964.7292647, 1594743973.0391505, 1594743974.2278647, 1594743975.834706, 1594743976.9559743, 1594743985.719494, 1594743986.7790272, 1594743988.1646953, 1594743989.1456823, 1594743998.0078633, 1594743999.2030187, 1594744000.4440846, 1594744001.5450659, 1594744010.295823, 1594744011.337303, 1594744012.768349, 1594744013.7649117, 1594744022.6837106, 1594744023.870809, 1594744025.3538847, 1594744026.4104216, 1594744034.887531, 1594744036.1005294, 1594744037.6398683, 1594744038.8189576, 1594744047.526931, 1594744048.5913382, 1594744049.975027, 1594744051.1345384, 1594744059.6780064, 1594744060.670987, 1594744062.3550127, 1594744063.510496, 1594744072.09517, 1594744073.2249818, 1594744074.638062, 1594744075.7767723, 1594744084.5146499, 1594744085.6100216, 1594744087.146528, 1594744088.2612066, 1594744096.7830749, 1594744097.8162546, 1594744099.3683858, 1594744100.600657, 1594744109.1438875, 1594744110.288626, 1594744111.6797585, 1594744112.8989463, 1594744121.550904, 1594744122.657558, 1594744124.0564933, 1594744125.131802, 1594744134.1168325, 1594744135.2859292, 1594744136.646769, 1594744137.9288638, 1594744146.61522, 1594744147.5774927, 1594744149.2928197, 1594744150.5348854, 1594744159.2164555, 1594744160.326012, 1594744161.77374, 1594744162.9124918, 1594744171.428016, 1594744172.5251133, 1594744174.1594694, 1594744175.3108459, 1594744184.047923, 1594744185.1656199, 1594744186.5549219, 1594744187.6990132, 1594744196.3009932, 1594744197.309426, 1594744198.8869927, 1594744199.9990573, 1594744208.7912056, 1594744209.8750129, 1594744211.1970913, 1594744212.302115, 1594744221.1693916, 1594744222.332791, 1594744223.8114922, 1594744225.033151, 1594744233.666114, 1594744234.7289217, 1594744236.343508, 1594744237.5237305, 1594744245.9857001, 1594744247.2768815, 1594744248.8367524, 1594744249.9842396, 1594744258.8539236, 1594744259.9307897, 1594744261.4449434, 1594744262.6324475, 1594744271.1722953, 1594744272.4307218, 1594744273.7773259, 1594744274.9821398, 1594744283.685289, 1594744284.8907754, 1594744286.3024614, 1594744287.4792137, 1594744296.2288804, 1594744297.3962686, 1594744298.7570345, 1594744299.858294, 1594744308.8289168, 1594744310.0327303, 1594744311.5030563, 1594744312.6793869, 1594744321.5272627, 1594744322.673818, 1594744323.9856496, 1594744325.169063, 1594744333.8213031, 1594744335.018389, 1594744336.2202249, 1594744337.3707025, 1594744346.3599305, 1594744347.5795884, 1594744348.976185, 1594744350.1765544, 1594744358.875505, 1594744360.096627, 1594744361.1566691, 1594744362.281393, 1594744371.274729, 1594744372.6310446, 1594744373.9614124, 1594744375.1122522, 1594744383.8933613, 1594744385.0056741, 1594744386.5426695, 1594744387.6839375, 1594744396.613153, 1594744397.8382936, 1594744398.9806, 1594744400.056347, 1594744409.0626726, 1594744410.2618604, 1594744411.9037838, 1594744413.0738657, 1594744421.9750156, 1594744423.0330317, 1594744424.4888813, 1594744425.6401587, 1594744434.2317593, 1594744435.4803355, 1594744436.9039495, 1594744438.0577662, 1594744446.8949943, 1594744447.873206, 1594744449.636952, 1594744450.7678747, 1594744459.3393056, 1594744460.5070376, 1594744462.0329952, 1594744463.2172136, 1594744471.792155, 1594744472.8886478, 1594744474.4749851, 1594744475.6337793, 1594744484.3720787, 1594744485.4961627, 1594744486.8336065, 1594744487.9835248, 1594744496.6573484, 1594744497.8464112, 1594744499.1610906, 1594744500.4188013, 1594744509.244346, 1594744510.3411608, 1594744512.0108223, 1594744513.156741, 1594744522.0155938, 1594744523.1622946, 1594744524.5857291, 1594744525.676644, 1594744534.3303363, 1594744535.4652576, 1594744537.071883, 1594744538.3075988, 1594744547.2193193, 1594744548.4244735, 1594744549.7358804, 1594744550.9373517, 1594744559.6649473, 1594744560.9533815, 1594744562.3475335, 1594744563.4974926, 1594744572.3923213, 1594744573.656665, 1594744574.8562088, 1594744576.0725553, 1594744584.8624818, 1594744586.0538316, 1594744587.5553558, 1594744588.7037616, 1594744597.4044642, 1594744598.5986714, 1594744600.0016532, 1594744601.0641742, 1594744609.94678, 1594744611.1285076, 1594744612.622017, 1594744613.8754253, 1594744622.4849415, 1594744623.5990124, 1594744625.0000484, 1594744626.3133175, 1594744634.7478063, 1594744635.9446466, 1594744637.2682548, 1594744638.3976812, 1594744647.5848162, 1594744648.7260654, 1594744650.0554817, 1594744651.2407024, 1594744659.672168, 1594744661.0080826, 1594744662.5153358, 1594744663.6198645, 1594744672.9267201, 1594744673.9636264, 1594744675.309722, 1594744676.6207857, 1594744685.4199185, 1594744686.626055, 1594744687.9771535, 1594744689.2231565, 1594744698.1184282, 1594744699.224415, 1594744700.482414, 1594744701.5954375, 1594744710.6021378, 1594744711.8207765, 1594744713.2240517, 1594744714.272026, 1594744723.1950753, 1594744724.4642408, 1594744725.8622892, 1594744727.1122217, 1594744735.7743833, 1594744737.028887, 1594744738.3572183, 1594744739.614207, 1594744748.4793677, 1594744749.5800598, 1594744751.1384022, 1594744752.3517866, 1594744760.7249396, 1594744761.914083, 1594744763.3809464, 1594744764.6978707, 1594744773.4565818, 1594744774.5978146, 1594744776.1431954, 1594744777.2662315, 1594744786.1610265, 1594744787.3096247, 1594744788.6353633, 1594744789.7980728],