{"initial_reset_timestamp": 1594743562.0582693, "timestamps": [1594743563.021674, 1594743563.9722593, 1594743565.2038057, 1594743566.102532, 1594743575.2611606, 1594743576.2006009, 1594743577.4388235, 1594743578.399648, 1594743586.8580077, 1594743587.877496, 1594743589.042551, 1594743589.9481845, 1594743598.403608, 1594743599.4561923, 1594743600.7145472, 1594743601.7348006, 1594743610.0419881, 1594743611.2003639, 1594743612.4880881, 1594743613.3526804, 1594743621.8654675, 1594743622.8117902, 1594743624.0822198, 1594743625.019134, 1594743633.644672, 1594743634.583898, 1594743635.7480357, 1594743636.796997, 1594743645.3994076, 1594743646.3456798, 1594743647.6881287, 1594743648.6558442, 1594743657.1855774, 1594743658.3569443, 1594743659.7146258, 1594743660.6942544, 1594743669.466177, 1594743670.4417653, 1594743671.708315, 1594743672.616089, 1594743681.1674907, 1594743682.2522645, 1594743683.4885576, 1594743684.4680161, 1594743693.2472126, 1594743694.2377205, 1594743695.5896087, 1594743696.622098, 1594743705.1978796, 1594743706.295083, 1594743707.3759055, 1594743708.441369, 1594743716.99925, 1594743718.009176, 1594743719.3050861, 1594743720.3334363, 1594743729.1944602, 1594743730.2992258, 1594743731.5731416, 1594743732.5785053, 1594743741.2103043, 1594743742.24426, 1594743743.487454, 1594743744.5229633, 1594743753.3086987, 1594743754.4228473, 1594743755.7235522, 1594743756.8824716, 1594743765.3812854, 1594743766.5144315, 1594743767.6055832, 1594743768.6590302, 1594743777.495155, 1594743778.4769285, 1594743779.937422, 1594743781.1407728, 1594743789.7183514, 1594743790.7731571, 1594743792.4467022, 1594743793.4523728, 1594743801.8834596, 1594743802.8767078, 1594743804.2628815, 1594743805.4789162, 1594743813.9791303, 1594743815.084487, 1594743816.3236034, 1594743817.4623477, 1594743826.0964944, 1594743827.2694404, 1594743828.5226395, 1594743829.6762865, 1594743838.299662, 1594743839.3707664, 1594743840.6693816, 1594743841.7665932, 1594743850.496502, 1594743851.5380147, 1594743852.8484898, 1594743854.021202, 1594743862.5029032, 1594743863.5072095, 1594743865.0602312, 1594743866.106967, 1594743874.8047872, 1594743875.9443138, 1594743877.3441708, 1594743878.4362721, 1594743887.0553813, 1594743888.1300976, 1594743889.7168572, 1594743890.82276, 1594743899.5104606, 1594743900.6712482, 1594743901.9897017, 1594743903.141901, 1594743911.757858, 1594743912.9284174, 1594743914.1622365, 1594743915.2573211, 1594743924.2409537, 1594743925.2953718, 1594743926.71926, 1594743927.8460195, 1594743936.606644, 1594743937.6646733, 1594743938.9974325, 1594743940.0305119, 1594743948.7511706, 1594743949.751193, 1594743951.294112, 1594743952.562094, 1594743961.1361892, 1594743962.2654123, 1594743963.6056414, 1594743964.5412416, 1594743973.139642, 1594743974.3483968, 1594743975.5804179, 1594743976.7136056, 1594743985.745238, 1594743986.78858, 1594743988.2142634, 1594743989.2879004, 1594743997.8916104, 1594743999.1427126, 1594744000.4787607, 1594744001.6120765, 1594744010.141314, 1594744011.2976842, 1594744012.9192448, 1594744013.9862928, 1594744022.5773463, 1594744023.7265444, 1594744025.3072329, 1594744026.4093707, 1594744034.8662927, 1594744036.0430565, 1594744037.4888146, 1594744038.6381588, 1594744047.179516, 1594744048.5088446, 1594744049.8026462, 1594744050.9968793, 1594744059.7766306, 1594744061.0031104, 1594744062.2065225, 1594744063.3201892, 1594744072.1897938, 1594744073.329914, 1594744074.4027894, 1594744075.6003811, 1594744084.4827032, 1594744085.569398, 1594744087.0522568, 1594744088.1523619, 1594744096.9969869, 1594744098.1082392, 1594744099.2922964, 1594744100.5032601, 1594744109.133097, 1594744110.1705449, 1594744111.91669, 1594744113.0867555, 1594744121.6365135, 1594744122.7478354, 1594744124.1480513, 1594744125.3490384, 1594744134.03423, 1594744135.131703, 1594744136.488112, 1594744137.6097283, 1594744146.593522, 1594744147.8013024, 1594744149.5560317, 1594744150.6181457, 1594744158.9946961, 1594744160.1419358, 1594744161.5511308, 1594744162.6738036, 1594744171.523764, 1594744172.868529, 1594744174.128152, 1594744175.1263502, 1594744184.0403671, 1594744185.2659652, 1594744186.4743307, 1594744187.689919, 1594744196.3111956, 1594744197.5582907, 1594744198.838351, 1594744199.9664817, 1594744208.5836697, 1594744209.8795075, 1594744211.4446144, 1594744212.695022, 1594744221.2859225, 1594744222.3307612, 1594744223.7544098, 1594744224.774962, 1594744233.620592, 1594744234.6698453, 1594744236.3489037, 1594744237.4370236, 1594744246.2929807, 1594744247.512878, 1594744248.7943835, 1594744250.0063632, 1594744258.6623945, 1594744259.759622, 1594744261.2684946, 1594744262.3067303, 1594744271.0555706, 1594744272.2577853, 1594744273.8372355, 1594744275.0745668, 1594744283.8230155, 1594744285.039396, 1594744286.3644614, 1594744287.4271903, 1594744296.2993376, 1594744297.5868347, 1594744298.940632, 1594744300.0740771, 1594744308.7809584, 1594744309.8916094, 1594744311.3405044, 1594744312.474535, 1594744321.4662037, 1594744322.6239078, 1594744323.959649, 1594744325.014891, 1594744333.7249765, 1594744334.9958572, 1594744336.2601829, 1594744337.408125, 1594744346.1288736, 1594744347.1587737, 1594744348.9234862, 1594744350.0242987, 1594744358.7443998, 1594744359.7609336, 1594744361.1479857, 1594744362.4228654, 1594744371.306636, 1594744372.4039185, 1594744373.8540554, 1594744375.0508828, 1594744383.9468849, 1594744385.265302, 1594744386.5183945, 1594744387.5980394, 1594744396.1822724, 1594744397.2655067, 1594744398.9204664, 1594744400.220879, 1594744409.1126342, 1594744410.310422, 1594744411.7342272, 1594744412.8906116, 1594744421.8034816, 1594744423.0791776, 1594744424.4493618, 1594744425.7250955, 1594744434.2938888, 1594744435.6354318, 1594744437.0255396, 1594744438.0650525, 1594744447.0408914, 1594744448.1036668, 1594744449.4877932, 1594744450.679186, 1594744459.4097772, 1594744460.5532818, 1594744462.0717657, 1594744463.1610992, 1594744471.6638248, 1594744472.720344, 1594744474.31375, 1594744475.5041637, 1594744484.1832561, 1594744485.264372, 1594744486.9095628, 1594744488.0916064, 1594744496.6665413, 1594744497.6930459, 1594744499.2937353, 1594744500.4306, 1594744509.1797884, 1594744510.399386, 1594744512.0258377, 1594744513.1080992, 1594744521.8744144, 1594744523.1246598, 1594744524.4273179, 1594744525.4270718, 1594744534.5042148, 1594744535.739125, 1594744536.925704, 1594744538.1767218, 1594744547.1602476, 1594744548.450074, 1594744549.7189505, 1594744550.9667423, 1594744559.6836133, 1594744560.841181, 1594744562.2436237, 1594744563.445838, 1594744572.3974922, 1594744573.5807803, 1594744575.0910122, 1594744576.3328183, 1594744584.754963, 1594744585.9125674, 1594744587.4811964, 1594744588.7162576, 1594744597.4332933, 1594744598.6363506, 1594744600.0356743, 1594744601.1582544, 1594744609.7767353, 1594744610.920464, 1594744612.5136595, 1594744613.7270694, 1594744622.537973, 1594744623.7006307, 1594744625.0938396, 1594744626.2488453, 1594744634.8348162, 1594744636.0404327, 1594744637.4039931, 1594744638.6747494, 1594744647.580489, 1594744648.759903, 1594744650.0645466, 1594744651.0991807, 1594744659.7877944, 1594744661.0695071, 1594744662.4206526, 1594744663.6725135, 1594744672.7696002, 1594744673.9233437, 1594744675.1539245, 1594744676.0702472, 1594744685.4020286, 1594744686.7018938, 1594744688.1208746, 1594744689.3503518, 1594744697.77009, 1594744698.9429252, 1594744700.4728281, 1594744701.5281837, 1594744710.530886, 1594744711.6652098, 1594744713.1956067, 1594744714.5112414, 1594744723.0443509, 1594744724.203941, 1594744725.8419154, 1594744727.1259105, 1594744735.7181, 1594744737.0172384, 1594744738.2943788, 1594744739.3302891, 1594744748.255397, 1594744749.4539828, 1594744751.0552638, 1594744752.1326985, 1594744761.0859756, 1594744762.1444032, 1594744763.344005, 1594744764.5455632, 1594744773.2509863, 1594744774.439345, 1594744776.0430725, 1594744777.1815627, 1594744786.0183485, 1594744787.2473762, 1594744788.5223737, 1594744789.7147784],