{"initial_reset_timestamp": 1594743562.0575852, "timestamps": [1594743563.0212562, 1594743564.077659, 1594743565.2907877, 1594743566.287416, 1594743575.2803407, 1594743576.3254566, 1594743577.498321, 1594743578.441371, 1594743586.8444939, 1594743587.857187, 1594743588.9632688, 1594743589.9620266, 1594743598.421088, 1594743599.4194684, 1594743600.6539333, 1594743601.7353942, 1594743610.2760723, 1594743611.252164, 1594743612.3356037, 1594743613.3960397, 1594743621.843951, 1594743622.8878808, 1594743624.0293937, 1594743625.0255775, 1594743633.6526148, 1594743634.7410119, 1594743635.7488515, 1594743636.8218534, 1594743645.368014, 1594743646.4891276, 1594743647.7420425, 1594743648.7522368, 1594743657.2735643, 1594743658.2556705, 1594743659.6595917, 1594743660.8540149, 1594743669.202958, 1594743670.2663808, 1594743671.3733196, 1594743672.541976, 1594743681.2981498, 1594743682.4139078, 1594743683.4879048, 1594743684.4550788, 1594743693.1489255, 1594743694.1704738, 1594743695.522176, 1594743696.6337895, 1594743705.11195, 1594743706.2354984, 1594743707.5935013, 1594743708.5396621, 1594743716.9356627, 1594743717.984539, 1594743719.4423013, 1594743720.370797, 1594743729.2759438, 1594743730.1820796, 1594743731.5482938, 1594743732.4643822, 1594743741.1038296, 1594743742.0970488, 1594743743.4522724, 1594743744.6458743, 1594743753.2047284, 1594743754.2301364, 1594743755.7686877, 1594743756.8729875, 1594743765.5207424, 1594743766.5608714, 1594743767.8336978, 1594743769.0579357, 1594743777.585543, 1594743778.6153166, 1594743779.8191195, 1594743780.8911345, 1594743789.8781345, 1594743791.0788033, 1594743792.2923725, 1594743793.317281, 1594743802.067442, 1594743803.167368, 1594743804.3738334, 1594743805.4651294, 1594743813.8704524, 1594743815.0565505, 1594743816.3248851, 1594743817.5222573, 1594743826.203634, 1594743827.356565, 1594743828.7009737, 1594743829.7948308, 1594743838.351743, 1594743839.4593074, 1594743840.6941972, 1594743841.8482478, 1594743850.3883936, 1594743851.4302192, 1594743852.7986324, 1594743853.9844983, 1594743862.4897115, 1594743863.4269714, 1594743865.025787, 1594743866.0583603, 1594743874.8358142, 1594743875.8417819, 1594743877.2935302, 1594743878.3039317, 1594743887.2555666, 1594743888.3288803, 1594743889.6207747, 1594743890.839333, 1594743899.4790816, 1594743900.531407, 1594743901.8975365, 1594743902.9040852, 1594743911.6417844, 1594743912.8460999, 1594743914.2097254, 1594743915.3624117, 1594743924.1222064, 1594743925.2731957, 1594743926.680591, 1594743927.69585, 1594743936.5347571, 1594743937.6232333, 1594743939.0331764, 1594743940.085422, 1594743948.8855772, 1594743949.9834745, 1594743951.340832, 1594743952.5798743, 1594743960.9950333, 1594743962.101199, 1594743963.5923414, 1594743964.7308311, 1594743973.395911, 1594743974.398418, 1594743975.9304373, 1594743977.0987558, 1594743985.7675602, 1594743986.9175053, 1594743988.2019038, 1594743989.3899314, 1594743998.0271661, 1594743999.2686386, 1594744000.2289639, 1594744001.3011527, 1594744010.2139843, 1594744011.3701348, 1594744012.7137716, 1594744013.8896444, 1594744022.7909167, 1594744023.9817038, 1594744024.9535651, 1594744026.0377457, 1594744035.0160992, 1594744036.188174, 1594744037.5946872, 1594744038.6749501, 1594744047.380159, 1594744048.4714103, 1594744050.012971, 1594744051.182415, 1594744059.76279, 1594744060.9847758, 1594744062.3434808, 1594744063.5157814, 1594744072.1890714, 1594744073.3189921, 1594744074.56536, 1594744075.6814966, 1594744084.465821, 1594744085.754858, 1594744086.9316695, 1594744088.1162918, 1594744096.7608182, 1594744097.9115095, 1594744099.4101272, 1594744100.5630019, 1594744109.1249394, 1594744110.3502934, 1594744111.7295547, 1594744112.8839335, 1594744121.6133392, 1594744122.8176522, 1594744124.1257534, 1594744125.1047704, 1594744134.0864608, 1594744135.248751, 1594744136.6536138, 1594744137.598967, 1594744146.837525, 1594744147.8896408, 1594744149.2062023, 1594744150.2941294, 1594744159.2112117, 1594744160.4120383, 1594744161.7373753, 1594744162.970867, 1594744171.552497, 1594744172.632493, 1594744174.0868003, 1594744175.2646377, 1594744183.9466558, 1594744184.9829288, 1594744186.429169, 1594744187.7124956, 1594744196.2924914, 1594744197.5102544, 1594744198.7912636, 1594744199.8330476, 1594744208.7947986, 1594744209.8679278, 1594744211.4210951, 1594744212.5701478, 1594744220.9718668, 1594744222.127566, 1594744223.8836715, 1594744225.151374, 1594744233.7508588, 1594744234.8783278, 1594744236.1412082, 1594744237.2519672, 1594744246.0964992, 1594744247.2358923, 1594744248.9346662, 1594744249.9889953, 1594744258.6468031, 1594744259.7576268, 1594744261.2601376, 1594744262.4397027, 1594744271.212458, 1594744272.223697, 1594744273.9542894, 1594744274.9851167, 1594744283.7857978, 1594744284.8610485, 1594744286.2851245, 1594744287.4536123, 1594744296.0240548, 1594744297.1724916, 1594744298.839159, 1594744300.0254843, 1594744308.7970414, 1594744310.012398, 1594744311.5296097, 1594744312.858682, 1594744321.1903822, 1594744322.3933678, 1594744323.8171656, 1594744324.9608574, 1594744333.7254133, 1594744334.93911, 1594744336.4218152, 1594744337.5764654, 1594744346.184248, 1594744347.359816, 1594744348.918707, 1594744350.2151635, 1594744358.834947, 1594744360.0051653, 1594744361.3552241, 1594744362.5298715, 1594744371.5084157, 1594744372.5780544, 1594744374.0466082, 1594744375.1573548, 1594744383.9200346, 1594744385.0463846, 1594744386.4336116, 1594744387.7213247, 1594744396.296459, 1594744397.584355, 1594744399.2790732, 1594744400.4093087, 1594744408.9981406, 1594744410.2519317, 1594744411.8601627, 1594744413.006793, 1594744421.8127263, 1594744422.886846, 1594744424.4246614, 1594744425.563649, 1594744434.3085372, 1594744435.2334783, 1594744436.9064622, 1594744438.084761, 1594744446.9944167, 1594744448.197683, 1594744449.520157, 1594744450.846616, 1594744459.547105, 1594744460.72906, 1594744462.0802119, 1594744463.103397, 1594744471.8356538, 1594744472.7285693, 1594744474.3081775, 1594744475.601208, 1594744484.3090408, 1594744485.5146282, 1594744486.70734, 1594744488.0098805, 1594744496.5777206, 1594744497.6873305, 1594744499.1463268, 1594744500.3335776, 1594744509.0708098, 1594744510.2439883, 1594744512.0281544, 1594744513.0350013, 1594744521.936447, 1594744523.0997276, 1594744524.5314221, 1594744525.6403003, 1594744534.4987345, 1594744535.6487305, 1594744537.053875, 1594744538.2003353, 1594744547.2865283, 1594744548.4616225, 1594744549.7148788, 1594744550.953829, 1594744559.675343, 1594744560.9594617, 1594744562.498188, 1594744563.6195552, 1594744572.4872303, 1594744573.7574458, 1594744575.1241467, 1594744576.2803943, 1594744585.0195377, 1594744586.2572737, 1594744587.5026379, 1594744588.6052995, 1594744597.4017768, 1594744598.627075, 1594744599.9282427, 1594744601.1648564, 1594744609.971536, 1594744611.0642135, 1594744612.3088796, 1594744613.420986, 1594744622.4771602, 1594744623.5696108, 1594744625.055339, 1594744626.2953482, 1594744634.6652248, 1594744635.909232, 1594744637.392335, 1594744638.5657916, 1594744647.4715135, 1594744648.7120817, 1594744650.0956275, 1594744651.2380743, 1594744660.0285487, 1594744661.3268542, 1594744662.5239303, 1594744663.7796674, 1594744672.5831697, 1594744673.8028605, 1594744675.3297133, 1594744676.56422, 1594744685.3453946, 1594744686.4224317, 1594744688.1014073, 1594744689.2413883, 1594744698.0553892, 1594744699.1486597, 1594744700.4356236, 1594744701.53367, 1594744710.3852472, 1594744711.429703, 1594744713.2949305, 1594744714.4368072, 1594744722.9934604, 1594744724.0931156, 1594744725.77765, 1594744727.0133889, 1594744735.6798651, 1594744736.7683253, 1594744738.200236, 1594744739.4640615, 1594744748.4527981, 1594744749.488292, 1594744751.0493147, 1594744752.201625, 1594744760.85248, 1594744761.9965706, 1594744763.5106397, 1594744764.7089338, 1594744773.4710093, 1594744774.563803, 1594744776.1268396, 1594744777.2662702, 1594744785.8733177, 1594744787.01156, 1594744788.7674673, 1594744789.9611287],