{"initial_reset_timestamp": 1594743562.0575137, "timestamps": [1594743563.139161, 1594743564.0840745, 1594743565.1524863, 1594743566.171582, 1594743575.2790115, 1594743576.243751, 1594743577.3908434, 1594743578.461289, 1594743586.769853, 1594743587.7577546, 1594743588.88502, 1594743589.8157365, 1594743598.3885949, 1594743599.4091504, 1594743600.8212547, 1594743601.821475, 1594743610.2084253, 1594743611.2781944, 1594743612.3695917, 1594743613.4298875, 1594743621.6894476, 1594743622.7376857, 1594743624.0150933, 1594743625.029991, 1594743633.6761744, 1594743634.6155753, 1594743635.809721, 1594743636.7807107, 1594743645.3901992, 1594743646.4433594, 1594743647.6749663, 1594743648.664071, 1594743657.212803, 1594743658.2054029, 1594743659.6278687, 1594743660.652209, 1594743669.2621682, 1594743670.3297856, 1594743671.6546865, 1594743672.6768103, 1594743681.3052473, 1594743682.3056755, 1594743683.3700807, 1594743684.473231, 1594743693.0791728, 1594743694.1013095, 1594743695.613038, 1594743696.660849, 1594743705.1487765, 1594743706.1939614, 1594743707.4962783, 1594743708.5289319, 1594743717.0965042, 1594743718.082478, 1594743719.2563684, 1594743720.3693113, 1594743729.10099, 1594743730.1552262, 1594743731.5000432, 1594743732.503159, 1594743741.125993, 1594743742.2649434, 1594743743.45658, 1594743744.3551757, 1594743753.2016542, 1594743754.441303, 1594743755.7311225, 1594743756.8210173, 1594743765.3656816, 1594743766.4959326, 1594743767.820144, 1594743768.9948747, 1594743777.539177, 1594743778.4563057, 1594743779.925685, 1594743781.0759091, 1594743789.7996292, 1594743790.772306, 1594743792.2519054, 1594743793.343477, 1594743801.9509223, 1594743802.982503, 1594743804.2270927, 1594743805.3526385, 1594743813.8798027, 1594743815.041057, 1594743816.2609818, 1594743817.4511726, 1594743826.2390735, 1594743827.248586, 1594743828.680671, 1594743829.6727116, 1594743838.2605574, 1594743839.2323964, 1594743840.7244568, 1594743841.836401, 1594743850.3642173, 1594743851.5149992, 1594743852.919217, 1594743854.005318, 1594743862.5896041, 1594743863.6924238, 1594743864.871139, 1594743866.089356, 1594743874.9008977, 1594743875.9910388, 1594743877.3487952, 1594743878.2907228, 1594743887.130334, 1594743888.3614368, 1594743889.684064, 1594743890.829158, 1594743899.5234432, 1594743900.5928779, 1594743901.9824176, 1594743903.007767, 1594743911.714751, 1594743912.8797624, 1594743914.125646, 1594743915.221313, 1594743924.19727, 1594743925.3498828, 1594743926.5681918, 1594743927.6696744, 1594743936.5029, 1594743937.5821428, 1594743938.7696223, 1594743939.8124828, 1594743948.5778964, 1594743949.930131, 1594743951.320234, 1594743952.5139735, 1594743961.0132163, 1594743962.1140966, 1594743963.6375952, 1594743964.787093, 1594743973.2035453, 1594743974.3429945, 1594743975.6935706, 1594743976.8745623, 1594743985.6895418, 1594743986.7834377, 1594743988.0174937, 1594743989.086398, 1594743997.92141, 1594743999.064065, 1594744000.3920002, 1594744001.59437, 1594744010.3148966, 1594744011.3788319, 1594744012.814919, 1594744014.038459, 1594744022.706471, 1594744023.7219846, 1594744025.104724, 1594744026.4163928, 1594744034.8642719, 1594744036.176174, 1594744037.518312, 1594744038.6390028, 1594744047.3671498, 1594744048.4028134, 1594744049.9717324, 1594744051.1490796, 1594744059.9113195, 1594744061.046127, 1594744062.184288, 1594744063.3061185, 1594744072.019913, 1594744073.2027617, 1594744074.6586256, 1594744075.7384942, 1594744084.3046236, 1594744085.5719335, 1594744087.0335534, 1594744088.1836119, 1594744096.8136823, 1594744098.0524948, 1594744099.3536615, 1594744100.3445501, 1594744109.1443138, 1594744110.1261516, 1594744111.8448162, 1594744113.0086575, 1594744121.6254869, 1594744122.6357646, 1594744124.1537926, 1594744125.3353767, 1594744134.0971391, 1594744135.2255433, 1594744136.660508, 1594744137.7499225, 1594744146.5691748, 1594744147.6161623, 1594744149.2072392, 1594744150.363402, 1594744159.329227, 1594744160.4378874, 1594744161.679022, 1594744162.892905, 1594744171.5509427, 1594744172.6698916, 1594744174.140269, 1594744175.3292553, 1594744183.9379075, 1594744185.034675, 1594744186.4741569, 1594744187.664017, 1594744196.4332895, 1594744197.527767, 1594744198.7578511, 1594744200.0635781, 1594744208.6970465, 1594744209.885626, 1594744211.4019682, 1594744212.6308646, 1594744221.312344, 1594744222.4818606, 1594744223.8365674, 1594744224.9937146, 1594744233.7106822, 1594744234.807369, 1594744236.1108093, 1594744237.1750102, 1594744246.018742, 1594744247.2900212, 1594744248.7430725, 1594744249.889875, 1594744258.8023334, 1594744259.8702755, 1594744261.217127, 1594744262.3210404, 1594744271.0899985, 1594744272.3008373, 1594744273.643825, 1594744274.8780313, 1594744283.8639019, 1594744285.0344965, 1594744286.3252668, 1594744287.3081412, 1594744296.252887, 1594744297.3543432, 1594744298.8054864, 1594744299.9708192, 1594744308.8557804, 1594744310.1160803, 1594744311.6910627, 1594744312.772287, 1594744321.5115304, 1594744322.622304, 1594744324.0521703, 1594744325.1921113, 1594744333.9019196, 1594744335.0194893, 1594744336.3088212, 1594744337.5519354, 1594744346.1679554, 1594744347.432826, 1594744348.9684885, 1594744350.1066942, 1594744358.8369238, 1594744359.9403923, 1594744361.518244, 1594744362.479506, 1594744371.3057966, 1594744372.409648, 1594744373.9127417, 1594744375.0553935, 1594744383.9352965, 1594744385.1630547, 1594744386.5281427, 1594744387.6846657, 1594744396.401002, 1594744397.6723077, 1594744399.1655538, 1594744400.328639, 1594744409.1303189, 1594744410.2040462, 1594744411.9225225, 1594744413.1411774, 1594744421.7186718, 1594744422.887881, 1594744424.5344024, 1594744425.7969882, 1594744434.3355012, 1594744435.4583478, 1594744436.9527352, 1594744438.1788902, 1594744446.8933337, 1594744447.9570248, 1594744449.6363554, 1594744450.8530333, 1594744459.505407, 1594744460.7073069, 1594744461.8016107, 1594744463.0393672, 1594744471.7017999, 1594744472.8688269, 1594744474.2801454, 1594744475.505814, 1594744484.236352, 1594744485.3125548, 1594744486.618824, 1594744487.6711175, 1594744496.6724179, 1594744497.8658054, 1594744499.1599662, 1594744500.3762307, 1594744509.025312, 1594744510.1186898, 1594744511.9515226, 1594744513.1689236, 1594744522.1757758, 1594744523.3086774, 1594744524.5427976, 1594744525.78059, 1594744534.6260786, 1594744535.7246513, 1594744536.9018683, 1594744538.2908542, 1594744546.938748, 1594744548.1839354, 1594744549.6201613, 1594744550.7832031, 1594744559.8113985, 1594744561.080789, 1594744562.523961, 1594744563.6892977, 1594744572.423983, 1594744573.5817819, 1594744575.1964943, 1594744576.2937539, 1594744584.9847777, 1594744586.2113917, 1594744587.428903, 1594744588.5916924, 1594744597.5024462, 1594744598.5945191, 1594744599.8436463, 1594744601.2151077, 1594744609.7292168, 1594744610.9279726, 1594744612.540904, 1594744613.7943478, 1594744622.309543, 1594744623.5346317, 1594744624.9287496, 1594744626.058273, 1594744634.973551, 1594744636.113873, 1594744637.2379825, 1594744638.3993497, 1594744647.6218932, 1594744648.808985, 1594744650.0976417, 1594744651.2248871, 1594744659.9400277, 1594744661.1170871, 1594744662.7194295, 1594744663.8355238, 1594744672.5719707, 1594744673.8472397, 1594744675.3054526, 1594744676.3507442, 1594744685.2737064, 1594744686.4570143, 1594744687.9812315, 1594744689.2240245, 1594744697.9790156, 1594744699.2573767, 1594744700.4995987, 1594744701.7379131, 1594744710.4400625, 1594744711.585436, 1594744713.3688486, 1594744714.5035384, 1594744722.970846, 1594744724.2708828, 1594744725.7434828, 1594744726.959083, 1594744735.900474, 1594744737.0578592, 1594744738.3315284, 1594744739.4916258, 1594744748.4134645, 1594744749.5553985, 1594744750.8638391, 1594744752.0598366, 1594744760.8540967, 1594744761.9550023, 1594744763.5265555, 1594744764.7278886, 1594744773.5281456, 1594744774.6308303, 1594744776.0412772, 1594744777.2630687, 1594744785.9980922, 1594744787.3506885, 1594744788.5732884, 1594744789.909134],