{"initial_reset_timestamp": 1594743562.0585725, "timestamps": [1594743563.111014, 1594743564.0349612, 1594743565.2146575, 1594743566.1618955, 1594743575.3414795, 1594743576.306011, 1594743577.337389, 1594743578.3195713, 1594743586.861456, 1594743587.822997, 1594743588.9391434, 1594743589.952469, 1594743598.4106095, 1594743599.4612586, 1594743600.747404, 1594743601.7286074, 1594743610.123195, 1594743611.1732354, 1594743612.3822103, 1594743613.4171813, 1594743621.936989, 1594743622.9082975, 1594743623.967201, 1594743624.9838748, 1594743633.6350474, 1594743634.688802, 1594743635.8282137, 1594743636.8482025, 1594743645.3031693, 1594743646.3852549, 1594743647.5431843, 1594743648.451533, 1594743657.2854176, 1594743658.2178767, 1594743659.7813456, 1594743660.8168862, 1594743669.1781573, 1594743670.2661145, 1594743671.5458608, 1594743672.6013782, 1594743681.294443, 1594743682.307625, 1594743683.6113737, 1594743684.706439, 1594743693.1814978, 1594743694.1953037, 1594743695.7027333, 1594743696.7113018, 1594743705.095076, 1594743706.0331676, 1594743707.6097875, 1594743708.6204169, 1594743717.0064006, 1594743718.0896044, 1594743719.4046018, 1594743720.4639175, 1594743729.10972, 1594743730.2688365, 1594743731.5180542, 1594743732.608681, 1594743741.3503444, 1594743742.4062634, 1594743743.5297537, 1594743744.6311772, 1594743753.3639913, 1594743754.4227831, 1594743755.7058454, 1594743756.8244753, 1594743765.4420815, 1594743766.5428908, 1594743767.8114214, 1594743768.878533, 1594743777.6690402, 1594743778.706248, 1594743779.885955, 1594743780.9563541, 1594743789.8705287, 1594743790.9412243, 1594743792.1635249, 1594743793.3399093, 1594743802.018346, 1594743803.1798651, 1594743804.2122092, 1594743805.39756, 1594743814.0540862, 1594743815.0147436, 1594743816.143732, 1594743817.214263, 1594743826.2347941, 1594743827.21801, 1594743828.7544136, 1594743829.8648725, 1594743838.4358218, 1594743839.474258, 1594743840.6897888, 1594743841.8010583, 1594743850.344433, 1594743851.4009545, 1594743852.8547015, 1594743853.9385672, 1594743862.6628134, 1594743863.7017267, 1594743864.8169014, 1594743866.1230667, 1594743874.8850672, 1594743875.9606392, 1594743877.0692403, 1594743878.1783059, 1594743887.2222936, 1594743888.3936112, 1594743889.5695715, 1594743890.812618, 1594743899.5580332, 1594743900.6367416, 1594743901.8195705, 1594743903.0421567, 1594743911.617204, 1594743912.753844, 1594743914.2702475, 1594743915.3558805, 1594743924.200035, 1594743925.3320534, 1594743926.7639272, 1594743927.8500094, 1594743936.3149753, 1594743937.5133853, 1594743938.9389846, 1594743940.000806, 1594743948.7670498, 1594743949.9784763, 1594743951.4414992, 1594743952.4500308, 1594743960.9437633, 1594743962.0978005, 1594743963.5625017, 1594743964.705107, 1594743973.3214915, 1594743974.475088, 1594743975.7219777, 1594743976.9242568, 1594743985.6827366, 1594743986.9095871, 1594743988.2104783, 1594743989.4182234, 1594743997.849471, 1594743998.9244087, 1594744000.494413, 1594744001.7545192, 1594744010.3086479, 1594744011.4057822, 1594744012.876338, 1594744014.0839562, 1594744022.6038368, 1594744023.748012, 1594744025.1724608, 1594744026.3092682, 1594744035.0362854, 1594744035.9251955, 1594744037.4487026, 1594744038.4630144, 1594744047.3120131, 1594744048.583747, 1594744050.1394048, 1594744051.1794724, 1594744059.785155, 1594744060.934468, 1594744062.3553429, 1594744063.437179, 1594744072.1759853, 1594744073.3894105, 1594744074.6606321, 1594744075.6426654, 1594744084.6568422, 1594744085.7265522, 1594744086.9937615, 1594744088.1664784, 1594744097.0167148, 1594744098.0832367, 1594744099.40864, 1594744100.5707672, 1594744109.0702276, 1594744110.3084807, 1594744111.660279, 1594744112.706362, 1594744121.6284928, 1594744122.8372347, 1594744124.1454852, 1594744125.3536754, 1594744134.0964074, 1594744135.2719672, 1594744136.7232656, 1594744137.8022523, 1594744146.6104195, 1594744147.917935, 1594744149.4151454, 1594744150.5390584, 1594744159.1253154, 1594744160.300757, 1594744161.766128, 1594744162.7924206, 1594744171.5262544, 1594744172.7421315, 1594744174.0017736, 1594744175.0781534, 1594744183.9289136, 1594744185.0349507, 1594744186.417523, 1594744187.5948782, 1594744196.2108212, 1594744197.396949, 1594744198.88576, 1594744200.028752, 1594744208.6906898, 1594744209.7313964, 1594744211.3015797, 1594744212.412516, 1594744221.346536, 1594744222.451602, 1594744223.8798614, 1594744225.157206, 1594744233.7767143, 1594744234.9405854, 1594744236.3100917, 1594744237.4655786, 1594744246.0997674, 1594744247.2765756, 1594744248.928714, 1594744250.1324775, 1594744258.700929, 1594744259.9464183, 1594744261.3268003, 1594744262.4987102, 1594744271.4151924, 1594744272.5628507, 1594744273.789509, 1594744274.9477038, 1594744283.8386173, 1594744285.051567, 1594744286.3509, 1594744287.4313943, 1594744296.0665143, 1594744297.382461, 1594744298.9560971, 1594744300.1951923, 1594744308.77278, 1594744309.9781036, 1594744311.5061457, 1594744312.5846868, 1594744321.3464594, 1594744322.6036737, 1594744324.0354192, 1594744325.2158089, 1594744333.7359612, 1594744334.966786, 1594744336.561285, 1594744337.6817853, 1594744346.3090608, 1594744347.504835, 1594744348.722185, 1594744349.878391, 1594744358.7220104, 1594744360.044559, 1594744361.4053125, 1594744362.5881248, 1594744371.2326043, 1594744372.4258459, 1594744373.913347, 1594744375.0974004, 1594744383.9441435, 1594744385.1083713, 1594744386.5261261, 1594744387.758862, 1594744396.294408, 1594744397.5675812, 1594744399.1332507, 1594744400.370758, 1594744409.142631, 1594744410.3070052, 1594744411.5904634, 1594744412.6554883, 1594744421.9854517, 1594744423.162417, 1594744424.2098978, 1594744425.4505465, 1594744434.5386696, 1594744435.6539688, 1594744436.8555007, 1594744437.952906, 1594744446.8584034, 1594744448.1886075, 1594744449.5315578, 1594744450.7977824, 1594744459.432831, 1594744460.5769682, 1594744461.9000025, 1594744462.920122, 1594744471.6917958, 1594744472.8996847, 1594744474.4836113, 1594744475.5690277, 1594744484.0637705, 1594744485.200664, 1594744486.9348383, 1594744487.9413226, 1594744496.735624, 1594744497.9724064, 1594744499.333201, 1594744500.5321865, 1594744509.236085, 1594744510.2216256, 1594744512.1066873, 1594744513.1766949, 1594744521.934398, 1594744523.0656402, 1594744524.4713602, 1594744525.6572268, 1594744534.4044187, 1594744535.5834553, 1594744536.961476, 1594744538.2003345, 1594744547.1476657, 1594744548.4203115, 1594744549.8975444, 1594744551.0162988, 1594744559.6467605, 1594744560.8761888, 1594744562.6370819, 1594744563.7889998, 1594744572.294149, 1594744573.5960078, 1594744574.850041, 1594744575.9896138, 1594744584.8524296, 1594744586.045443, 1594744587.5245945, 1594744588.6834266, 1594744597.4195142, 1594744598.4315023, 1594744600.0201035, 1594744601.2177958, 1594744609.8124747, 1594744611.0861802, 1594744612.4478407, 1594744613.7624466, 1594744622.2196424, 1594744623.3085523, 1594744624.8376184, 1594744626.061343, 1594744634.894297, 1594744636.0354345, 1594744637.4378808, 1594744638.628774, 1594744647.4692829, 1594744648.7323043, 1594744650.1144304, 1594744651.2666204, 1594744659.9115024, 1594744661.0394554, 1594744662.6182199, 1594744663.8985162, 1594744672.5226207, 1594744673.849618, 1594744675.2291214, 1594744676.495679, 1594744685.3684094, 1594744686.6211817, 1594744688.0073373, 1594744689.1970844, 1594744698.0737584, 1594744699.2227113, 1594744700.4647787, 1594744701.6505084, 1594744710.3671198, 1594744711.6726081, 1594744713.22483, 1594744714.5109599, 1594744722.9179714, 1594744724.1255174, 1594744725.835635, 1594744727.1520255, 1594744735.6922078, 1594744737.009006, 1594744738.389812, 1594744739.5791965, 1594744748.27655, 1594744749.491631, 1594744750.9829261, 1594744752.2906027, 1594744760.7419415, 1594744761.8720117, 1594744763.343067, 1594744764.6006064, 1594744773.4717884, 1594744774.48914, 1594744776.1046813, 1594744777.1462343, 1594744785.9888167, 1594744787.1414337, 1594744788.737444, 1594744790.0204365],