{"initial_reset_timestamp": 1594743562.0573318, "timestamps": [1594743563.0501356, 1594743564.0163271, 1594743565.1683378, 1594743566.1063938, 1594743575.3226757, 1594743576.2845244, 1594743577.3027828, 1594743578.2867694, 1594743586.887213, 1594743587.819811, 1594743588.9980237, 1594743589.997307, 1594743598.381044, 1594743599.3412693, 1594743600.6132224, 1594743601.6213615, 1594743610.2212, 1594743611.0450068, 1594743612.332425, 1594743613.31303, 1594743621.7913315, 1594743622.7760885, 1594743623.885206, 1594743624.944333, 1594743633.7101107, 1594743634.723053, 1594743636.0324905, 1594743637.0043228, 1594743645.4674742, 1594743646.4988863, 1594743647.6326327, 1594743648.6366124, 1594743657.0773203, 1594743658.1402404, 1594743659.7068455, 1594743660.741559, 1594743669.4212651, 1594743670.4237583, 1594743671.6999862, 1594743672.832266, 1594743681.2804213, 1594743682.3745494, 1594743683.5964332, 1594743684.3973374, 1594743693.153857, 1594743694.2443457, 1594743695.5379455, 1594743696.642457, 1594743705.1389456, 1594743706.2195673, 1594743707.4787111, 1594743708.5754192, 1594743717.0077848, 1594743718.0430644, 1594743719.3564546, 1594743720.404413, 1594743729.0625155, 1594743729.9951413, 1594743731.519832, 1594743732.6053512, 1594743741.2708275, 1594743742.3138638, 1594743743.6975448, 1594743744.7024002, 1594743753.2681565, 1594743754.3165042, 1594743755.7687109, 1594743756.7927794, 1594743765.2812417, 1594743766.3464627, 1594743767.8454263, 1594743769.0143247, 1594743777.46471, 1594743778.6387758, 1594743779.9839787, 1594743781.208552, 1594743789.7761064, 1594743790.8014717, 1594743792.3357143, 1594743793.457562, 1594743802.0173178, 1594743803.125234, 1594743804.4281342, 1594743805.453221, 1594743813.9804165, 1594743815.0828207, 1594743816.3473847, 1594743817.3918474, 1594743826.100402, 1594743827.1260781, 1594743828.7238646, 1594743829.8336875, 1594743838.2146826, 1594743839.289785, 1594743840.6077845, 1594743841.6748853, 1594743850.3958914, 1594743851.4910376, 1594743852.9294631, 1594743854.048257, 1594743862.5102553, 1594743863.565153, 1594743865.0206163, 1594743866.024801, 1594743874.677973, 1594743875.779508, 1594743877.3969212, 1594743878.4770734, 1594743887.392394, 1594743888.3238919, 1594743889.7692509, 1594743890.8713129, 1594743899.4457695, 1594743900.5140905, 1594743901.9913793, 1594743903.1336448, 1594743911.728499, 1594743912.8592014, 1594743914.203843, 1594743915.314687, 1594743924.21211, 1594743925.409649, 1594743926.701035, 1594743927.8083284, 1594743936.557414, 1594743937.698285, 1594743939.0944276, 1594743940.2242148, 1594743948.869091, 1594743949.9106894, 1594743951.3222308, 1594743952.4650419, 1594743961.065645, 1594743962.226055, 1594743963.4006138, 1594743964.4345858, 1594743973.1515176, 1594743974.3793483, 1594743975.6181457, 1594743976.8469777, 1594743985.8885305, 1594743986.9407494, 1594743988.2773547, 1594743989.3851407, 1594743997.946052, 1594743999.1338165, 1594744000.582254, 1594744001.659995, 1594744010.3906639, 1594744011.461224, 1594744012.794038, 1594744013.9141936, 1594744022.7409875, 1594744023.8838913, 1594744025.238355, 1594744026.4452658, 1594744034.9762833, 1594744036.084598, 1594744037.5329537, 1594744038.7415254, 1594744047.4064584, 1594744048.4891431, 1594744050.055834, 1594744051.1401396, 1594744059.588061, 1594744060.829097, 1594744062.2611256, 1594744063.443926, 1594744072.0625353, 1594744073.3380527, 1594744074.6756964, 1594744075.8678641, 1594744084.5691493, 1594744085.7858906, 1594744087.1122298, 1594744088.361553, 1594744096.764081, 1594744097.7893646, 1594744099.4070415, 1594744100.5833223, 1594744109.197075, 1594744110.2686496, 1594744111.670969, 1594744112.9514139, 1594744121.7332985, 1594744122.8864725, 1594744123.9276948, 1594744125.1025996, 1594744133.9993894, 1594744135.0300355, 1594744136.7834127, 1594744137.9554403, 1594744146.7539153, 1594744147.9147043, 1594744149.3637168, 1594744150.5277264, 1594744159.009359, 1594744160.2508273, 1594744161.6354241, 1594744162.86123, 1594744171.272972, 1594744172.3851745, 1594744174.1287296, 1594744175.3792555, 1594744183.951277, 1594744185.084124, 1594744186.5058606, 1594744187.7212026, 1594744196.3466825, 1594744197.5018167, 1594744198.9713428, 1594744200.0447092, 1594744208.8463027, 1594744209.9632015, 1594744211.2816205, 1594744212.5565493, 1594744221.2041087, 1594744222.3314843, 1594744223.6358778, 1594744224.778456, 1594744233.743903, 1594744234.9380856, 1594744236.1995041, 1594744237.283064, 1594744246.3013706, 1594744247.4287307, 1594744248.7101972, 1594744249.878009, 1594744258.9164078, 1594744260.0580852, 1594744261.4018588, 1594744262.5773807, 1594744271.0970898, 1594744272.3034053, 1594744273.7605515, 1594744274.9137635, 1594744283.9003756, 1594744285.0003235, 1594744286.3255682, 1594744287.6108315, 1594744296.113687, 1594744297.2890987, 1594744298.9444063, 1594744299.956415, 1594744308.7615132, 1594744310.005141, 1594744311.4875896, 1594744312.7251046, 1594744321.3831103, 1594744322.6458704, 1594744324.0205102, 1594744325.1306353, 1594744333.9153125, 1594744335.0405319, 1594744336.3015015, 1594744337.442727, 1594744346.3348188, 1594744347.552439, 1594744348.8832064, 1594744349.9737794, 1594744358.8998764, 1594744360.0755901, 1594744361.338339, 1594744362.6408389, 1594744371.3035395, 1594744372.629854, 1594744373.9141655, 1594744375.0632215, 1594744383.7266963, 1594744384.84652, 1594744386.7027316, 1594744387.7456682, 1594744396.4174385, 1594744397.6365163, 1594744399.04602, 1594744400.1622467, 1594744408.99967, 1594744410.1953304, 1594744411.9786286, 1594744413.0281134, 1594744421.762367, 1594744422.8972757, 1594744424.4906678, 1594744425.4612825, 1594744434.4192464, 1594744435.6753528, 1594744436.9652748, 1594744438.1596415, 1594744446.948756, 1594744448.1242762, 1594744449.5671477, 1594744450.8149602, 1594744459.3207343, 1594744460.4240804, 1594744462.0361068, 1594744463.2346754, 1594744471.7907796, 1594744472.974596, 1594744474.4201896, 1594744475.6017256, 1594744484.5102348, 1594744485.4845862, 1594744486.828607, 1594744487.996504, 1594744496.7167778, 1594744497.9085999, 1594744498.9562292, 1594744500.1181586, 1594744509.20472, 1594744510.406094, 1594744511.8717935, 1594744512.9105523, 1594744521.914902, 1594744523.022024, 1594744524.5676281, 1594744525.7308946, 1594744534.4688792, 1594744535.5953372, 1594744537.048011, 1594744538.3561907, 1594744547.0284667, 1594744548.195031, 1594744549.655606, 1594744550.868519, 1594744559.6161573, 1594744560.890974, 1594744562.4842703, 1594744563.5623326, 1594744572.3485465, 1594744573.552532, 1594744575.093742, 1594744576.2083566, 1594744584.9569921, 1594744586.105017, 1594744587.5119607, 1594744588.6895018, 1594744597.3636258, 1594744598.4684587, 1594744599.9626896, 1594744601.1974041, 1594744609.8233883, 1594744611.017055, 1594744612.5387506, 1594744613.646063, 1594744622.4521399, 1594744623.6944702, 1594744624.8610206, 1594744625.9567242, 1594744634.8368018, 1594744636.1108506, 1594744637.5590103, 1594744638.7797766, 1594744647.636714, 1594744648.8142855, 1594744650.1249952, 1594744651.2320106, 1594744659.9133995, 1594744661.2433667, 1594744662.7051246, 1594744663.9676912, 1594744672.6123157, 1594744673.7743871, 1594744675.373551, 1594744676.5554388, 1594744685.29626, 1594744686.5960412, 1594744688.0683146, 1594744689.284265, 1594744697.8106472, 1594744699.1072123, 1594744700.6935518, 1594744701.7891052, 1594744710.4341722, 1594744711.8518062, 1594744713.2529242, 1594744714.4037132, 1594744723.1012516, 1594744724.3383656, 1594744725.8354547, 1594744727.061105, 1594744735.781757, 1594744736.9650898, 1594744738.4046686, 1594744739.5940344, 1594744748.3379354, 1594744749.5420387, 1594744751.10175, 1594744752.0877435, 1594744760.9292028, 1594744762.1466215, 1594744763.3440006, 1594744764.4391315, 1594744773.2035587, 1594744774.5026143, 1594744776.2472208, 1594744777.3876615, 1594744786.0887918, 1594744787.384172, 1594744788.5562067, 1594744789.754786],